Unnamed: 0,D1,D2,responses
8,7,8,True
11,8,9,True
13,6,9,True
14,5,9,True
17,9,10,True
18,8,10,True
26,8,11,True
43,10,13,True
47,6,13,True
51,11,14,True
53,9,14,True
56,6,14,True
57,5,14,True
124,18,20,True
125,17,20,True
126,16,20,True
127,15,20,True
160,17,22,True
161,16,22,True
162,15,22,True
184,22,24,True
230,19,26,True
231,18,26,True
270,22,28,True
271,21,28,True
295,22,29,True
296,21,29,True
369,29,32,True
370,28,32,True
372,26,32,True
380,18,32,True
381,17,32,True
382,16,32,True
383,15,32,True
397,29,33,True
407,19,33,True
498,20,36,True
501,17,36,True
548,34,38,True
564,18,38,True
565,17,38,True
567,15,38,True
577,38,39,True
579,36,39,True
586,29,39,True
596,19,39,True
632,19,40,True
633,18,40,True
648,40,41,True
650,38,41,True
652,36,41,True
686,40,42,True
707,19,42,True
723,42,43,True
724,41,43,True
726,39,43,True
731,34,43,True
743,22,43,True
750,15,43,True
768,35,44,True
808,35,45,True
842,42,46,True
844,40,46,True
863,21,46,True
880,40,47,True
884,36,47,True
918,46,48,True
921,43,48,True
924,40,48,True
926,38,48,True
928,36,48,True
936,28,48,True
939,25,48,True
940,24,48,True
945,19,48,True
948,16,48,True
968,41,49,True
973,36,49,True
994,15,49,True
1004,49,50,True
1010,43,50,True
1013,40,50,True
1015,38,50,True
1017,36,50,True
1034,19,50,True
1074,26,51,True
1083,17,51,True
1085,15,51,True
1209,53,55,True
1210,52,55,True
1250,53,56,True
1251,52,56,True
1499,52,62,True
1555,23,63,True
1602,63,65,True
1654,63,66,True
1705,63,67,True
1765,67,69,True
1912,74,76,True
1950,76,77,True
1951,75,77,True
1982,77,78,True
1983,76,78,True
1984,75,78,True
1985,74,78,True
2017,81,82,True
2027,83,84,True
2046,84,86,True
2047,83,86,True
2079,86,89,True
2082,83,89,True
2088,89,90,True
2091,86,90,True
2093,84,90,True
2094,83,90,True
2108,86,91,True
2110,84,91,True
2111,83,91,True
2155,94,98,True
2167,98,100,True
2172,93,100,True
2180,93,101,True
2182,100,102,True
2183,98,102,True
2187,94,102,True
2205,98,104,True
2209,94,104,True
2210,93,104,True
2214,104,105,True
2215,103,105,True
2224,94,105,True
2225,93,105,True
2243,104,107,True
2253,94,107,True
2254,93,107,True
2258,104,108,True
2274,104,109,True
2279,98,109,True
2283,94,109,True
2284,93,109,True
2292,104,110,True
2304,109,111,True
2355,93,113,True
2356,113,114,True
2376,114,115,True
2380,110,115,True
2381,109,115,True
2385,105,115,True
2386,104,115,True
2390,100,115,True
2391,98,115,True
2395,94,115,True
2396,93,115,True
2400,115,116,True
2403,109,116,True
2412,100,116,True
2414,98,116,True
2419,93,116,True
2423,113,117,True
2447,114,118,True
2448,113,118,True
2472,114,119,True
2493,119,120,True
2494,118,120,True
2498,114,120,True
2526,113,121,True
2574,121,123,True
2581,114,123,True
2582,113,123,True
2602,123,124,True
2603,122,124,True
2604,121,124,True
2606,119,124,True
2607,118,124,True
2608,117,124,True
2611,114,124,True
2632,123,125,True
2633,122,125,True
2634,121,125,True
2637,118,125,True
2638,117,125,True
2642,113,125,True
2693,126,127,True
2696,123,127,True
2698,121,127,True
2701,118,127,True
2702,117,127,True
2706,113,127,True
2731,116,128,True
2732,115,128,True
2735,110,128,True
2736,109,128,True
2741,104,128,True
2745,100,128,True
2746,98,128,True
2768,130,133,True
2770,133,134,True
2773,130,134,True
2786,130,136,True
2805,138,139,True
2827,139,141,True
2828,138,141,True
2839,140,142,True
2842,137,142,True
2851,142,143,True
2853,140,143,True
2856,137,143,True
2865,143,144,True
2866,142,144,True
2868,140,144,True
2869,139,144,True
2871,137,144,True
2880,144,145,True
2881,143,145,True
2882,142,145,True
2884,140,145,True
2885,139,145,True
2886,138,145,True
2887,137,145,True
2896,145,146,True
2897,144,146,True
2898,143,146,True
2899,142,146,True
2901,140,146,True
2904,137,146,True
2931,147,148,True
2932,146,148,True
2933,145,148,True
2934,144,148,True
2935,143,148,True
2936,142,148,True
2937,141,148,True
2938,140,148,True
2939,139,148,True
2940,138,148,True
2941,137,148,True
2950,148,149,True
2951,147,149,True
2952,146,149,True
2953,145,149,True
2954,144,149,True
2955,143,149,True
2956,142,149,True
2958,140,149,True
2959,139,149,True
2961,137,149,True
2963,135,149,True
2966,132,149,True
2967,131,149,True
2970,149,150,True
2971,148,150,True
2972,147,150,True
2973,146,150,True
2974,145,150,True
2975,144,150,True
2976,143,150,True
2977,142,150,True
2979,140,150,True
2982,137,150,True
2988,131,150,True
2989,130,150,True
2990,129,150,True
2992,149,151,True
2993,148,151,True
2996,145,151,True
3000,141,151,True
3003,138,151,True
3014,150,152,True
3015,149,152,True
3016,148,152,True
3017,147,152,True
3018,146,152,True
3019,145,152,True
3020,144,152,True
3021,143,152,True
3023,141,152,True
3024,140,152,True
3027,137,152,True
3028,136,152,True
3037,151,153,True
3038,150,153,True
3039,149,153,True
3040,148,153,True
3043,145,153,True
3044,144,153,True
3049,139,153,True
3050,138,153,True
3060,153,154,True
3061,152,154,True
3063,150,154,True
3064,149,154,True
3065,148,154,True
3066,147,154,True
3067,146,154,True
3068,145,154,True
3069,144,154,True
3071,142,154,True
3073,140,154,True
3074,139,154,True
3075,138,154,True
3085,154,155,True
3086,153,155,True
3087,152,155,True
3089,150,155,True
3090,149,155,True
3091,148,155,True
3093,146,155,True
3094,145,155,True
3095,144,155,True
3096,143,155,True
3097,142,155,True
3099,140,155,True
3100,139,155,True
3102,137,155,True
3103,136,155,True
3112,154,156,True
3113,153,156,True
3115,151,156,True
3116,150,156,True
3117,149,156,True
3118,148,156,True
3121,145,156,True
3127,139,156,True
3128,138,156,True
3139,155,157,True
3144,150,157,True
3149,145,157,True
3150,144,157,True
3152,142,157,True
3160,134,157,True
3166,157,158,True
3168,155,158,True
3169,154,158,True
3170,153,158,True
3171,152,158,True
3173,150,158,True
3174,149,158,True
3175,148,158,True
3176,147,158,True
3177,146,158,True
3178,145,158,True
3179,144,158,True
3180,143,158,True
3181,142,158,True
3186,137,158,True
3195,158,159,True
3196,157,159,True
3198,155,159,True
3199,154,159,True
3201,152,159,True
3203,150,159,True
3204,149,159,True
3205,148,159,True
3206,147,159,True
3207,146,159,True
3208,145,159,True
3209,144,159,True
3210,143,159,True
3211,142,159,True
3213,140,159,True
3216,137,159,True
3225,159,160,True
3226,158,160,True
3227,157,160,True
3229,155,160,True
3230,154,160,True
3231,153,160,True
3232,152,160,True
3234,150,160,True
3235,149,160,True
3236,148,160,True
3237,147,160,True
3238,146,160,True
3239,145,160,True
3240,144,160,True
3241,143,160,True
3242,142,160,True
3247,137,160,True
3260,156,161,True
3261,155,161,True
3262,154,161,True
3263,153,161,True
3265,151,161,True
3267,149,161,True
3271,145,161,True
3275,141,161,True
3277,139,161,True
3278,138,161,True
3293,156,162,True
3294,155,162,True
3295,154,162,True
3296,153,162,True
3300,149,162,True
3301,148,162,True
3304,145,162,True
3307,142,162,True
3308,141,162,True
3310,139,162,True
3321,162,163,True
3322,161,163,True
3328,155,163,True
3329,154,163,True
3332,151,163,True
3333,150,163,True
3334,149,163,True
3335,148,163,True
3344,139,163,True
3345,138,163,True
3355,163,164,True
3356,162,164,True
3357,161,164,True
3362,156,164,True
3364,154,164,True
3365,153,164,True
3367,151,164,True
3369,149,164,True
3370,148,164,True
3373,145,164,True
3374,144,164,True
3390,164,165,True
3391,163,165,True
3392,162,165,True
3393,161,165,True
3400,154,165,True
3401,153,165,True
3403,151,165,True
3405,149,165,True
3406,148,165,True
3407,147,165,True
3415,139,165,True
3416,138,165,True
3426,165,166,True
3427,164,166,True
3429,162,166,True
3430,161,166,True
3431,160,166,True
3432,159,166,True
3433,158,166,True
3434,157,166,True
3435,156,166,True
3436,155,166,True
3438,153,166,True
3439,152,166,True
3440,151,166,True
3441,150,166,True
3442,149,166,True
3443,148,166,True
3444,147,166,True
3446,145,166,True
3447,144,166,True
3448,143,166,True
3449,142,166,True
3450,141,166,True
3451,140,166,True
3452,139,166,True
3454,137,166,True
3463,166,167,True
3464,165,167,True
3466,163,167,True
3469,160,167,True
3470,159,167,True
3471,158,167,True
3472,157,167,True
3474,155,167,True
3475,154,167,True
3476,153,167,True
3477,152,167,True
3479,150,167,True
3480,149,167,True
3481,148,167,True
3482,147,167,True
3483,146,167,True
3484,145,167,True
3485,144,167,True
3486,143,167,True
3487,142,167,True
3492,137,167,True
3503,165,168,True
3504,164,168,True
3505,163,168,True
3506,162,168,True
3512,156,168,True
3514,154,168,True
3515,153,168,True
3517,151,168,True
3519,149,168,True
3520,148,168,True
3523,145,168,True
3529,139,168,True
3530,138,168,True
3553,155,169,True
3554,154,169,True
3561,147,169,True
3562,146,169,True
3563,145,169,True
3564,144,169,True
3565,143,169,True
3566,142,169,True
3571,137,169,True
3573,135,169,True
3581,168,170,True
3583,166,170,True
3584,165,170,True
3585,164,170,True
3587,162,170,True
3588,161,170,True
3595,154,170,True
3596,153,170,True
3598,151,170,True
3600,149,170,True
3604,145,170,True
3610,139,170,True
3611,138,170,True
3621,170,171,True
3622,169,171,True
3624,167,171,True
3625,166,171,True
3626,165,171,True
3628,163,171,True
3632,159,171,True
3633,158,171,True
3634,157,171,True
3636,155,171,True
3637,154,171,True
3638,153,171,True
3639,152,171,True
3641,150,171,True
3642,149,171,True
3643,148,171,True
3644,147,171,True
3645,146,171,True
3646,145,171,True
3647,144,171,True
3648,143,171,True
3649,142,171,True
3654,137,171,True
3664,170,172,True
3669,165,172,True
3671,163,172,True
3672,162,172,True
3678,156,172,True
3679,155,172,True
3680,154,172,True
3681,153,172,True
3685,149,172,True
3686,148,172,True
3689,145,172,True
3696,138,172,True
3706,172,173,True
3708,170,173,True
3713,165,173,True
3714,164,173,True
3715,163,173,True
3716,162,173,True
3717,161,173,True
3722,156,173,True
3724,154,173,True
3725,153,173,True
3727,151,173,True
3729,149,173,True
3730,148,173,True
3733,145,173,True
3737,141,173,True
3739,139,173,True
3740,138,173,True
3750,173,174,True
3751,172,174,True
3753,170,174,True
3754,169,174,True
3757,166,174,True
3758,165,174,True
3759,164,174,True
3760,163,174,True
3762,161,174,True
3764,159,174,True
3765,158,174,True
3766,157,174,True
3767,156,174,True
3768,155,174,True
3769,154,174,True
3770,153,174,True
3772,151,174,True
3773,150,174,True
3774,149,174,True
3775,148,174,True
3777,146,174,True
3778,145,174,True
3779,144,174,True
3781,142,174,True
3782,141,174,True
3783,140,174,True
3784,139,174,True
3785,138,174,True
3795,175,176,True
3799,176,178,True
3800,175,178,True
3808,184,185,True
3810,182,185,True
3811,181,185,True
3818,185,187,True
3819,184,187,True
3860,190,192,True
3899,190,195,True
3905,184,195,True
3956,181,198,True
4058,204,206,True
4119,207,210,True
4154,208,212,True
4192,210,214,True
4367,217,223,True
4386,223,224,True
4413,223,225,True
4419,217,225,True
4438,225,226,True
4439,224,226,True
4440,223,226,True
4474,221,227,True
4504,223,228,True
4511,216,228,True
4549,228,230,True
4550,227,230,True
4551,226,230,True
4552,225,230,True
4553,224,230,True
4554,223,230,True
4561,216,230,True
4562,215,230,True
4580,230,231,True
4584,226,231,True
4585,225,231,True
4586,224,231,True
4587,223,231,True
4595,215,231,True
4615,231,232,True
4618,228,232,True
4621,225,232,True
4623,223,232,True
4658,222,233,True
4710,242,243,True
4719,241,245,True
4722,245,246,True
4723,244,246,True
4725,242,246,True
4726,241,246,True
4734,247,248,True
4763,246,251,True
4766,243,251,True
4769,251,252,True
4775,245,252,True
4781,251,253,True
4783,249,253,True
4787,245,253,True
4792,253,254,True
4793,252,254,True
4800,245,254,True
4804,241,254,True
4853,254,258,True
4855,252,258,True
4861,246,258,True
4862,245,258,True
4864,243,258,True
4889,257,260,True
4892,254,260,True
4900,246,260,True
4901,245,260,True
4927,263,264,True
4928,262,264,True
4929,264,265,True
4930,263,265,True
4931,262,265,True
4981,268,269,True
4997,185,269,True
5025,269,271,True
5026,268,271,True
5046,271,272,True
5048,269,272,True
5049,268,272,True
5050,200,272,True
5051,198,272,True
5053,195,272,True
5054,190,272,True
5056,188,272,True
5057,187,272,True
5114,273,275,True
5209,272,278,True
5210,271,278,True
5212,269,278,True
5213,268,278,True
5238,272,279,True
5239,271,279,True
5241,269,279,True
5242,268,279,True
5261,279,280,True
5268,272,280,True
5269,271,280,True
5271,269,280,True
5272,268,280,True
5289,280,281,True
5290,279,281,True
5291,278,281,True
5297,272,281,True
5298,271,281,True
5300,269,281,True
5301,268,281,True
5311,280,282,True
5312,279,282,True
5313,278,282,True
5319,272,282,True
5320,271,282,True
5322,269,282,True
5323,268,282,True
5330,282,283,True
5340,272,283,True
5341,271,283,True
5343,269,283,True
5344,268,283,True
5357,279,284,True
5359,276,284,True
5360,275,284,True
5367,268,284,True
5378,286,287,True
5379,285,287,True
5380,287,288,True
5381,286,288,True
5382,285,288,True
5385,286,289,True
5386,285,289,True
5389,287,290,True
5390,286,290,True
5391,285,290,True
5399,290,292,True
5400,289,292,True
5401,288,292,True
5403,286,292,True
5404,285,292,True
5406,291,293,True
5407,290,293,True
5408,289,293,True
5409,288,293,True
5411,286,293,True
5412,285,293,True
5414,292,294,True
5415,291,294,True
5416,290,294,True
5417,289,294,True
5419,287,294,True
5420,286,294,True
5422,294,295,True
5423,293,295,True
5424,292,295,True
5426,290,295,True
5428,288,295,True
5429,287,295,True
5434,293,296,True
5435,292,296,True
5437,290,296,True
5440,287,296,True
5441,286,296,True
5442,285,296,True
5449,290,297,True
5451,288,297,True
5452,287,297,True
5453,286,297,True
5454,285,297,True
5456,296,298,True
5458,294,298,True
5459,293,298,True
5461,291,298,True
5462,290,298,True
5463,289,298,True
5464,288,298,True
5465,287,298,True
5466,286,298,True
5483,296,300,True
5487,292,300,True
5488,291,300,True
5489,290,300,True
5490,289,300,True
5491,288,300,True
5493,286,300,True
5494,285,300,True
5497,297,301,True
5498,296,301,True
5502,292,301,True
5506,288,301,True
5508,286,301,True
5509,285,301,True
5514,296,302,True
5518,292,302,True
5519,291,302,True
5520,290,302,True
5521,289,302,True
5522,288,302,True
5524,286,302,True
5525,285,302,True
5531,296,303,True
5535,292,303,True
5541,286,303,True
5542,285,303,True
5549,296,304,True
5552,293,304,True
5553,292,304,True
5555,290,304,True
5556,289,304,True
5557,288,304,True
5559,286,304,True
5560,285,304,True
5568,296,305,True
5571,293,305,True
5572,292,305,True
5573,291,305,True
5574,290,305,True
5575,289,305,True
5576,288,305,True
5578,286,305,True
5579,285,305,True
5610,297,307,True
5615,292,307,True
5617,290,307,True
5619,288,307,True
5623,307,308,True
5643,286,308,True
5644,285,308,True
5646,307,309,True
5648,305,309,True
5649,304,309,True
5650,303,309,True
5651,302,309,True
5652,301,309,True
5653,300,309,True
5656,297,309,True
5657,296,309,True
5660,293,309,True
5661,292,309,True
5662,291,309,True
5663,290,309,True
5664,289,309,True
5665,288,309,True
5666,287,309,True
5668,285,309,True
5671,307,310,True
5691,286,310,True
5692,285,310,True
5696,307,311,True
5697,305,311,True
5698,304,311,True
5703,298,311,True
5705,296,311,True
5707,294,311,True
5709,292,311,True
5715,286,311,True
5716,285,311,True
5719,309,312,True
5722,305,312,True
5731,296,312,True
5734,293,312,True
5735,292,312,True
5737,290,312,True
5738,289,312,True
5739,288,312,True
5741,286,312,True
5742,285,312,True
5743,312,313,True
5744,311,313,True
5750,305,313,True
5752,303,313,True
5757,298,313,True
5759,296,313,True
5761,294,313,True
5763,292,313,True
5769,286,313,True
5770,285,313,True
5777,307,314,True
5787,297,314,True
5806,308,315,True
5809,305,315,True
5822,292,315,True
5824,290,315,True
5825,289,315,True
5826,288,315,True
5828,286,315,True
5829,285,315,True
5864,320,321,True
5879,323,324,True
5880,322,324,True
5906,326,327,True
5908,324,327,True
5909,323,327,True
5932,329,332,True
5935,333,334,True
5938,334,335,True
5939,333,335,True
5943,334,336,True
5944,333,336,True
5954,337,338,True
5955,336,338,True
5956,335,338,True
5957,334,338,True
5967,341,342,True
5982,344,346,True
5995,347,348,True
5998,344,348,True
6003,348,349,True
6005,346,349,True
6007,344,349,True
6017,344,350,True
6025,347,351,True
6026,346,351,True
6028,344,351,True
6053,344,353,True
6055,342,353,True
6058,353,354,True
6060,351,354,True
6068,343,354,True
6069,342,354,True
6073,353,355,True
6075,351,355,True
6078,348,355,True
6083,343,355,True
6084,342,355,True
6088,354,356,True
6099,343,356,True
6100,342,356,True
6105,355,357,True
6106,354,357,True
6113,347,357,True
6118,342,357,True
6132,347,358,True
6134,345,358,True
6137,342,358,True
6147,352,359,True
6157,358,360,True
6161,354,360,True
6167,348,360,True
6168,347,360,True
6169,346,360,True
6171,344,360,True
6173,342,360,True
6187,350,361,True
6203,355,362,True
6207,351,362,True
6208,350,362,True
6210,348,362,True
6211,347,362,True
6214,344,362,True
6221,360,363,True
6225,355,363,True
6227,353,363,True
6232,348,363,True
6235,345,363,True
6238,342,363,True
6241,363,364,True
6249,354,364,True
6255,348,364,True
6256,347,364,True
6257,346,364,True
6259,344,364,True
6261,342,364,True
6264,364,365,True
6265,363,365,True
6266,362,365,True
6268,360,365,True
6280,348,365,True
6282,346,365,True
6284,344,365,True
6291,363,366,True
6294,360,366,True
6300,353,366,True
6302,351,366,True
6305,348,366,True
6307,346,366,True
6308,345,366,True
6309,344,366,True
6328,351,367,True
6335,344,367,True
6337,342,367,True
6343,364,368,True
6346,361,368,True
6347,360,368,True
6349,358,368,True
6356,351,368,True
6357,350,368,True
6358,349,368,True
6359,348,368,True
6361,346,368,True
6368,368,369,True
6371,365,369,True
6381,354,369,True
6389,346,369,True
6399,366,370,True
6400,365,370,True
6401,364,370,True
6404,360,370,True
6407,355,370,True
6408,354,370,True
6411,351,370,True
6414,348,370,True
6416,346,370,True
6417,345,370,True
6419,343,370,True
6420,342,370,True
6421,341,370,True
6424,369,371,True
6428,365,371,True
6431,362,371,True
6435,357,371,True
6437,355,371,True
6440,352,371,True
6444,348,371,True
6446,346,371,True
6448,344,371,True
6451,341,371,True
6452,340,371,True
6459,365,372,True
6461,363,372,True
6470,354,372,True
6486,371,373,True
6487,370,373,True
6492,365,373,True
6509,347,373,True
6512,344,373,True
6517,373,374,True
6520,370,374,True
6521,369,374,True
6524,366,374,True
6525,365,374,True
6526,364,374,True
6527,363,374,True
6529,360,374,True
6531,355,374,True
6532,354,374,True
6535,351,374,True
6538,348,374,True
6539,347,374,True
6540,346,374,True
6541,345,374,True
6543,343,374,True
6544,342,374,True
6545,341,374,True
6547,374,375,True
6548,373,375,True
6551,370,375,True
6569,351,375,True
6573,347,375,True
6581,374,376,True
6584,371,376,True
6585,370,376,True
6590,365,376,True
6602,352,376,True
6606,348,376,True
6610,344,376,True
6615,376,377,True
6617,374,377,True
6618,373,377,True
6621,370,377,True
6625,366,377,True
6626,365,377,True
6627,364,377,True
6628,363,377,True
6631,360,377,True
6636,354,377,True
6639,351,377,True
6642,348,377,True
6644,346,377,True
6647,343,377,True
6648,342,377,True
6651,377,378,True
6652,376,378,True
6654,374,378,True
6655,373,378,True
6658,370,378,True
6662,366,378,True
6663,365,378,True
6664,364,378,True
6665,363,378,True
6668,360,378,True
6676,351,378,True
6679,348,378,True
6680,347,378,True
6681,346,378,True
6682,345,378,True
6683,344,378,True
6685,342,378,True
6688,378,379,True
6689,377,379,True
6692,374,379,True
6695,371,379,True
6696,370,379,True
6701,365,379,True
6722,379,380,True
6723,378,380,True
6724,377,380,True
6725,376,380,True
6726,375,380,True
6727,374,380,True
6728,373,380,True
6729,372,380,True
6731,370,380,True
6736,365,380,True
6738,363,380,True
6739,362,380,True
6746,355,380,True
6749,352,380,True
6750,351,380,True
6753,348,380,True
6754,347,380,True
6755,346,380,True
6756,345,380,True
6757,344,380,True
6758,343,380,True
6764,378,381,True
6765,377,381,True
6766,376,381,True
6768,374,381,True
6772,370,381,True
6776,366,381,True
6778,364,381,True
6782,360,381,True
6784,357,381,True
6788,353,381,True
6790,351,381,True
6795,345,381,True
6796,344,381,True
6797,343,381,True
6798,342,381,True
6801,381,382,True
6804,378,382,True
6805,377,382,True
6808,374,382,True
6811,371,382,True
6812,370,382,True
6817,365,382,True
6823,357,382,True
6824,355,382,True
6831,348,382,True
6832,347,382,True
6833,345,382,True
6834,344,382,True
6839,382,383,True
6840,381,383,True
6843,378,383,True
6844,377,383,True
6847,374,383,True
6850,371,383,True
6851,370,383,True
6856,365,383,True
6863,355,383,True
6873,344,383,True
6883,378,384,True
6886,375,384,True
6922,381,385,True
6923,380,385,True
6925,378,385,True
6926,377,385,True
6929,374,385,True
6932,371,385,True
6933,370,385,True
6938,365,385,True
6943,360,385,True
6945,355,385,True
6955,344,385,True
6957,342,385,True
6964,377,386,True
6966,374,386,True
6968,370,386,True
6971,359,386,True
6975,385,387,True
6977,383,387,True
6978,382,387,True
6979,381,387,True
6980,380,387,True
6981,378,387,True
6982,377,387,True
6983,376,387,True
6986,373,387,True
6988,365,387,True
6991,346,387,True
6996,381,388,True
6997,380,388,True
6998,378,388,True
6999,376,388,True
7001,373,388,True
7006,367,388,True
7007,366,388,True
7008,364,388,True
7009,363,388,True
7012,360,388,True
7014,357,388,True
7017,354,388,True
7018,353,388,True
7019,352,388,True
7020,351,388,True
7023,348,388,True
7025,344,388,True
7026,343,388,True
7038,378,389,True
7039,377,389,True
7050,364,389,True
7051,363,389,True
7054,360,389,True
7062,351,389,True
7066,345,389,True
7090,390,391,True
7107,391,392,True
7108,390,392,True
7126,392,393,True
7127,391,393,True
7128,390,393,True
7149,393,394,True
7150,392,394,True
7151,391,394,True
7152,390,394,True
7162,393,395,True
7163,392,395,True
7164,391,395,True
7165,390,395,True
7175,395,396,True
7176,394,396,True
7178,392,396,True
7180,390,396,True
7208,396,397,True
7212,312,397,True
7215,309,397,True
7221,301,397,True
7222,300,397,True
7224,297,397,True
7228,293,397,True
7231,290,397,True
7236,285,397,True
7238,396,398,True
7239,313,398,True
7240,312,398,True
7241,311,398,True
7261,285,398,True
7263,396,399,True
7264,395,399,True
7265,394,399,True
7267,392,399,True
7268,391,399,True
7269,390,399,True
7356,402,404,True
7381,404,405,True
7383,402,405,True
7402,404,406,True
7404,402,406,True
7421,406,407,True
7422,405,407,True
7423,404,407,True
7425,402,407,True
7436,407,408,True
7439,404,408,True
7441,402,408,True
7458,406,409,True
7459,405,409,True
7460,404,409,True
7462,402,409,True
7482,397,410,True
7485,313,410,True
7486,312,410,True
7487,311,410,True
7509,286,410,True
7510,285,410,True
7517,403,411,True
7525,409,412,True
7527,407,412,True
7530,404,412,True
7532,402,412,True
7542,409,413,True
7544,407,413,True
7547,404,413,True
7549,402,413,True
7556,409,414,True
7558,407,414,True
7561,404,414,True
7563,402,414,True
7570,411,415,True
7572,409,415,True
7574,407,415,True
7581,307,415,True
7587,412,416,True
7589,409,416,True
7591,407,416,True
7594,404,416,True
7596,402,416,True
7599,416,417,True
7601,414,417,True
7602,413,417,True
7603,412,417,True
7605,409,417,True
7606,408,417,True
7607,407,417,True
7608,406,417,True
7609,405,417,True
7612,402,417,True
7615,417,418,True
7619,413,418,True
7620,412,418,True
7622,409,418,True
7623,408,418,True
7626,405,418,True
7627,404,418,True
7629,402,418,True
7631,418,419,True
7632,417,419,True
7639,409,419,True
7641,407,419,True
7644,404,419,True
7646,402,419,True
7648,419,420,True
7649,418,420,True
7650,417,420,True
7651,416,420,True
7653,414,420,True
7654,413,420,True
7655,412,420,True
7657,409,420,True
7658,408,420,True
7659,407,420,True
7662,404,420,True
7664,402,420,True
7719,427,428,True
7720,426,428,True
7724,427,429,True
7725,426,429,True
7747,433,434,True
7750,435,437,True
7753,435,438,True
7754,439,440,True
7755,440,441,True
7756,439,441,True
7759,439,442,True
7762,441,443,True
7764,439,443,True
7771,439,444,True
7777,441,445,True
7779,439,445,True
7783,444,446,True
7788,439,446,True
7791,446,447,True
7793,444,447,True
7796,441,447,True
7798,439,447,True
7800,447,448,True
7801,446,448,True
7802,445,448,True
7803,444,448,True
7804,443,448,True
7805,442,448,True
7806,441,448,True
7807,440,448,True
7808,439,448,True
7811,448,449,True
7820,439,449,True
7877,438,458,False
7922,462,464,True
7934,461,466,True
7955,464,468,True
7960,459,468,True
7963,466,469,True
7964,464,469,True
7986,464,471,True
7987,463,471,True
7988,462,471,True
8005,473,474,True
8006,472,474,True
8011,474,475,True
8034,476,477,True
8047,476,478,True
8077,479,480,True
8078,478,480,True
8080,476,480,True
8094,478,481,True
8096,476,481,True
8108,481,482,True
8109,480,482,True
8110,479,482,True
8111,478,482,True
8112,477,482,True
8113,476,482,True
8128,482,483,True
8130,480,483,True
8131,479,483,True
8132,478,483,True
8133,477,483,True
8134,476,483,True
8154,476,484,True
8170,480,485,True
8171,479,485,True
8172,478,485,True
8173,477,485,True
8174,476,485,True
8189,486,487,True
8195,487,488,True
8207,488,490,True
8208,487,490,True
8215,491,493,True
8217,492,494,True
8219,493,495,True
8221,491,495,True
8256,499,501,True
8257,498,501,True
8258,497,501,True
8267,499,502,True
8268,498,502,True
8269,497,502,True
8273,502,503,True
8274,501,503,True
8277,498,503,True
8278,497,503,True
8298,504,505,True
8299,503,505,True
8302,500,505,True
8303,499,505,True
8304,498,505,True
8305,497,505,True
8310,504,506,True
8311,503,506,True
8317,497,506,True
8338,506,508,True
8342,502,508,True
8343,501,508,True
8345,499,508,True
8346,498,508,True
8359,503,509,True
8372,509,510,True
8373,508,510,True
8377,504,510,True
8378,503,510,True
8383,498,510,True
8384,497,510,True
8388,510,511,True
8392,506,511,True
8393,505,511,True
8396,502,511,True
8398,500,511,True
8409,510,512,True
8413,506,512,True
8417,502,512,True
8418,501,512,True
8419,500,512,True
8421,498,512,True
8428,512,513,True
8429,511,513,True
8431,509,513,True
8432,508,513,True
8437,503,513,True
8440,500,513,True
8441,499,513,True
8442,498,513,True
8443,497,513,True
8469,512,515,True
8470,511,515,True
8473,508,515,True
8478,503,515,True
8483,498,515,True
8495,511,516,True
8500,506,516,True
8501,505,516,True
8503,503,516,True
8505,501,516,True
8520,512,517,True
8522,510,517,True
8524,508,517,True
8526,506,517,True
8529,503,517,True
8530,502,517,True
8531,501,517,True
8533,499,517,True
8548,511,518,True
8549,510,518,True
8553,506,518,True
8558,501,518,True
8572,515,519,True
8574,513,519,True
8576,511,519,True
8577,510,519,True
8581,506,519,True
8582,505,519,True
8585,502,519,True
8586,501,519,True
8589,498,519,True
8596,519,520,True
8597,518,520,True
8598,517,520,True
8599,516,520,True
8600,515,520,True
8603,512,520,True
8604,511,520,True
8606,509,520,True
8607,508,520,True
8611,504,520,True
8612,503,520,True
8615,500,520,True
8616,499,520,True
8617,498,520,True
8618,497,520,True
8626,519,522,True
8627,518,522,True
8628,517,522,True
8629,516,522,True
8630,515,522,True
8633,512,522,True
8634,511,522,True
8636,509,522,True
8637,508,522,True
8641,504,522,True
8642,503,522,True
8645,500,522,True
8646,499,522,True
8647,498,522,True
8648,497,522,True
8663,524,526,True
8679,524,528,True
8680,523,528,True
8686,524,529,True
8687,523,529,True
8698,524,530,True
8704,529,531,True
8709,524,531,True
8718,524,532,True
8723,531,533,True
8731,523,533,True
8735,531,534,True
8754,524,535,True
8761,533,536,True
8770,524,536,True
8806,523,538,True
8807,538,539,True
8814,531,539,True
8820,525,539,True
8822,523,539,True
8826,536,540,True
8827,535,540,True
8831,531,540,True
8833,529,540,True
8838,524,540,True
8840,540,541,True
8856,524,541,True
8860,539,542,True
8861,538,542,True
8865,534,542,True
8866,533,542,True
8868,531,542,True
8875,524,542,True
8876,523,542,True
8909,538,544,True
8923,524,544,True
8931,539,545,True
8948,545,546,True
8969,546,547,True
8970,545,547,True
8975,539,547,True
8990,547,548,True
8991,546,548,True
8992,545,548,True
8997,539,548,True
8998,538,548,True
9015,545,549,True
9020,539,549,True
9021,538,549,True
9027,531,549,True
9034,550,551,True
9037,550,552,True
9047,552,555,True
9062,550,557,True
9063,557,558,True
9068,552,558,True
9070,550,558,True
9072,557,559,True
9077,552,559,True
9078,551,559,True
9079,550,559,True
9109,551,562,True
9116,557,563,True
9121,552,563,True
9122,551,563,True
9127,560,564,True
9128,559,564,True
9129,558,564,True
9132,555,564,True
9136,551,564,True
9137,550,564,True
9146,556,565,True
9150,552,565,True
9169,566,567,True
9171,564,567,True
9172,563,567,True
9173,562,567,True
9174,561,567,True
9176,559,567,True
9177,558,567,True
9178,557,567,True
9182,553,567,True
9183,552,567,True
9184,551,567,True
9185,550,567,True
9186,567,568,True
9202,551,568,True
9255,570,571,True
9256,569,571,True
9283,571,572,True
9284,570,572,True
9285,569,572,True
9313,572,573,True
9314,571,573,True
9344,572,574,True
9345,571,574,True
9446,572,577,True
9447,571,577,True
9482,572,578,True
9483,571,578,True
9519,572,579,True
9520,571,579,True
9548,579,580,True
9549,578,580,True
9550,577,580,True
9552,574,580,True
9560,572,581,True
9561,571,581,True
9632,579,583,True
9633,578,583,True
9634,577,583,True
9637,574,583,True
9639,572,583,True
9640,571,583,True
9675,575,584,True
9770,586,587,True
9808,589,590,True
9813,591,592,True
9814,590,592,True
9815,589,592,True
9816,592,593,True
9818,590,593,True
9819,589,593,True
9824,589,594,True
9827,596,597,True
9828,595,597,True
9892,610,611,True
9929,616,617,True
9930,617,618,True
9931,616,618,True
9932,618,619,True
9933,617,619,True
9934,616,619,True
9935,619,620,True
9936,618,620,True
9938,616,620,True
9939,620,621,True
9941,618,621,True
9942,617,621,True
9943,616,621,True
9953,620,623,True
9954,619,623,True
9955,618,623,True
9956,617,623,True
9957,616,623,True
9961,620,624,True
9962,619,624,True
9963,618,624,True
9965,616,624,True
9966,624,625,True
9968,621,625,True
9970,619,625,True
9971,618,625,True
9973,616,625,True
9980,626,627,True
9986,627,628,True
9987,626,628,True
9993,628,629,True
9994,627,629,True
9995,626,629,True
10012,629,631,True
10013,628,631,True
10014,627,631,True
10015,626,631,True
10023,630,632,True
10059,634,635,True
10060,633,635,True
10062,631,635,True
10064,629,635,True
10065,628,635,True
10066,627,635,True
10067,626,635,True
10087,632,637,True
10089,630,637,True
10106,631,638,True
10108,629,638,True
10109,628,638,True
10110,627,638,True
10111,626,638,True
10117,638,639,True
10124,631,639,True
10126,629,639,True
10127,628,639,True
10128,627,639,True
10129,626,639,True
10138,638,640,False
10145,631,640,False
10147,629,640,False
10148,628,640,False
10149,627,640,False
10150,626,640,False
10158,640,641,True
10159,639,641,False
10160,638,641,False
10163,635,641,False
10167,631,641,False
10169,629,641,False
10170,628,641,False
10171,627,641,False
10172,626,641,False
10176,642,643,True
10177,643,644,True
10178,642,644,True
10179,644,645,True
10180,643,645,True
10181,642,645,True
10183,644,646,True
10184,643,646,True
10185,642,646,True
10189,643,647,True
10202,643,649,True
10205,648,650,True
10206,647,650,True
10208,645,650,True
10209,644,650,True
10211,642,650,True
10213,649,651,True
10218,644,651,True
10219,643,651,True
10220,642,651,True
10221,651,652,True
10222,650,652,True
10224,648,652,True
10225,647,652,True
10227,645,652,True
10228,644,652,True
10229,643,652,True
10230,642,652,True
10231,652,653,True
10233,650,653,True
10236,647,653,True
10238,645,653,True
10242,653,654,True
10243,652,654,True
10245,650,654,True
10246,649,654,True
10250,645,654,True
10251,644,654,True
10252,643,654,True
10253,642,654,True
10254,654,655,True
10255,653,655,True
10256,652,655,True
10258,650,655,True
10263,645,655,True
10264,644,655,True
10265,643,655,True
10266,642,655,True
10268,654,656,True
10269,653,656,True
10270,652,656,True
10275,647,656,True
10277,645,656,True
10278,644,656,True
10279,643,656,True
10280,642,656,True
10290,647,657,True
10294,643,657,True
10295,642,657,True
10306,647,658,True
10312,658,659,True
10313,657,659,True
10314,656,659,True
10315,655,659,True
10316,654,659,True
10317,653,659,True
10318,652,659,True
10319,651,659,True
10320,650,659,True
10321,649,659,True
10322,648,659,True
10323,647,659,True
10325,645,659,True
10326,644,659,True
10327,643,659,True
10328,642,659,True
10329,659,660,True
10330,658,660,True
10333,655,660,True
10334,654,660,True
10336,652,660,True
10338,650,660,True
10340,648,660,True
10341,647,660,True
10343,645,660,True
10347,660,661,True
10350,657,661,True
10351,656,661,True
10353,654,661,True
10354,653,661,True
10355,652,661,True
10357,650,661,True
10362,645,661,True
10363,644,661,True
10364,643,661,True
10365,642,661,True
10367,660,662,True
10368,659,662,True
10375,652,662,True
10377,650,662,True
10382,645,662,True
10384,643,662,True
10386,662,663,True
10387,661,663,True
10389,659,663,True
10390,658,663,True
10392,656,663,True
10393,655,663,True
10394,654,663,True
10396,652,663,True
10398,650,663,True
10400,648,663,True
10401,647,663,True
10403,645,663,True
10404,644,663,True
10407,663,664,True
10408,662,664,True
10409,661,664,True
10413,657,664,True
10414,656,664,True
10415,655,664,True
10416,654,664,True
10418,652,664,True
10419,651,664,True
10420,650,664,True
10421,649,664,True
10422,648,664,True
10423,647,664,True
10425,645,664,True
10426,644,664,True
10427,643,664,True
10428,642,664,True
10430,663,665,True
10431,662,665,True
10433,660,665,True
10434,659,665,True
10435,658,665,True
10436,657,665,True
10439,654,665,True
10440,653,665,True
10441,652,665,True
10442,651,665,True
10446,647,665,True
10448,645,665,True
10449,644,665,True
10451,642,665,True
10460,657,666,True
10467,649,666,True
10472,644,666,True
10473,643,666,True
10474,642,666,True
10489,652,667,True
10510,657,668,True
10518,648,668,True
10522,644,668,True
10523,643,668,True
10524,642,668,True
10525,668,669,True
10527,666,669,True
10528,665,669,True
10529,664,669,True
10531,662,669,True
10532,661,669,True
10534,659,669,True
10535,658,669,True
10536,657,669,True
10537,656,669,True
10538,655,669,True
10539,654,669,True
10541,652,669,True
10542,651,669,True
10543,650,669,True
10545,648,669,True
10546,647,669,True
10548,645,669,True
10549,644,669,True
10550,643,669,True
10551,642,669,True
10553,668,670,True
10555,666,670,True
10563,658,670,True
10564,657,670,True
10570,651,670,True
10573,648,670,True
10574,647,670,True
10577,644,670,True
10578,643,670,True
10579,642,670,True
10581,669,671,True
10586,664,671,True
10587,663,671,True
10588,662,671,True
10589,661,671,True
10595,655,671,True
10597,653,671,True
10599,651,671,True
10600,650,671,True
10605,645,671,True
10607,643,671,True
10625,655,672,True
10633,647,672,True
10640,671,673,True
10641,670,673,True
10642,669,673,True
10647,664,673,True
10649,662,673,True
10652,659,673,True
10657,654,673,True
10659,652,673,True
10666,645,673,True
10672,671,674,True
10674,669,674,True
10675,668,674,True
10677,666,674,True
10680,663,674,True
10681,662,674,True
10682,661,674,True
10684,659,674,True
10686,657,674,True
10687,656,674,True
10689,654,674,True
10690,653,674,True
10691,652,674,True
10692,651,674,True
10693,650,674,True
10696,647,674,True
10698,645,674,True
10699,644,674,True
10700,643,674,True
10701,642,674,True
10704,670,675,True
10716,657,675,True
10728,644,675,True
10729,643,675,True
10733,673,676,True
10734,672,676,True
10743,663,676,True
10748,657,676,True
10750,655,676,True
10751,654,676,True
10756,649,676,True
10761,644,676,True
10762,643,676,True
10763,642,676,True
10764,676,677,True
10765,675,677,True
10766,674,677,True
10769,671,677,True
10771,669,677,True
10772,668,677,True
10774,666,677,True
10776,664,677,True
10777,663,677,True
10778,662,677,True
10780,660,677,True
10781,659,677,True
10782,658,677,True
10783,657,677,True
10785,655,677,True
10786,654,677,True
10787,653,677,True
10788,652,677,True
10789,651,677,True
10793,647,677,True
10795,645,677,True
10796,644,677,True
10797,643,677,True
10798,642,677,True
10800,676,678,True
10801,675,678,True
10802,674,678,True
10803,673,678,True
10804,672,678,True
10805,671,678,True
10806,670,678,True
10807,669,678,True
10808,668,678,True
10809,667,678,True
10810,666,678,True
10811,665,678,True
10812,664,678,True
10813,663,678,True
10814,662,678,True
10815,661,678,True
10817,659,678,True
10818,658,678,True
10819,657,678,True
10820,656,678,True
10821,655,678,True
10822,654,678,True
10823,653,678,True
10824,652,678,True
10825,651,678,True
10826,650,678,True
10829,647,678,True
10830,646,678,True
10831,645,678,True
10832,644,678,True
10833,643,678,True
10834,642,678,True
10857,679,684,True
10861,687,688,True
10862,686,688,True
10868,688,690,True
10877,686,691,True
10880,690,692,True
10882,688,692,True
10883,687,692,True
10884,686,692,True
10892,688,693,True
10893,687,693,True
10905,692,695,True
10906,690,695,True
10908,688,695,True
10910,686,695,True
10915,694,696,True
10926,692,697,True
10928,688,697,True
10930,686,697,True
10940,687,698,True
10946,694,699,True
10947,693,699,True
10948,692,699,True
10950,688,699,True
10952,686,699,True
10958,694,700,True
10959,693,700,True
10960,692,700,True
10961,689,700,True
10962,688,700,True
10966,699,701,True
10969,696,701,True
10971,694,701,True
10972,693,701,True
10973,692,701,True
10974,689,701,True
10975,688,701,True
10977,686,701,True
10983,696,702,True
10985,694,702,True
10996,698,703,True
10998,695,703,True
11005,687,703,True
11007,703,704,True
11008,701,704,True
11009,700,704,True
11010,699,704,True
11013,695,704,True
11015,692,704,True
11018,688,704,True
11026,701,705,True
11027,700,705,True
11028,699,705,True
11033,694,705,True
11034,693,705,True
11037,689,705,True
11041,705,706,True
11042,703,706,True
11043,702,706,True
11047,698,706,True
11049,696,706,True
11052,693,706,True
11058,706,707,True
11060,703,707,True
11067,696,707,True
11069,694,707,True
11076,707,708,True
11079,703,708,True
11086,696,708,True
11093,687,708,True
11096,711,712,True
11104,714,715,True
11111,714,716,True
11114,714,717,True
11118,714,718,True
11128,718,720,True
11136,720,721,True
11141,714,721,True
11151,717,722,True
11154,714,722,True
11161,721,723,True
11162,720,723,True
11164,718,723,True
11165,717,723,True
11168,714,723,True
11169,723,724,True
11171,721,724,True
11174,718,724,True
11175,717,724,True
11177,715,724,True
11180,724,725,True
11181,723,725,True
11183,721,725,True
11184,720,725,True
11185,719,725,True
11186,718,725,True
11187,717,725,True
11190,714,725,True
11195,722,726,True
11200,717,726,True
11202,715,726,True
11209,723,727,True
11216,714,727,True
11217,727,728,True
11219,725,728,True
11223,721,728,True
11224,720,728,True
11225,719,728,True
11226,718,728,True
11227,717,728,True
11230,714,728,True
11233,728,729,True
11236,724,729,True
11237,723,729,True
11238,721,729,True
11239,720,729,True
11242,717,729,True
11244,714,729,True
11248,725,730,True
11249,723,730,True
11256,714,730,True
11272,730,732,True
11273,729,732,True
11274,728,732,True
11278,723,732,True
11279,721,732,True
11280,720,732,True
11282,718,732,True
11283,717,732,True
11285,714,732,True
11293,723,733,True
11294,721,733,True
11295,720,733,True
11300,714,733,True
11301,733,734,True
11302,732,734,True
11304,730,734,True
11305,729,734,True
11306,728,734,True
11307,727,734,True
11310,724,734,True
11313,721,734,True
11314,720,734,True
11315,719,734,True
11317,717,734,True
11320,714,734,True
11321,734,735,True
11322,733,735,True
11323,732,735,True
11324,731,735,True
11325,730,735,True
11326,729,735,True
11328,727,735,True
11334,721,735,True
11335,720,735,True
11336,719,735,True
11337,718,735,True
11338,717,735,True
11341,714,735,True
11343,735,736,True
11344,734,736,True
11352,723,736,True
11359,714,736,True
11360,736,737,True
11361,735,737,True
11362,734,737,True
11363,733,737,True
11364,732,737,True
11366,730,737,True
11367,729,737,True
11368,727,737,True
11370,723,737,True
11371,721,737,True
11372,720,737,True
11375,717,737,True
11377,714,737,True
11379,736,738,True
11380,735,738,True
11381,734,738,True
11382,733,738,True
11383,732,738,True
11385,730,738,True
11386,729,738,True
11387,727,738,True
11389,723,738,True
11390,721,738,True
11391,720,738,True
11396,714,738,True
11400,735,739,True
11401,734,739,True
11403,732,739,True
11412,721,739,True
11413,720,739,True
11418,714,739,True
11435,721,740,True
11436,720,740,True
11438,718,740,True
11439,717,740,True
11441,714,740,True
11442,740,741,True
11446,736,741,True
11447,735,741,True
11448,734,741,True
11456,723,741,True
11462,714,741,True
11463,740,742,True
11464,739,742,True
11467,735,742,True
11468,734,742,True
11469,732,742,True
11470,731,742,True
11471,729,742,True
11472,728,742,True
11473,727,742,True
11475,725,742,True
11476,724,742,True
11477,723,742,True
11479,721,742,True
11480,720,742,True
11482,718,742,True
11483,717,742,True
11487,742,743,True
11488,740,743,True
11489,739,743,True
11490,737,743,True
11491,735,743,True
11493,732,743,True
11494,731,743,True
11495,729,743,True
11496,728,743,True
11498,725,743,True
11499,724,743,True
11506,717,743,True
11509,714,743,True
11510,743,744,True
11511,742,744,True
11512,741,744,True
11513,740,744,True
11514,739,744,True
11515,738,744,True
11516,737,744,True
11517,736,744,True
11518,735,744,True
11519,734,744,True
11520,733,744,True
11521,732,744,True
11522,731,744,True
11523,730,744,True
11524,729,744,True
11525,728,744,True
11526,727,744,True
11528,725,744,True
11529,724,744,True
11531,721,744,True
11532,720,744,True
11533,719,744,True
11534,718,744,True
11535,717,744,True
11537,714,744,True
11538,744,745,True
11542,740,745,True
11551,731,745,True
11561,721,745,True
11562,720,745,True
11563,719,745,True
11565,717,745,True
11568,745,746,True
11592,721,746,True
11593,720,746,True
11594,719,746,True
11596,717,746,True
11599,714,746,True
11600,746,747,True
11601,745,747,True
11602,744,747,True
11603,741,747,True
11604,740,747,True
11605,739,747,True
11606,738,747,True
11607,737,747,True
11608,736,747,True
11609,735,747,True
11610,734,747,True
11611,733,747,True
11612,732,747,True
11614,730,747,True
11615,729,747,True
11617,727,747,True
11621,721,747,True
11622,720,747,True
11623,719,747,True
11624,718,747,True
11625,717,747,True
11627,714,747,True
11633,739,748,True
11647,721,748,True
11651,717,748,True
11656,746,749,True
11657,745,749,True
11661,740,749,True
11662,739,749,True
11669,732,749,True
11672,729,749,True
11677,724,749,True
11680,721,749,True
11682,719,749,True
11687,714,749,True
11689,748,750,True
11690,747,750,True
11691,746,750,True
11693,744,750,True
11694,741,750,True
11695,740,750,True
11696,739,750,True
11697,738,750,True
11698,737,750,True
11699,736,750,True
11700,735,750,True
11701,734,750,True
11702,733,750,True
11703,732,750,True
11704,731,750,True
11705,730,750,True
11706,729,750,True
11707,728,750,True
11708,727,750,True
11712,721,750,True
11713,720,750,True
11714,719,750,True
11715,718,750,True
11716,717,750,True
11718,714,750,True
11719,750,751,True
11720,749,751,True
11721,748,751,True
11722,747,751,True
11723,746,751,True
11724,745,751,True
11727,742,751,True
11728,740,751,True
11729,739,751,True
11730,738,751,True
11731,737,751,True
11732,735,751,True
11733,734,751,True
11734,732,751,True
11736,729,751,True
11737,728,751,True
11738,727,751,True
11740,725,751,True
11741,724,751,True
11742,723,751,True
11744,721,751,True
11745,720,751,True
11746,719,751,True
11748,717,751,True
11750,715,751,True
11751,714,751,True
11752,750,752,True
11758,740,752,True
11760,738,752,True
11763,735,752,True
11764,734,752,True
11765,733,752,True
11766,732,752,True
11768,730,752,True
11769,729,752,True
11779,752,753,True
11784,747,753,True
11790,740,753,True
11793,737,753,True
11795,735,753,True
11796,734,753,True
11798,732,753,True
11799,731,753,True
11801,729,753,True
11803,727,753,True
11808,721,753,True
11810,719,753,True
11815,754,755,True
11830,759,762,True
11836,759,763,True
11843,759,764,True
11851,759,765,True
11854,765,766,True
11860,759,766,True
11877,762,768,True
11880,759,768,True
11909,769,771,True
11920,758,771,True
11939,770,773,True
11941,768,773,True
11947,762,773,True
11950,759,773,True
11988,775,776,True
11991,767,776,True
12003,770,777,True
12011,761,777,True
12020,772,778,True
12025,767,778,True
12056,783,786,True
12068,787,788,True
12069,786,788,True
12070,785,788,True
12072,783,788,True
12074,781,788,True
12076,788,789,True
12078,786,789,True
12080,783,789,True
12098,787,791,True
12099,786,791,True
12100,785,791,True
12102,783,791,True
12115,786,792,True
12117,783,792,True
12145,781,794,True
12158,784,795,True
12180,795,797,True
12187,788,797,True
12196,796,798,True
12198,793,798,True
12203,788,798,True
12205,786,798,True
12207,783,798,True
12209,781,798,True
12234,796,800,True
12244,786,800,True
12247,783,800,True
12253,798,801,True
12257,794,801,True
12258,793,801,True
12259,792,801,True
12260,791,801,True
12261,790,801,True
12262,789,801,True
12264,787,801,True
12266,785,801,True
12268,783,801,True
12270,781,801,True
12275,798,802,True
12279,794,802,True
12280,793,802,True
12281,792,802,True
12282,791,802,True
12283,790,802,True
12284,789,802,True
12286,787,802,True
12287,786,802,True
12290,783,802,True
12300,796,803,True
12302,794,803,True
12303,793,803,True
12305,791,803,True
12310,786,803,True
12313,783,803,True
12322,804,805,True
12326,805,806,True
12327,804,806,True
12334,807,809,True
12337,807,810,True
12344,809,812,True
12346,807,812,True
12357,809,814,True
12372,812,816,True
12375,809,816,True
12378,816,817,True
12385,809,817,True
12421,809,820,True
12428,816,821,True
12430,814,821,True
12434,809,821,True
12437,817,822,True
12438,816,822,True
12442,812,822,True
12445,809,822,True
12446,808,822,True
12456,812,823,True
12461,807,823,True
12462,823,824,True
12467,816,824,True
12476,807,824,True
12478,823,825,True
12479,822,825,True
12480,821,825,True
12481,820,825,True
12484,817,825,True
12485,816,825,True
12487,814,825,True
12489,812,825,True
12492,809,825,True
12504,816,826,True
12506,814,826,True
12510,809,826,True
12511,808,826,True
12514,825,827,True
12521,816,827,True
12523,814,827,True
12528,809,827,True
12540,816,828,True
12549,807,828,True
12560,816,829,True
12570,829,830,True
12573,826,830,True
12575,824,830,True
12576,823,830,True
12578,821,830,True
12579,820,830,True
12582,817,830,True
12583,816,830,True
12585,814,830,True
12590,809,830,True
12592,807,830,True
12617,831,832,True
12626,820,832,True
12634,810,832,True
12640,830,833,True
12643,827,833,True
12648,820,833,True
12652,816,833,True
12654,814,833,True
12656,812,833,True
12670,834,835,True
12676,835,836,True
12692,837,838,True
12694,835,838,True
12695,834,838,True
12703,838,839,True
12705,836,839,True
12706,835,839,True
12716,839,840,True
12717,838,840,True
12720,835,840,True
12721,834,840,True
12730,840,841,True
12731,839,841,True
12732,838,841,True
12733,837,841,True
12734,836,841,True
12735,835,841,True
12736,834,841,True
12747,841,842,True
12748,840,842,True
12749,839,842,True
12750,838,842,True
12751,837,842,True
12753,835,842,True
12754,834,842,True
12764,841,843,True
12765,840,843,True
12767,838,843,True
12770,835,843,True
12780,841,844,True
12783,838,844,True
12786,835,844,True
12793,844,845,True
12794,843,845,True
12795,842,845,True
12796,841,845,True
12797,840,845,True
12798,839,845,True
12799,838,845,True
12800,837,845,True
12801,836,845,True
12802,835,845,True
12803,834,845,True
12814,845,846,True
12815,844,846,True
12816,843,846,True
12817,842,846,True
12818,841,846,True
12819,840,846,True
12820,839,846,True
12821,838,846,True
12822,837,846,True
12823,836,846,True
12824,835,846,True
12825,834,846,True
12836,846,847,True
12837,845,847,True
12840,842,847,True
12841,841,847,True
12842,840,847,True
12843,839,847,True
12844,838,847,True
12847,835,847,True
12848,834,847,True
12856,847,848,True
12857,846,848,True
12858,845,848,True
12860,843,848,True
12861,842,848,True
12862,841,848,True
12863,840,848,True
12864,839,848,True
12865,838,848,True
12867,836,848,True
12868,835,848,True
12869,834,848,True
12877,848,849,True
12878,847,849,True
12879,846,849,True
12881,844,849,True
12882,843,849,True
12883,842,849,True
12884,841,849,True
12885,840,849,True
12886,839,849,True
12887,838,849,True
12888,837,849,True
12889,836,849,True
12890,835,849,True
12891,834,849,True
12896,849,850,True
12897,848,850,True
12898,847,850,True
12900,845,850,True
12901,844,850,True
12902,843,850,True
12903,842,850,True
12904,841,850,True
12905,840,850,True
12906,839,850,True
12907,838,850,True
12908,837,850,True
12909,836,850,True
12910,835,850,True
12911,834,850,True
12916,850,851,True
12918,848,851,True
12919,847,851,True
12922,844,851,True
12923,843,851,True
12924,842,851,True
12925,841,851,True
12926,840,851,True
12927,839,851,True
12928,838,851,True
12929,837,851,True
12930,836,851,True
12931,835,851,True
12932,834,851,True
12943,851,852,True
12944,850,852,True
12945,849,852,True
12946,848,852,True
12948,846,852,True
12949,845,852,True
12950,844,852,True
12951,843,852,True
12952,842,852,True
12953,841,852,True
12955,839,852,True
12956,838,852,True
12959,835,852,True
12960,834,852,True
12968,852,853,True
12969,851,853,True
12970,850,853,True
12971,849,853,True
12972,848,853,True
12973,847,853,True
12974,846,853,True
12975,845,853,True
12976,844,853,True
12977,843,853,True
12978,842,853,True
12979,841,853,True
12980,840,853,True
12981,839,853,True
12982,838,853,True
12983,837,853,True
12985,835,853,True
12986,834,853,True
12991,853,854,True
12992,852,854,True
12993,851,854,True
12994,850,854,True
12995,849,854,True
12996,848,854,True
12997,847,854,True
12998,846,854,True
12999,845,854,True
13000,844,854,True
13001,843,854,True
13002,842,854,True
13003,841,854,True
13004,840,854,True
13005,839,854,True
13006,838,854,True
13007,837,854,True
13008,836,854,True
13009,835,854,True
13010,834,854,True
13018,855,856,True
13024,858,859,True
13025,857,859,True
13027,855,859,True
13030,858,860,True
13031,857,860,True
13036,858,861,True
13038,856,861,True
13039,855,861,True
13040,861,862,True
13041,860,862,True
13043,858,862,True
13044,857,862,True
13047,862,863,True
13055,863,864,True
13057,861,864,True
13062,856,864,True
13063,855,864,True
13066,864,865,True
13067,863,865,True
13069,861,865,True
13070,860,865,True
13072,858,865,True
13073,857,865,True
13074,856,865,True
13075,855,865,True
13077,865,866,True
13079,863,866,True
13082,860,866,True
13083,859,866,True
13084,858,866,True
13085,857,866,True
13088,866,867,True
13102,865,868,True
13112,867,869,True
13113,866,869,True
13118,860,869,True
13120,858,869,True
13121,857,869,True
13124,869,870,True
13126,866,870,True
13128,864,870,True
13138,870,871,True
13140,867,871,True
13141,866,871,True
13146,860,871,True
13148,858,871,True
13149,857,871,True
13172,866,873,True
13174,864,873,True
13175,863,873,True
13177,861,873,True
13178,860,873,True
13182,856,873,True
13193,866,874,True
13206,870,875,True
13207,869,875,True
13208,867,875,True
13209,866,875,True
13213,861,875,True
13216,858,875,True
13217,857,875,True
13218,875,876,True
13223,869,876,True
13225,866,876,True
13232,858,876,True
13244,866,877,True
13246,864,877,True
13247,863,877,True
13249,861,877,True
13253,857,877,True
13254,856,877,True
13283,877,879,True
13292,866,879,True
13294,864,879,True
13295,863,879,True
13297,861,879,True
13300,858,879,True
13302,856,879,True
13309,878,880,True
13334,876,881,True
13335,875,881,True
13338,870,881,True
13340,867,881,True
13341,866,881,True
13346,860,881,True
13348,858,881,True
13349,857,881,True
13351,881,882,True
13354,876,882,True
13358,870,882,True
13359,869,882,True
13360,867,882,True
13361,866,882,True
13366,860,882,True
13368,858,882,True
13369,857,882,True
13370,855,882,True
13381,871,883,True
13384,867,883,True
13386,865,883,True
13391,860,883,True
13410,866,884,True
13412,864,884,True
13413,863,884,True
13415,861,884,True
13416,860,884,True
13420,856,884,True
13438,866,885,True
13440,864,885,True
13441,863,885,True
13443,861,885,True
13447,856,885,True
13451,885,886,True
13452,884,886,True
13456,879,886,True
13457,877,886,True
13461,873,886,True
13466,866,886,True
13468,864,886,True
13469,863,886,True
13471,861,886,True
13475,856,886,True
13476,855,886,True
13487,870,888,True
13489,867,888,True
13490,866,888,True
13491,865,888,True
13496,858,888,True
13497,857,888,True
13510,871,889,True
13514,866,889,True
13525,889,890,True
13526,888,890,True
13530,876,890,True
13534,870,890,True
13536,867,890,True
13538,862,890,True
13541,858,890,True
13542,857,890,True
13543,890,891,True
13561,866,891,True
13604,888,893,True
13605,886,893,True
13613,876,893,True
13619,867,893,True
13620,866,893,True
13622,864,893,True
13623,863,893,True
13625,861,893,True
13629,856,893,True
13634,892,894,True
13636,890,894,True
13637,889,894,True
13638,888,894,True
13642,883,894,True
13643,882,894,True
13644,881,894,True
13646,879,894,True
13649,876,894,True
13650,875,894,True
13652,873,894,True
13654,871,894,True
13655,870,894,True
13656,869,894,True
13658,867,894,True
13659,866,894,True
13660,865,894,True
13662,863,894,True
13665,860,894,True
13668,857,894,True
13669,856,894,True
13670,855,894,True
13672,893,895,True
13677,886,895,True
13692,866,895,True
13694,864,895,True
13695,863,895,True
13697,861,895,True
13701,856,895,True
13702,855,895,True
13709,888,896,True
13710,886,896,True
13725,866,896,True
13727,864,896,True
13728,863,896,True
13730,861,896,True
13734,856,896,True
13765,866,897,True
13784,890,898,True
13791,881,898,True
13794,876,898,True
13795,875,898,True
13799,870,898,True
13800,869,898,True
13801,867,898,True
13802,866,898,True
13807,860,898,True
13815,890,899,True
13828,866,899,True
13849,875,900,True
13859,860,900,True
13862,900,901,True
13864,898,901,True
13865,897,901,True
13866,896,901,True
13869,893,901,True
13870,892,901,True
13872,890,901,True
13873,889,901,True
13874,888,901,True
13876,885,901,True
13877,884,901,True
13879,882,901,True
13880,881,901,True
13881,879,901,True
13882,877,901,True
13883,876,901,True
13884,875,901,True
13886,873,901,True
13887,871,901,True
13888,870,901,True
13889,869,901,True
13890,867,901,True
13891,866,901,True
13892,865,901,True
13894,863,901,True
13896,861,901,True
13897,860,901,True
13899,858,901,True
13900,857,901,True
13906,898,902,True
13916,888,902,True
13921,882,902,True
13922,881,902,True
13927,876,902,True
13931,871,902,True
13932,870,902,True
13933,869,902,True
13934,867,902,True
13935,866,902,True
13942,859,902,True
13943,858,902,True
13944,857,902,True
13945,856,902,True
13965,906,907,True
13966,905,907,True
13967,904,907,True
13996,904,910,True
14013,911,912,True
14031,904,913,True
14039,913,914,True
14041,911,914,True
14042,910,914,True
14043,909,914,True
14044,908,914,True
14053,910,915,True
14066,909,916,True
14089,904,917,True
14095,917,918,True
14104,907,918,True
14152,915,921,True
14153,914,921,True
14159,908,921,True
14172,914,922,True
14180,906,922,True
14193,923,924,True
14199,925,926,True
14204,926,927,True
14207,923,927,True
14212,926,928,True
14222,928,929,True
14223,927,929,True
14224,926,929,True
14227,923,929,True
14231,929,930,True
14232,928,930,True
14239,929,931,True
14240,928,931,True
14241,927,931,True
14242,926,931,True
14249,931,932,True
14251,929,932,True
14252,928,932,True
14253,927,932,True
14254,926,932,True
14261,932,933,True
14262,931,933,True
14264,929,933,True
14265,928,933,True
14266,927,933,True
14267,926,933,True
14274,933,934,True
14275,932,934,True
14276,931,934,True
14278,929,934,True
14279,928,934,True
14280,927,934,True
14281,926,934,True
14305,933,936,True
14306,932,936,True
14307,931,936,True
14310,928,936,True
14312,926,936,True
14315,923,936,True
14322,936,937,True
14329,929,937,True
14330,928,937,True
14331,927,937,True
14332,926,937,True
14335,923,937,True
14357,938,939,True
14358,937,939,True
14359,936,939,True
14361,934,939,True
14362,933,939,True
14363,932,939,True
14365,930,939,True
14367,928,939,True
14368,927,939,True
14369,926,939,True
14370,925,939,True
14371,924,939,True
14372,923,939,True
14375,937,940,True
14376,936,940,True
14383,929,940,True
14385,927,940,True
14389,923,940,True
14396,940,941,True
14399,937,941,True
14400,936,941,True
14407,929,941,True
14413,923,941,True
14419,941,942,True
14420,940,942,True
14421,939,942,True
14424,936,942,True
14427,933,942,True
14428,932,942,True
14429,931,942,True
14431,929,942,True
14432,928,942,True
14433,927,942,True
14434,926,942,True
14437,923,942,True
14443,940,943,True
14449,934,943,True
14451,932,943,True
14452,931,943,True
14453,930,943,True
14454,929,943,True
14456,927,943,True
14458,925,943,True
14459,924,943,True
14460,923,943,True
14464,940,944,True
14467,937,944,True
14470,934,944,True
14474,930,944,True
14475,929,944,True
14477,927,944,True
14479,925,944,True
14481,923,944,True
14482,944,945,True
14483,943,945,True
14487,939,945,True
14488,938,945,True
14489,937,945,True
14490,936,945,True
14492,934,945,True
14497,929,945,True
14498,928,945,True
14499,927,945,True
14502,924,945,True
14503,923,945,True
14508,941,946,True
14512,937,946,True
14513,936,946,True
14520,929,946,True
14522,927,946,True
14526,923,946,True
14531,946,947,True
14536,941,947,True
14537,940,947,True
14539,938,947,True
14540,937,947,True
14541,936,947,True
14548,929,947,True
14550,927,947,True
14551,926,947,True
14554,923,947,True
14559,946,948,True
14560,945,948,True
14565,940,948,True
14571,934,948,True
14572,933,948,True
14574,931,948,True
14575,930,948,True
14576,929,948,True
14577,928,948,True
14578,927,948,True
14581,924,948,True
14582,923,948,True
14583,948,949,True
14585,946,949,True
14587,944,949,True
14588,943,949,True
14591,940,949,True
14592,939,949,True
14594,937,949,True
14595,936,949,True
14597,934,949,True
14602,929,949,True
14604,927,949,True
14607,924,949,True
14608,923,949,True
14628,930,950,True
14637,949,951,True
14638,948,951,True
14640,946,951,True
14641,945,951,True
14643,943,951,True
14645,941,951,True
14646,940,951,True
14647,939,951,True
14648,938,951,True
14649,937,951,True
14650,936,951,True
14652,934,951,True
14655,931,951,True
14656,930,951,True
14657,929,951,True
14658,928,951,True
14659,927,951,True
14660,926,951,True
14661,925,951,True
14662,924,951,True
14663,923,951,True
14669,946,952,True
14673,942,952,True
14674,941,952,True
14675,940,952,True
14677,938,952,True
14678,937,952,True
14679,936,952,True
14686,929,952,True
14687,928,952,True
14688,927,952,True
14689,926,952,True
14692,923,952,True
14696,952,953,True
14702,946,953,True
14706,942,953,True
14708,940,953,True
14711,937,953,True
14712,936,953,True
14719,929,953,True
14720,928,953,True
14725,923,953,True
14731,953,954,True
14732,952,954,True
14733,951,954,True
14734,950,954,True
14735,949,954,True
14738,946,954,True
14739,945,954,True
14740,944,954,True
14741,943,954,True
14742,942,954,True
14744,940,954,True
14745,939,954,True
14746,938,954,True
14747,937,954,True
14748,936,954,True
14750,934,954,True
14751,933,954,True
14752,932,954,True
14754,930,954,True
14755,929,954,True
14756,928,954,True
14757,927,954,True
14759,925,954,True
14761,923,954,True
14796,953,956,True
14807,942,956,True
14808,941,956,True
14813,936,956,True
14820,929,956,True
14821,928,956,True
14826,923,956,True
14828,956,957,True
14831,953,957,True
14833,951,957,True
14834,950,957,True
14835,949,957,True
14838,946,957,True
14839,945,957,True
14840,944,957,True
14844,940,957,True
14845,939,957,True
14847,937,957,True
14850,934,957,True
14852,932,957,True
14855,929,957,True
14856,928,957,True
14857,927,957,True
14859,925,957,True
14861,923,957,True
14862,957,958,True
14863,956,958,True
14865,954,958,True
14866,953,958,True
14867,952,958,True
14868,951,958,True
14869,950,958,True
14870,949,958,True
14871,948,958,True
14873,946,958,True
14874,945,958,True
14875,944,958,True
14876,943,958,True
14879,940,958,True
14880,939,958,True
14882,937,958,True
14885,934,958,True
14888,931,958,True
14889,930,958,True
14890,929,958,True
14891,928,958,True
14892,927,958,True
14894,925,958,True
14895,924,958,True
14896,923,958,True
14909,946,959,True
14932,923,959,True
14933,959,960,True
14934,958,960,True
14935,957,960,True
14936,956,960,True
14938,954,960,True
14939,953,960,True
14943,949,960,True
14946,946,960,True
14947,945,960,True
14952,940,960,True
14958,934,960,True
14962,930,960,True
14963,929,960,True
14965,927,960,True
14967,925,960,True
14969,923,960,True
14971,959,961,True
14972,958,961,True
14974,956,961,True
14977,953,961,True
14978,952,961,True
14981,949,961,True
14983,947,961,True
14984,946,961,True
14988,942,961,True
14989,941,961,True
14990,940,961,True
14993,937,961,True
14994,936,961,True
15001,929,961,True
15002,928,961,True
15003,927,961,True
15004,926,961,True
15007,923,961,True
15008,961,962,True
15009,960,962,True
15010,959,962,True
15011,958,962,True
15012,957,962,True
15013,956,962,True
15015,954,962,True
15016,953,962,True
15017,952,962,True
15020,949,962,True
15021,948,962,True
15023,946,962,True
15024,945,962,True
15025,944,962,True
15026,943,962,True
15029,940,962,True
15030,939,962,True
15031,938,962,True
15032,937,962,True
15033,936,962,True
15035,934,962,True
15036,933,962,True
15039,930,962,True
15040,929,962,True
15041,928,962,True
15042,927,962,True
15043,926,962,True
15044,925,962,True
15045,924,962,True
15046,923,962,True
15048,961,963,True
15053,956,963,True
15057,952,963,True
15061,947,963,True
15072,936,963,True
15075,933,963,True
15076,932,963,True
15077,931,963,True
15079,929,963,True
15080,928,963,True
15081,927,963,True
15082,926,963,True
15124,962,965,True
15125,961,965,True
15126,960,965,True
15128,958,965,True
15129,957,965,True
15130,956,965,True
15132,954,965,True
15133,953,965,True
15134,952,965,True
15135,951,965,True
15137,949,965,True
15140,946,965,True
15141,945,965,True
15142,944,965,True
15145,941,965,True
15146,940,965,True
15147,939,965,True
15149,937,965,True
15150,936,965,True
15152,934,965,True
15153,933,965,True
15159,927,965,True
15161,925,965,True
15162,924,965,True
15163,923,965,True
15188,966,967,True
15208,967,968,True
15256,969,970,True
15257,968,970,True
15258,967,970,True
15259,966,970,True
15282,970,971,True
15283,969,971,True
15284,968,971,True
15285,967,971,True
15286,966,971,True
15307,970,972,True
15308,969,972,True
15309,968,972,True
15311,966,972,True
15333,972,973,True
15335,970,973,True
15337,967,973,True
15338,966,973,True
15339,803,973,True
15344,798,973,True
15347,793,973,True
15348,792,973,True
15349,791,973,True
15361,973,974,True
15362,972,974,True
15364,970,974,True
15365,969,974,True
15366,968,974,True
15367,967,974,True
15368,966,974,True
15390,970,975,True
15391,969,975,True
15421,970,976,True
15422,969,976,True
15423,968,976,True
15425,966,976,True
15443,976,977,True
15444,975,977,True
15445,974,977,True
15447,972,977,True
15448,971,977,True
15449,970,977,True
15450,969,977,True
15451,968,977,True
15452,967,977,True
15453,966,977,True
15478,977,978,True
15479,976,978,True
15480,975,978,True
15481,974,978,True
15482,973,978,True
15483,972,978,True
15484,971,978,True
15485,970,978,True
15486,969,978,True
15487,968,978,True
15488,967,978,True
15489,966,978,True
15533,979,980,True
15558,980,981,True
15559,979,981,True
15583,980,982,True
15584,979,982,True
15603,979,983,True
15628,982,984,True
15630,980,984,True
15631,979,984,True
15647,984,985,True
15649,982,985,True
15651,980,985,True
15669,985,986,True
15670,984,986,True
15672,982,986,True
15674,980,986,True
15696,986,987,True
15697,985,987,True
15698,984,987,True
15700,982,987,True
15702,980,987,True
15725,985,988,True
15726,984,988,True
15727,983,988,True
15728,982,988,True
15729,981,988,True
15730,980,988,True
15753,988,989,True
15754,987,989,True
15755,986,989,True
15756,985,989,True
15762,979,989,True
15765,746,989,True
15767,740,989,True
15776,989,990,True
15777,988,990,True
15778,987,990,True
15779,986,990,True
15780,985,990,True
15783,979,990,True
15788,990,991,True
15790,988,991,True
15791,987,991,True
15792,986,991,True
15793,985,991,True
15794,984,991,True
15796,982,991,True
15805,730,991,True
15810,988,992,True
15811,987,992,True
15812,986,992,True
15813,985,992,True
15814,984,992,True
15816,982,992,True
15817,981,992,True
15818,980,992,True
15828,992,993,True
15831,988,993,True
15832,987,993,True
15833,986,993,True
15834,985,993,True
15835,984,993,True
15837,981,993,True
15838,980,993,True
15845,992,994,True
15846,991,994,True
15847,989,994,True
15849,987,994,True
15850,986,994,True
15851,985,994,True
15852,984,994,True
15861,994,995,True
15862,993,995,True
15863,992,995,True
15867,987,995,True
15868,986,995,True
15869,985,995,True
15879,995,996,True
15880,994,996,True
15881,993,996,True
15882,992,996,True
15884,987,996,True
15885,986,996,True
15886,985,996,True
15887,984,996,True
15888,982,996,True
15890,980,996,True
15891,979,996,True
15894,996,997,True
15895,995,997,True
15896,994,997,True
15897,993,997,True
15898,992,997,True
15899,988,997,True
15900,987,997,True
15901,986,997,True
15902,985,997,True
15903,984,997,True
15904,982,997,True
15905,980,997,True
15906,997,998,True
15907,996,998,True
15908,995,998,True
15909,994,998,True
15910,993,998,True
15911,992,998,True
15912,988,998,True
15913,987,998,True
15914,986,998,True
15915,985,998,True
15916,984,998,True
15917,982,998,True
15919,980,998,True
15920,979,998,True
15925,991,999,True
15927,989,999,True
15928,988,999,True
15930,986,999,True
15931,985,999,True
15935,997,1000,True
15936,996,1000,True
15937,995,1000,True
15938,994,1000,True
15939,993,1000,True
15940,992,1000,True
15941,988,1000,True
15942,987,1000,True
15943,986,1000,True
15944,985,1000,True
15945,984,1000,True
15947,982,1000,True
15948,980,1000,True
15953,832,1001,True
15954,831,1001,True
15956,829,1001,True
15964,817,1001,True
16026,1004,1005,True
16027,1003,1005,True
16028,1002,1005,True
16056,832,1006,True
16057,831,1006,True
16067,817,1006,True
16072,1004,1007,True
16073,1003,1007,True
16095,1007,1008,True
16098,1004,1008,True
16099,1003,1008,True
16100,1002,1008,True
16119,1006,1009,True
16124,1001,1009,True
16125,832,1009,True
16126,831,1009,True
16128,820,1009,True
16135,1007,1010,True
16154,1006,1011,True
16159,1001,1011,True
16160,832,1011,True
16161,831,1011,True
16163,820,1011,True
16169,1010,1012,True
16171,1008,1012,True
16172,1007,1012,True
16174,1005,1012,True
16175,1004,1012,True
16198,1014,1016,True
16225,1018,1019,True
16226,1019,1020,True
16227,1018,1020,True
16230,1021,1022,True
16232,1021,1023,True
16233,1023,1024,True
16235,1021,1024,True
16239,1021,1025,True
16244,1021,1026,True
16246,1025,1027,True
16249,1022,1027,True
16254,1024,1028,True
16257,1021,1028,True
16260,1026,1029,True
16265,1021,1029,True
16266,1029,1030,True
16267,1028,1030,True
16269,1026,1030,True
16270,1025,1030,True
16271,1024,1030,True
16272,1023,1030,True
16274,1021,1030,True
16279,1032,1034,True
16280,1031,1034,True
16286,1034,1036,True
16288,1032,1036,True
16298,1035,1038,True
16305,1036,1039,True
16307,1034,1039,True
16308,1033,1039,True
16310,1031,1039,True
16311,1039,1040,True
16312,1038,1040,True
16314,1036,1040,True
16315,1035,1040,True
16318,1032,1040,True
16319,1031,1040,True
16320,1041,1042,True
16322,1041,1043,True
16326,1044,1045,True
16329,1041,1045,True
16339,1021,1046,True
16351,1047,1049,True
16363,1049,1050,True
16364,1047,1050,True
16376,1050,1051,True
16378,1047,1051,True
16393,1054,1055,True
16400,1060,1062,True
16401,1062,1063,True
16404,1063,1064,True
16405,1062,1064,True
16414,1064,1066,True
16415,1063,1066,True
16416,1062,1066,True
16431,1062,1068,True
16435,1067,1069,True
16436,1066,1069,True
16438,1064,1069,True
16439,1063,1069,True
16440,1062,1069,True
16442,1060,1069,True
16443,1069,1070,True
16449,1063,1070,True
16452,1060,1070,True
16453,1070,1071,True
16454,1069,1071,True
16459,1064,1071,True
16460,1063,1071,True
16464,1071,1072,True
16465,1070,1072,True
16466,1069,1072,True
16468,1067,1072,True
16472,1063,1072,True
16473,1062,1072,True
16475,1060,1072,True
16483,1072,1074,True
16484,1071,1074,True
16485,1070,1074,True
16491,1064,1074,True
16492,1063,1074,True
16493,1062,1074,True
16496,1074,1075,True
16498,1072,1075,True
16499,1071,1075,True
16500,1070,1075,True
16501,1069,1075,True
16508,1062,1075,True
16511,1075,1076,True
16512,1074,1076,True
16514,1071,1076,True
16515,1070,1076,True
16516,1069,1076,True
16525,1060,1076,True
16529,1073,1077,True
16530,1072,1077,True
16532,1070,1077,True
16533,1069,1077,True
16535,1067,1077,True
16539,1063,1077,True
16543,1077,1078,True
16544,1076,1078,True
16545,1075,1078,True
16546,1074,1078,True
16547,1073,1078,True
16548,1072,1078,True
16549,1071,1078,True
16550,1070,1078,True
16553,1067,1078,True
16554,1066,1078,True
16556,1064,1078,True
16557,1063,1078,True
16558,1062,1078,True
16560,1060,1078,True
16562,1077,1079,True
16563,1076,1079,True
16564,1075,1079,True
16565,1074,1079,True
16566,1073,1079,True
16567,1072,1079,True
16568,1071,1079,True
16569,1070,1079,True
16572,1067,1079,True
16573,1066,1079,True
16575,1064,1079,True
16576,1063,1079,True
16577,1062,1079,True
16579,1060,1079,True
16580,1079,1080,True
16581,1078,1080,True
16583,1076,1080,True
16585,1074,1080,True
16586,1073,1080,True
16587,1072,1080,True
16588,1071,1080,True
16589,1070,1080,True
16590,1069,1080,True
16596,1063,1080,True
16597,1062,1080,True
16605,1082,1085,True
16606,1085,1086,True
16607,1084,1086,True
16609,1082,1086,True
16610,1086,1087,True
16617,1087,1088,True
16619,1085,1088,True
16626,1091,1092,True
16630,1092,1093,True
16650,1092,1096,True
16662,1096,1098,True
16666,1092,1098,True
16667,1091,1098,True
16700,1091,1101,True
16746,1105,1106,True
16747,1106,1107,True
16748,1105,1107,True
16751,1106,1108,True
16753,1108,1109,True
16755,1106,1109,True
16756,1105,1109,True
16761,1106,1110,True
16773,1108,1111,True
16774,1107,1111,True
16775,1106,1111,True
16786,1108,1113,True
16788,1106,1113,True
16790,1113,1114,True
16794,1108,1114,True
16799,1113,1115,True
16814,1107,1116,True
16815,1106,1116,True
16816,1105,1116,True
16828,1106,1117,True
16829,1105,1117,True
16839,1108,1118,True
16841,1106,1118,True
16848,1113,1119,True
16855,1106,1119,True
16882,1122,1123,True
16915,1123,1125,True
16916,1122,1125,True
16934,1124,1126,True
16936,1122,1126,True
16954,1126,1127,True
16956,1124,1127,True
16958,1122,1127,True
16975,1127,1128,True
16976,1126,1128,True
16977,1125,1128,True
16979,1123,1128,True
16980,1122,1128,True
17000,1127,1129,True
17001,1126,1129,True
17004,1123,1129,True
17025,1127,1130,True
17026,1126,1130,True
17027,1125,1130,True
17028,1124,1130,True
17050,1127,1131,True
17051,1126,1131,True
17052,1125,1131,True
17053,1124,1131,True
17054,1123,1131,True
17078,1131,1133,True
17081,1128,1133,True
17082,1127,1133,True
17083,1126,1133,True
17084,1125,1133,True
17086,1123,1133,True
17104,1133,1134,True
17106,1131,1134,True
17109,1128,1134,True
17110,1127,1134,True
17111,1126,1134,True
17112,1125,1134,True
17113,1124,1134,True
17114,1123,1134,True
17115,1122,1134,True
17133,1134,1135,True
17139,1127,1135,True
17140,1126,1135,True
17141,1125,1135,True
17142,1124,1135,True
17162,1134,1136,True
17164,1131,1136,True
17168,1127,1136,True
17169,1126,1136,True
17170,1125,1136,True
17171,1124,1136,True
17191,1134,1137,True
17193,1131,1137,True
17196,1128,1137,True
17197,1127,1137,True
17198,1126,1137,True
17199,1125,1137,True
17200,1124,1137,True
17202,1122,1137,True
17221,1134,1138,True
17222,1133,1138,True
17223,1131,1138,True
17226,1128,1138,True
17227,1127,1138,True
17228,1126,1138,True
17229,1125,1138,True
17231,1123,1138,True
17232,1122,1138,True
17246,1138,1139,True
17251,1133,1139,True
17252,1131,1139,True
17254,1129,1139,True
17255,1128,1139,True
17256,1127,1139,True
17257,1126,1139,True
17258,1125,1139,True
17261,1122,1139,True
17279,1138,1140,True
17283,1134,1140,True
17284,1133,1140,True
17285,1131,1140,True
17288,1128,1140,True
17289,1127,1140,True
17290,1126,1140,True
17291,1125,1140,True
17294,1122,1140,True
17324,1126,1141,True
17326,1124,1141,True
17327,1123,1141,True
17343,1139,1142,True
17354,1127,1142,True
17355,1126,1142,True
17356,1125,1142,True
17357,1124,1142,True
17382,1128,1143,True
17383,1127,1143,True
17384,1126,1143,True
17385,1125,1143,True
17386,1124,1143,True
17387,1123,1143,True
17388,1122,1143,True
17398,1143,1144,True
17399,1142,1144,True
17400,1141,1144,True
17403,1138,1144,True
17408,1133,1144,True
17409,1131,1144,True
17412,1128,1144,True
17413,1127,1144,True
17414,1126,1144,True
17415,1125,1144,True
17418,1122,1144,True
17429,1143,1145,True
17430,1142,1145,True
17431,1141,1145,True
17434,1138,1145,True
17439,1133,1145,True
17440,1131,1145,True
17442,1129,1145,True
17443,1128,1145,True
17444,1127,1145,True
17445,1126,1145,True
17446,1125,1145,True
17449,1122,1145,True
17492,1145,1147,True
17493,1144,1147,True
17494,1143,1147,True
17495,1142,1147,True
17498,1139,1147,True
17501,1136,1147,True
17509,1127,1147,True
17510,1126,1147,True
17511,1125,1147,True
17512,1124,1147,True
17523,1147,1148,True
17527,1143,1148,True
17528,1142,1148,True
17532,1138,1148,True
17537,1133,1148,True
17538,1131,1148,True
17540,1129,1148,True
17541,1128,1148,True
17542,1127,1148,True
17543,1126,1148,True
17547,1122,1148,True
17555,1147,1149,True
17559,1143,1149,True
17564,1138,1149,True
17565,1137,1149,True
17569,1133,1149,True
17570,1131,1149,True
17572,1129,1149,True
17573,1128,1149,True
17574,1127,1149,True
17575,1126,1149,True
17576,1125,1149,True
17579,1122,1149,True
17589,1147,1151,True
17593,1143,1151,True
17594,1142,1151,True
17595,1141,1151,True
17598,1138,1151,True
17603,1133,1151,True
17604,1131,1151,True
17607,1128,1151,True
17608,1127,1151,True
17609,1126,1151,True
17611,1124,1151,True
17613,1122,1151,True
17622,1147,1152,True
17626,1143,1152,True
17627,1142,1152,True
17631,1138,1152,True
17632,1137,1152,True
17633,1136,1152,True
17635,1134,1152,True
17636,1133,1152,True
17637,1131,1152,True
17640,1128,1152,True
17641,1127,1152,True
17642,1126,1152,True
17643,1125,1152,True
17644,1124,1152,True
17646,1122,1152,True
17653,1148,1153,True
17654,1147,1153,True
17657,1144,1153,True
17659,1142,1153,True
17667,1134,1153,True
17669,1131,1153,True
17672,1128,1153,True
17673,1127,1153,True
17674,1126,1153,True
17675,1125,1153,True
17676,1124,1153,True
17677,1123,1153,True
17681,1153,1154,True
17683,1151,1154,True
17684,1149,1154,True
17685,1148,1154,True
17686,1147,1154,True
17688,1145,1154,True
17689,1144,1154,True
17691,1142,1154,True
17694,1139,1154,True
17695,1138,1154,True
17696,1137,1154,True
17699,1134,1154,True
17700,1133,1154,True
17701,1131,1154,True
17702,1130,1154,True
17704,1128,1154,True
17705,1127,1154,True
17706,1126,1154,True
17707,1125,1154,True
17708,1124,1154,True
17710,1122,1154,True
17738,1127,1155,True
17739,1126,1155,True
17740,1125,1155,True
17742,1123,1155,True
17758,1143,1156,True
17759,1142,1156,True
17764,1137,1156,True
17768,1133,1156,True
17769,1131,1156,True
17771,1129,1156,True
17772,1128,1156,True
17773,1127,1156,True
17774,1126,1156,True
17775,1125,1156,True
17778,1122,1156,True
17780,1156,1157,True
17782,1154,1157,True
17783,1153,1157,True
17785,1151,1157,True
17786,1149,1157,True
17787,1148,1157,True
17788,1147,1157,True
17790,1145,1157,True
17791,1144,1157,True
17792,1143,1157,True
17793,1142,1157,True
17795,1140,1157,True
17796,1139,1157,True
17797,1138,1157,True
17798,1137,1157,True
17799,1136,1157,True
17801,1134,1157,True
17802,1133,1157,True
17803,1131,1157,True
17806,1128,1157,True
17807,1127,1157,True
17809,1125,1157,True
17812,1122,1157,True
17813,1157,1158,True
17814,1156,1158,True
17817,1153,1158,True
17818,1152,1158,True
17819,1151,1158,True
17820,1149,1158,True
17821,1148,1158,True
17822,1147,1158,True
17824,1145,1158,True
17825,1144,1158,True
17826,1143,1158,True
17827,1142,1158,True
17828,1141,1158,True
17829,1140,1158,True
17830,1139,1158,True
17831,1138,1158,True
17832,1137,1158,True
17833,1136,1158,True
17834,1135,1158,True
17835,1134,1158,True
17836,1133,1158,True
17837,1131,1158,True
17840,1128,1158,True
17841,1127,1158,True
17842,1126,1158,True
17844,1124,1158,True
17845,1123,1158,True
17850,1160,1161,True
17851,1159,1161,True
17852,1161,1162,True
17853,1160,1162,True
17854,1159,1162,True
17916,1174,1180,True
17946,1180,1183,True
17960,1180,1184,True
17977,1178,1185,True
18003,1186,1187,True
18011,1178,1187,True
18029,1178,1188,True
18038,1188,1189,True
18039,1187,1189,True
18057,1189,1190,True
18060,1186,1190,True
18061,1185,1190,True
18062,1184,1190,True
18065,1181,1190,True
18067,1179,1190,True
18068,1178,1190,True
18069,1177,1190,True
18070,1176,1190,True
18072,1174,1190,True
18073,1173,1190,True
18081,1186,1191,True
18101,1189,1192,True
18102,1188,1192,True
18124,1189,1193,True
18141,1172,1193,True
18171,1192,1195,True
18174,1189,1195,True
18175,1188,1195,True
18177,1186,1195,True
18179,1184,1195,True
18180,1183,1195,True
18181,1182,1195,True
18182,1181,1195,True
18183,1180,1195,True
18184,1179,1195,True
18185,1178,1195,True
18186,1177,1195,True
18200,1189,1196,True
18223,1194,1197,True
18252,1194,1198,True
18280,1196,1199,True
18283,1193,1199,True
18311,1196,1200,True
18314,1193,1200,True
18350,1189,1201,True
18361,1178,1201,True
18367,1172,1201,True
18403,1202,1203,True
18435,1170,1203,True
18505,1170,1205,True
18507,1205,1206,True
18510,1202,1206,True
18541,1170,1206,True
18545,1204,1207,True
18548,1201,1207,True
18553,1196,1207,True
18556,1193,1207,True
18572,1177,1207,True
18582,1206,1208,True
18583,1205,1208,True
18586,1202,1208,True
18618,1170,1208,True
18624,1204,1209,True
18627,1201,1209,True
18632,1196,1209,True
18635,1193,1209,True
18665,1204,1210,True
18668,1201,1210,True
18673,1196,1210,True
18676,1193,1210,True
18701,1210,1211,True
18702,1209,1211,True
18703,1208,1211,True
18704,1207,1211,True
18705,1206,1211,True
18707,1204,1211,True
18708,1203,1211,True
18710,1201,1211,True
18711,1200,1211,True
18712,1199,1211,True
18715,1196,1211,True
18718,1193,1211,True
18720,1191,1211,True
18739,1172,1211,True
18741,1169,1211,True
18749,1204,1212,True
18752,1201,1212,True
18757,1196,1212,True
18760,1193,1212,True
18793,1204,1213,True
18796,1201,1213,True
18801,1196,1213,True
18804,1193,1213,True
18820,1177,1213,True
18838,1204,1214,True
18841,1201,1214,True
18846,1196,1214,True
18849,1193,1214,True
18965,1214,1218,True
18969,1210,1218,True
18975,1204,1218,True
18978,1201,1218,True
18979,1200,1218,True
18983,1196,1218,True
18988,1190,1218,True
19000,1178,1218,True
19006,1172,1218,True
19036,1189,1219,True
19053,1172,1219,True
19118,1206,1221,True
19122,1202,1221,True
19153,1170,1221,True
19159,1217,1222,True
19212,1216,1223,True
19239,1187,1223,True
19303,1235,1236,True
19349,1239,1240,True
19424,1231,1247,True
19434,1250,1252,True
19437,1250,1253,True
19443,1253,1255,True
19453,1257,1258,True
19456,1260,1261,True
19460,1261,1262,True
19461,1260,1262,True
19487,1263,1268,True
19488,1262,1268,True
19495,1262,1269,True
19529,1260,1273,True
19549,1266,1275,True
19552,1261,1275,True
19553,1260,1275,True
19565,1261,1276,True
19574,1271,1277,True
19579,1262,1277,True
19580,1261,1277,True
19591,1269,1278,True
19596,1261,1278,True
19597,1260,1278,True
19605,1274,1279,True
19613,1261,1279,True
19622,1275,1280,False
19631,1266,1280,False
19668,1269,1282,False
19681,1283,1284,True
19685,1285,1286,True
19687,1283,1286,True
