imdbclean.csv,tmdbclean.csv
3332,0
977,2
591,3
2260,4
1607,5
74,6
1739,7
690,8
4611,9
3608,9
2880,10
2508,11
4724,11
3134,12
3399,13
4919,14
1448,15
3710,16
3152,17
1174,17
895,17
1214,18
4392,19
4419,20
3548,21
1123,22
1360,23
2970,24
4546,25
3938,26
1714,27
968,28
481,29
2886,30
2016,31
1492,32
1056,33
2652,34
959,35
294,36
2574,37
273,38
3498,39
2672,40
138,41
2225,42
3091,43
910,44
1662,45
54,46
4493,47
2011,48
2336,49
4735,50
2013,51
505,52
959,53
3073,54
3403,55
5053,56
3081,56
2240,56
3748,57
1367,58
4350,59
4201,60
546,61
4871,62
4289,63
4948,64
4835,65
824,66
5050,67
4895,68
639,69
768,70
3261,71
2451,72
11,73
2322,74
3187,75
83,76
4733,77
4355,78
495,79
2467,80
2697,81
2210,82
1891,83
4029,84
4029,85
438,86
3173,87
140,88
4092,89
2625,90
994,91
3955,92
791,93
4828,94
2198,95
1593,96
948,97
1186,98
1866,99
669,100
1746,101
2920,102
756,102
3027,103
180,104
1018,105
2524,106
4130,107
4074,108
4546,109
2265,110
1913,111
4631,112
1415,113
4197,114
4232,115
1820,116
953,117
959,118
4999,119
1127,120
5094,122
3358,123
1052,124
4251,125
569,126
2591,127
4183,128
4793,129
4183,130
3922,131
941,131
1756,132
764,133
1848,134
991,136
4582,137
1994,138
289,139
1868,140
1464,141
4013,143
1429,144
2411,145
858,146
3352,147
1224,148
1404,149
4025,150
17,150
4828,151
808,152
2420,153
1911,154
3124,155
4546,156
1127,156
1434,157
481,158
4122,159
290,160
2721,161
4029,162
4353,163
918,164
2456,165
2803,166
4033,167
201,168
1186,169
3043,170
4183,171
1666,172
2015,173
3541,174
4163,175
4236,176
3041,177
526,178
4251,179
4494,180
1177,181
276,182
4392,183
3309,184
3463,185
3155,186
3727,187
3174,188
286,189
4170,190
1756,191
2216,192
696,193
2999,194
1146,195
1415,196
3480,197
645,198
2803,199
5025,200
4251,201
3794,202
1044,203
3680,204
1415,205
1877,206
4532,207
1756,208
1491,209
759,210
336,212
3233,213
907,214
1865,215
4820,216
733,217
1039,218
910,219
4466,220
3325,221
3481,222
345,223
4828,224
273,225
629,226
5030,227
4394,228
4994,229
2537,230
3268,231
4611,232
3608,232
1549,233
5047,234
1382,235
4728,236
432,237
4752,239
4641,240
590,241
2216,242
3936,243
3752,244
2030,244
1756,244
4466,245
936,246
4164,247
4857,248
1705,249
3814,250
3232,251
2504,252
3652,253
994,254
4392,255
177,256
1040,257
629,258
3087,259
27,260
2368,261
263,262
2484,264
4055,265
372,266
1616,267
1422,268
641,269
2719,270
1363,271
4752,272
4244,273
4826,274
2018,275
3599,276
4867,277
3805,278
4401,279
2591,280
2412,281
1942,282
3854,283
1626,284
1630,285
2678,286
1568,287
3424,288
1357,289
4975,291
1759,292
2669,293
1484,294
4398,295
4639,296
3852,297
3974,298
2370,299
1488,300
3752,301
559,302
1652,302
223,303
416,304
3861,305
4597,306
686,307
3542,308
3660,309
531,310
4665,311
1503,312
2167,313
4698,314
1339,315
5083,315
3903,316
1909,317
3975,318
847,319
4966,320
1671,321
2068,322
160,323
2066,324
1187,325
3420,326
1704,327
4221,328
2661,329
1440,330
2842,331
5053,332
4134,332
1481,333
4637,334
5050,335
3936,337
3677,338
4367,339
1977,340
4318,341
1970,342
3392,343
288,344
4739,345
1038,346
2907,347
3598,348
36,349
4367,350
2648,351
267,352
2949,353
2263,354
838,355
3073,356
3641,357
619,358
1941,359
3009,360
2209,361
1143,362
4921,363
155,364
3802,365
1491,366
1803,367
654,368
705,369
1683,370
2772,371
676,372
4622,373
3261,374
1610,375
3752,376
1756,376
2030,377
1986,377
4828,378
1524,379
483,380
3411,381
114,382
3935,383
2705,384
1650,385
1936,386
4918,387
4336,388
4251,389
3129,390
3081,391
2591,392
2403,393
3489,394
2434,396
1300,397
3542,398
2537,399
3563,400
1658,401
2811,402
2791,403
4392,404
1160,405
4533,406
1932,407
3608,408
1127,410
1545,411
902,413
1415,414
352,415
240,416
4423,417
4562,418
2192,419
405,420
3634,421
2755,422
806,423
4516,424
2203,425
1568,426
1481,428
487,429
1304,430
2301,430
2308,431
721,433
2069,434
4412,435
3,436
3005,437
3361,438
2109,439
1982,440
4782,441
649,441
3261,442
4509,443
2962,445
3748,446
2490,447
3100,448
625,448
2521,449
5038,450
1922,451
1986,452
4164,453
227,454
910,455
1826,456
870,457
1665,458
2857,459
1112,460
445,461
2004,462
2652,463
4392,464
3107,465
700,466
2255,467
247,468
1324,469
2168,470
4110,471
3637,472
3030,473
4983,475
4724,476
1324,477
1764,478
1593,478
3978,479
2391,480
3499,481
4099,482
2968,483
1174,483
3847,484
2046,485
2079,486
4828,487
2210,488
4533,489
1550,490
1506,491
2813,492
414,493
3228,494
565,495
1145,496
1664,497
3467,498
1283,499
245,500
4405,501
2759,502
1275,502
3449,503
605,504
4985,505
4945,506
1636,507
5050,508
3502,509
271,510
1869,511
4611,512
1272,513
4991,514
4577,515
4597,516
4526,517
4828,518
4629,519
876,521
2181,522
2340,523
3659,524
2467,525
1990,526
2718,527
819,528
3556,529
1202,530
4893,531
1365,532
4546,534
3975,535
836,536
3402,537
481,538
3675,539
4694,540
1392,541
2731,542
2278,543
3106,544
4111,545
2581,546
1802,547
3214,548
964,549
685,550
972,552
515,553
92,554
4922,555
3968,556
1638,557
3728,558
2764,559
1161,560
4210,561
4958,562
3979,563
3152,563
1174,563
1127,563
895,563
1895,564
186,565
2858,566
1955,567
3608,568
378,569
2476,570
2029,571
4597,572
1462,573
3248,574
4889,575
2201,576
3060,577
676,578
4185,579
4538,580
380,581
426,582
3073,583
3107,584
2858,585
2637,586
2340,587
2031,588
3611,589
3745,590
2914,591
4629,592
2452,593
3350,594
3508,595
263,596
2875,597
186,598
3974,599
4164,600
4318,601
2509,603
4190,604
2016,605
4408,607
1254,608
3073,610
1300,611
1790,612
3038,613
4486,614
4952,615
3022,616
2498,617
1174,618
1792,619
3279,620
4738,621
4072,622
273,623
1762,625
3238,626
4828,627
4861,628
3015,629
1676,630
2005,631
4422,632
1518,634
1724,635
4775,636
602,636
2303,637
2362,638
3190,639
1973,639
4118,640
1127,641
3003,643
2337,644
1784,645
2043,646
426,647
186,648
4954,649
2893,650
1809,651
2910,652
1334,653
1188,654
3520,655
1174,656
4183,657
1834,658
2102,659
4076,660
2209,661
2782,662
2897,663
4039,664
3133,665
145,666
3768,667
3715,667
3425,668
3403,669
194,670
4934,671
142,672
1342,673
2566,674
3199,675
683,676
2841,677
4828,678
4797,679
1788,680
4838,681
4976,682
1539,683
4956,684
4820,685
5106,686
3022,687
2345,688
3611,690
5050,691
4029,692
3490,693
2800,694
3392,695
2683,696
2487,697
2708,698
4595,699
2030,700
3752,700
3752,701
4076,702
1188,703
2803,704
402,705
3043,706
3228,707
1308,708
1286,709
2129,710
5045,711
4253,712
4828,713
287,714
4074,715
781,716
4499,717
5080,718
4485,719
638,720
4496,721
2245,722
1125,723
3263,724
586,725
4076,726
1818,727
3246,728
520,729
1849,730
4954,731
4767,732
1253,733
42,734
1043,735
813,736
3179,737
69,738
2344,739
2843,740
4828,741
271,742
755,743
2336,744
4896,744
1174,745
1694,746
1195,747
1132,748
2504,749
3880,751
4743,752
1504,753
3502,754
2896,755
4083,756
4828,757
4254,758
30,759
4914,760
4930,761
4183,762
3019,764
4688,765
4775,766
2446,767
3058,768
4572,769
3022,770
3276,771
2897,772
1982,773
2079,774
787,775
1640,776
2069,777
2744,779
4009,780
5050,781
1693,783
5079,784
3163,785
855,786
3675,787
443,788
307,789
1415,790
494,791
4715,792
4035,793
1964,794
4828,795
4840,796
3867,797
4982,798
2847,799
3962,800
2021,801
1840,802
2551,803
4425,804
118,805
4211,806
2328,807
174,808
1757,809
982,810
1585,811
3211,812
3460,813
4531,814
3989,815
2477,816
3608,817
2622,818
4846,819
4966,820
959,821
2,822
1113,823
4828,824
629,825
4814,826
2214,827
2833,828
143,829
1935,830
2080,831
1954,832
4662,833
3579,834
3608,835
1874,837
1782,838
2785,839
1799,840
1448,841
1029,842
2954,843
1694,844
1186,844
154,845
1216,846
231,847
4551,848
3114,849
779,850
4424,851
3819,852
3301,853
4168,854
1986,856
717,857
3860,858
1729,859
4546,860
2579,861
4964,862
294,863
554,864
1715,865
4029,866
2239,867
2999,869
2665,870
4546,871
1600,872
591,873
2829,874
572,875
3909,876
522,877
762,878
4476,879
3332,880
4919,881
3783,883
3325,884
629,885
335,886
1715,887
1779,888
594,889
9,890
4258,891
2988,892
653,893
350,894
3660,895
823,896
2794,897
1475,898
2316,899
1772,899
1071,900
1226,901
1063,902
3995,903
142,904
1983,905
1039,906
4999,907
1666,908
2678,909
3048,910
278,911
2372,912
4579,913
3149,914
5066,915
3748,916
4470,917
1756,918
3007,919
2109,919
2803,920
5021,921
2983,922
1916,923
4183,924
2030,925
1803,926
2790,927
3190,928
1973,928
2097,929
1034,930
3748,931
3199,932
2174,933
2405,934
3878,935
535,936
523,937
1527,938
2669,939
1818,940
2622,941
2654,942
2637,943
3163,944
717,945
5050,946
5027,947
4112,948
3100,949
625,949
2538,950
2467,951
316,952
2515,953
3660,954
4828,955
1952,956
3562,957
1523,958
823,959
4493,960
465,961
803,962
3077,963
33,964
4018,965
648,966
4913,967
5073,968
314,969
536,970
1102,971
4183,972
2968,972
1413,973
464,974
2330,975
1888,976
1186,978
1177,978
2316,979
719,980
1989,981
2745,982
3006,984
3340,985
4178,986
3298,987
804,988
4546,989
1010,990
2648,991
2104,993
1102,994
1864,995
375,997
284,998
4705,999
2467,1000
4828,1001
3524,1002
4350,1004
82,1005
2350,1006
1186,1007
3161,1008
1205,1009
2999,1010
5050,1011
2109,1012
886,1013
3320,1014
4582,1015
2301,1016
3889,1017
717,1018
1483,1019
1694,1020
1186,1020
65,1021
734,1022
1039,1024
4183,1025
3077,1025
1186,1026
4547,1027
4544,1028
3773,1029
1415,1030
202,1031
2540,1032
1386,1033
3994,1034
2281,1034
1374,1035
3669,1036
3978,1037
411,1038
696,1039
1173,1040
1201,1041
4828,1042
2621,1043
490,1044
4160,1045
352,1046
1415,1047
959,1048
156,1049
3340,1050
2069,1051
673,1053
240,1054
3938,1055
1127,1056
2519,1057
2225,1058
1696,1059
3188,1060
3711,1061
1011,1062
3301,1063
3405,1064
1186,1065
4775,1066
759,1067
2308,1068
481,1069
2039,1070
1630,1071
969,1072
3816,1073
3470,1074
4828,1075
1206,1076
2965,1077
2030,1078
3752,1078
4927,1079
1833,1080
2678,1081
1563,1082
3163,1083
3836,1084
217,1085
3604,1086
4759,1087
3098,1088
751,1089
1262,1090
2086,1091
3616,1092
925,1093
3752,1094
535,1095
3449,1096
551,1097
3191,1098
2095,1099
3291,1100
1174,1101
959,1102
4344,1103
4151,1104
1430,1105
4701,1106
4559,1107
4327,1108
4278,1109
1568,1110
1428,1111
4761,1112
1011,1113
2766,1114
4572,1115
4392,1116
4094,1117
4828,1118
3733,1119
524,1120
629,1121
3199,1123
1071,1124
3473,1125
1357,1126
392,1127
1362,1128
3113,1129
1400,1130
786,1132
4995,1133
1447,1134
3221,1135
1784,1136
4382,1137
4260,1138
3380,1139
2548,1140
3927,1142
4259,1143
1174,1144
3131,1145
905,1146
618,1147
2803,1148
838,1149
1132,1150
2707,1151
4824,1152
2244,1153
4187,1154
186,1155
1174,1156
459,1157
1750,1158
3039,1159
4512,1160
3313,1161
4745,1162
959,1163
3152,1164
1903,1165
1557,1166
4303,1167
2268,1168
1948,1169
2286,1170
304,1171
347,1172
4795,1173
2633,1175
3340,1176
1528,1178
1195,1179
1069,1180
1119,1181
3622,1182
2502,1183
4403,1184
3818,1185
3601,1186
4828,1187
241,1188
4226,1189
3559,1190
2737,1191
5025,1192
2522,1193
3482,1194
2790,1195
1539,1196
3801,1197
1907,1198
4828,1199
2443,1200
1625,1201
1414,1202
5050,1203
3025,1204
4256,1205
2066,1206
3075,1207
2223,1208
1281,1209
1486,1210
3648,1211
2340,1212
1112,1213
4021,1214
1540,1215
4559,1216
1486,1217
676,1218
746,1219
1053,1220
4178,1221
1012,1222
4999,1223
2779,1224
225,1225
3835,1226
3261,1227
5066,1228
3475,1230
4687,1231
1963,1232
3575,1232
200,1233
1197,1234
3879,1235
2795,1236
5077,1237
2762,1238
3387,1239
2261,1240
909,1241
1415,1242
1801,1243
4795,1244
4969,1245
2717,1246
3073,1247
2721,1248
3143,1249
3996,1250
119,1251
4919,1252
1661,1253
3380,1254
1708,1255
1006,1256
2963,1257
676,1258
1552,1260
3335,1261
2065,1262
19,1263
1127,1264
879,1265
2592,1266
970,1267
3518,1269
4541,1269
1413,1270
4659,1271
2486,1272
2132,1274
4891,1275
1916,1276
2966,1277
4848,1279
469,1280
1739,1281
2414,1282
4244,1283
3974,1284
5050,1285
1118,1286
3387,1287
2595,1288
3261,1289
4192,1290
4693,1291
562,1292
2682,1293
3300,1294
4431,1295
4183,1296
1375,1297
2357,1298
3349,1300
567,1301
2006,1302
4830,1303
2894,1304
25,1305
4642,1307
3655,1308
4828,1309
4828,1310
4080,1311
1174,1313
680,1314
4597,1315
4895,1316
3081,1317
1756,1318
2079,1319
1510,1320
1856,1321
2390,1322
1234,1323
1497,1324
2157,1325
481,1326
1415,1327
398,1329
180,1330
2109,1331
727,1332
1169,1333
1286,1334
2076,1335
206,1336
2030,1337
981,1338
3974,1339
4986,1340
3238,1341
1181,1342
4789,1343
3009,1344
2028,1345
3592,1346
3752,1347
2030,1347
897,1348
2955,1349
1508,1350
2076,1351
2283,1352
1321,1352
910,1353
3573,1354
3902,1355
161,1356
2274,1357
2344,1358
721,1359
3742,1360
1533,1361
4828,1362
4029,1363
5050,1365
2678,1366
2999,1367
517,1368
2999,1369
2123,1370
3021,1371
1834,1372
2589,1373
633,1374
2803,1376
4247,1377
1186,1378
1648,1380
2277,1381
2083,1382
3833,1383
4728,1384
1453,1385
3832,1386
4828,1387
2877,1388
2625,1389
4697,1390
3227,1391
3144,1393
3965,1394
2635,1395
3867,1396
638,1397
1690,1398
2426,1399
3163,1400
1005,1401
186,1402
2683,1403
2216,1404
4372,1405
2373,1406
3752,1407
1491,1408
4521,1409
4475,1410
1186,1411
2678,1412
518,1414
2735,1415
431,1416
4189,1417
3179,1418
2045,1419
3487,1420
2803,1421
2427,1422
4395,1424
798,1425
4795,1426
4867,1428
2277,1429
866,1430
4597,1431
4828,1432
2281,1434
3971,1435
2218,1436
75,1437
629,1438
4481,1439
637,1440
2711,1441
2740,1442
129,1443
5112,1444
2600,1445
316,1446
1609,1447
595,1448
4155,1449
37,1450
4999,1451
3752,1452
2030,1452
1756,1452
1551,1453
677,1454
2805,1455
3022,1456
1337,1457
4828,1458
4546,1459
4183,1459
3889,1460
136,1461
1162,1462
994,1463
4022,1464
370,1465
2711,1466
815,1467
1343,1467
1838,1468
3783,1469
184,1470
5022,1471
2732,1472
5000,1473
5071,1474
3130,1475
2755,1477
1433,1478
2216,1479
2023,1481
251,1482
639,1483
2833,1484
2772,1485
2215,1486
1836,1487
3515,1488
2880,1489
2101,1490
3340,1491
2611,1492
4412,1493
33,1494
1557,1495
2770,1496
2075,1497
1433,1498
5021,1499
4623,1500
3261,1501
2433,1502
5037,1503
3144,1504
959,1505
2084,1506
3733,1507
4738,1508
3871,1509
2790,1510
2117,1511
2639,1512
3681,1513
3119,1514
1398,1515
3132,1516
1899,1517
4807,1518
1921,1519
3178,1520
524,1521
3998,1522
1658,1523
2319,1524
2999,1525
3269,1526
1336,1527
1820,1528
959,1529
1247,1531
269,1532
1903,1533
1894,1534
3199,1535
4121,1536
3465,1537
3695,1538
2959,1539
3015,1540
2130,1541
2332,1542
4501,1543
4978,1544
468,1545
4437,1546
2302,1547
2364,1548
3566,1549
4587,1550
1868,1551
4272,1552
4134,1553
239,1554
1405,1555
25,1555
4244,1556
1592,1556
3938,1557
1382,1558
3805,1559
763,1559
1643,1560
2515,1561
1159,1562
1786,1563
3242,1564
3323,1565
4029,1566
4392,1567
2897,1568
2125,1569
4333,1570
2616,1571
2803,1572
2340,1573
3524,1574
319,1575
1580,1576
4989,1577
4524,1578
1300,1579
1675,1580
676,1581
1110,1582
1114,1583
2156,1584
3974,1585
2030,1586
4,1587
3516,1588
1158,1589
1944,1590
302,1591
574,1592
4919,1593
4183,1595
3849,1596
3745,1597
406,1599
660,1600
4980,1601
893,1602
2982,1603
3327,1604
2274,1605
2849,1606
959,1607
1509,1608
2962,1609
1174,1610
3598,1611
4094,1612
2681,1613
2030,1614
4787,1614
3827,1615
2852,1616
3937,1617
2803,1618
2403,1620
4752,1621
1415,1622
1517,1623
3236,1624
4929,1625
2094,1626
72,1627
841,1628
4611,1629
4299,1630
683,1631
4799,1632
2639,1633
3676,1634
4466,1635
2809,1636
1146,1637
1898,1638
2244,1641
2576,1642
2548,1643
2631,1644
2223,1645
1705,1646
2897,1647
4967,1648
3325,1649
2726,1650
1476,1651
1218,1652
4394,1653
481,1654
1710,1656
3261,1657
2860,1658
4073,1659
2962,1660
5050,1661
1369,1662
4033,1663
426,1664
3783,1665
1964,1666
2709,1667
58,1668
2380,1669
185,1671
1337,1672
2359,1673
2289,1674
2641,1675
244,1676
1759,1677
358,1678
2216,1679
2941,1680
3582,1681
74,1682
2187,1683
3190,1684
86,1685
426,1686
1677,1687
2667,1688
1123,1689
2984,1690
68,1691
1643,1692
3189,1693
41,1694
467,1695
3337,1696
1127,1697
1613,1698
25,1699
3437,1700
4550,1701
1888,1702
2272,1703
737,1704
83,1705
4771,1706
721,1707
4708,1708
1282,1709
1659,1710
4506,1711
33,1712
2568,1713
1479,1714
2503,1715
1139,1716
2821,1717
4576,1718
2607,1719
1719,1720
4965,1721
2607,1723
4183,1724
1564,1725
4392,1726
3597,1727
1365,1728
2079,1729
4611,1730
3608,1730
3244,1731
4704,1732
4828,1733
1785,1734
5005,1735
529,1735
629,1736
2283,1737
1321,1737
1177,1738
3981,1739
2028,1740
1354,1741
692,1742
1506,1743
3837,1744
2217,1745
1219,1746
1258,1747
3899,1748
3662,1749
3789,1750
3752,1751
2030,1751
1756,1751
1630,1753
4935,1754
3692,1755
631,1756
910,1757
3518,1759
1470,1760
3682,1761
3081,1762
2836,1763
169,1764
5104,1765
1841,1766
1478,1767
2356,1768
605,1769
4996,1771
18,1772
4183,1773
1127,1773
97,1773
3196,1774
1381,1774
4375,1775
4964,1776
1608,1777
3999,1778
1486,1779
4828,1780
1550,1781
682,1782
1428,1783
2094,1784
4711,1785
1177,1786
2804,1787
2531,1788
1560,1789
1415,1791
2477,1792
1258,1793
2538,1794
1127,1795
3184,1796
676,1797
2372,1799
3210,1801
2644,1802
186,1803
1994,1804
3678,1805
3261,1806
4470,1807
3974,1808
1967,1809
139,1810
2320,1811
4554,1812
4964,1813
4058,1814
3795,1815
3106,1816
3369,1817
3453,1818
1604,1819
4183,1820
2669,1821
1785,1822
4173,1823
481,1824
4164,1825
3277,1826
2620,1827
1785,1828
841,1829
1826,1830
3557,1831
4123,1832
3039,1833
3987,1834
2335,1835
3086,1836
3073,1837
1465,1838
3081,1839
2477,1840
1895,1841
676,1842
4787,1843
4326,1844
540,1845
2589,1846
5001,1847
2324,1848
2277,1849
1415,1850
5115,1851
1057,1852
5047,1853
4761,1854
4076,1855
3190,1856
1973,1856
3073,1857
3029,1858
2803,1859
2554,1860
3233,1861
956,1863
718,1864
4710,1865
3199,1866
2847,1867
2743,1868
3477,1869
2921,1870
4959,1872
3757,1873
1797,1874
3798,1875
4372,1876
789,1877
5028,1878
3038,1879
4392,1880
282,1881
1667,1882
4260,1883
204,1885
697,1886
481,1887
4000,1888
2999,1889
2414,1890
34,1891
1586,1892
257,1893
1512,1894
3611,1895
5050,1896
5050,1897
5015,1898
3856,1899
5040,1900
1604,1901
3570,1902
1981,1903
97,1904
4076,1905
4810,1906
807,1907
639,1908
2803,1909
2298,1910
2543,1912
1553,1913
4182,1914
1661,1916
4129,1917
4806,1918
1781,1919
2620,1921
4550,1922
147,1923
1783,1924
72,1925
910,1927
1509,1928
132,1929
3213,1930
4920,1931
1420,1932
986,1933
4859,1934
2477,1935
1020,1936
1322,1937
4076,1938
2566,1939
1756,1940
1174,1941
2759,1942
3455,1943
959,1944
582,1945
4903,1946
2566,1948
2384,1949
2294,1950
4164,1951
3938,1952
747,1953
1694,1954
3938,1955
832,1956
4410,1957
3169,1958
2759,1959
1275,1959
606,1960
4678,1961
958,1961
1248,1962
3752,1963
3724,1964
4616,1965
4807,1966
1568,1967
1637,1968
3911,1969
2975,1970
1139,1971
3190,1972
1973,1972
2639,1973
1878,1974
239,1975
2179,1978
3859,1979
4081,1980
1524,1981
2781,1982
1945,1983
604,1984
3238,1985
481,1986
2192,1987
639,1988
2997,1989
208,1990
2283,1991
1321,1991
4331,1992
4867,1993
3795,1994
4882,1995
1803,1996
2669,1997
4308,1998
1728,1999
1430,2000
917,2001
2678,2002
481,2003
1840,2004
836,2005
3577,2006
994,2007
3931,2008
2470,2009
3838,2010
2223,2011
4183,2012
2263,2014
774,2015
5016,2016
4726,2018
172,2019
1174,2020
1111,2021
204,2022
970,2023
4859,2024
3608,2025
3003,2026
2085,2027
1776,2028
67,2029
959,2030
629,2033
1343,2034
1433,2035
1630,2036
3907,2037
1660,2038
4434,2039
793,2040
2597,2041
1142,2042
4968,2043
855,2044
2482,2045
2202,2046
4563,2047
1357,2048
3720,2049
432,2050
1091,2051
1734,2052
1434,2053
4877,2054
2109,2056
3853,2057
1336,2058
4582,2059
4828,2061
3244,2062
4629,2063
4177,2064
4545,2065
2312,2066
936,2067
3073,2068
960,2069
1037,2070
4164,2071
3449,2072
1336,2073
5050,2074
3974,2075
3820,2076
4867,2077
4011,2078
325,2079
959,2080
3056,2081
924,2082
833,2083
663,2084
1315,2085
1086,2086
4856,2087
1461,2088
1187,2089
618,2090
3261,2091
2669,2092
2263,2093
417,2095
3038,2096
2066,2097
440,2098
2678,2100
4689,2101
5037,2102
5011,2103
4663,2104
3682,2105
2819,2106
2191,2107
910,2108
2793,2109
2570,2110
1428,2111
111,2112
2745,2113
3073,2114
13,2115
3038,2116
4183,2117
4939,2118
4251,2119
2790,2120
1458,2121
2322,2122
3199,2123
155,2124
4636,2125
3561,2126
2060,2127
4954,2128
3777,2129
3062,2130
3152,2132
1174,2132
895,2132
5001,2133
4183,2134
2216,2135
2799,2137
4519,2138
2911,2139
2968,2140
1127,2140
5041,2141
2628,2143
4966,2144
3003,2145
2403,2146
854,2147
2120,2148
4327,2149
3660,2150
3044,2151
489,2152
3545,2153
2855,2154
291,2155
1552,2156
4444,2157
4947,2158
4622,2159
3676,2160
2445,2161
1124,2162
97,2164
910,2165
4116,2166
45,2167
4692,2168
5097,2169
2803,2170
3022,2171
3710,2172
4775,2173
602,2173
3688,2174
2744,2175
2652,2176
3415,2177
2615,2178
426,2179
3776,2180
3466,2181
5080,2183
803,2184
2623,2185
4655,2186
333,2187
753,2188
2867,2189
273,2190
3700,2191
1568,2192
3674,2193
727,2194
3852,2196
539,2197
4828,2198
910,2199
1823,2200
3660,2201
1860,2202
3663,2203
4076,2204
3324,2206
1063,2207
4183,2208
3317,2209
266,2209
1564,2210
3673,2211
5112,2212
686,2213
3888,2214
3000,2215
4771,2216
2540,2217
496,2218
2822,2219
3752,2220
1756,2220
2030,2220
3053,2221
2216,2222
4012,2223
4582,2224
186,2225
4232,2226
4830,2227
5032,2228
644,2229
4811,2230
2299,2231
2903,2232
4551,2233
4158,2234
4492,2235
4201,2236
4251,2237
2651,2238
4981,2239
1776,2240
978,2241
2639,2242
3057,2243
4964,2244
4000,2245
624,2246
3483,2247
959,2248
4029,2249
1758,2250
4712,2251
4164,2252
608,2253
2350,2254
943,2255
3535,2256
4396,2257
706,2258
3687,2259
1587,2260
2182,2261
766,2262
3453,2263
4056,2264
3301,2265
1186,2266
2477,2267
2557,2268
5056,2269
481,2270
3994,2271
1953,2272
4828,2273
2166,2274
3228,2275
2480,2276
1694,2277
2883,2278
1115,2279
186,2280
3470,2281
2453,2282
4,2283
3272,2284
3867,2285
1320,2286
3448,2287
5109,2288
3152,2289
2170,2290
4259,2290
221,2291
996,2292
3345,2293
4820,2294
4438,2295
403,2296
3060,2297
4611,2298
3325,2299
3466,2300
4703,2302
2678,2303
379,2304
274,2306
369,2307
3859,2308
2407,2309
4619,2310
959,2311
1708,2312
4234,2314
1130,2315
3537,2316
4030,2317
2147,2318
1225,2319
1369,2320
3602,2321
5053,2322
3081,2322
566,2323
2917,2324
991,2325
3440,2326
3664,2327
4597,2328
4828,2329
967,2330
228,2331
984,2332
2223,2333
5106,2334
4876,2335
1045,2336
2987,2337
609,2338
4183,2339
1203,2340
2304,2341
5047,2342
2049,2344
3095,2345
361,2346
2566,2347
3752,2348
2030,2348
1756,2348
3008,2349
3748,2350
2871,2352
1568,2353
2472,2354
2101,2355
4808,2357
3022,2358
4799,2359
3894,2360
1474,2361
1126,2362
2717,2363
2149,2364
186,2365
3778,2366
4033,2367
3325,2367
2634,2368
676,2369
959,2370
1706,2371
1540,2372
4192,2373
1520,2374
112,2375
2256,2376
2271,2377
2717,2378
1067,2379
4847,2380
1986,2381
1407,2382
2004,2383
4142,2384
1074,2385
1804,2386
4654,2387
4460,2388
3211,2389
4052,2390
3293,2391
4373,2392
345,2393
1517,2394
4446,2395
3579,2396
2993,2397
3075,2398
1177,2399
3031,2400
1524,2400
1177,2401
5067,2402
2109,2403
3828,2404
5025,2405
4076,2406
446,2407
3380,2408
1486,2411
64,2413
3120,2414
4052,2415
4291,2416
4558,2417
4183,2419
1174,2420
3700,2422
2142,2423
2403,2424
379,2425
3271,2426
2340,2427
1177,2427
1626,2428
1814,2429
2745,2431
249,2432
629,2433
2896,2434
4597,2435
4045,2436
4343,2437
2668,2438
2431,2439
5096,2440
1174,2441
4820,2442
4429,2443
3748,2444
1099,2445
4118,2446
2744,2447
879,2448
516,2449
1315,2450
921,2450
1946,2451
5116,2453
1673,2454
1039,2455
2565,2456
3875,2458
3488,2459
2717,2460
693,2461
3681,2462
3081,2463
3748,2464
4477,2465
4642,2466
3148,2467
832,2468
432,2469
3901,2470
3077,2471
910,2472
3449,2473
1630,2474
4608,2476
2540,2477
4890,2478
4176,2479
1886,2480
772,2481
1536,2483
4238,2484
893,2485
4415,2486
4260,2487
83,2488
811,2489
2150,2491
3660,2492
3405,2493
1565,2495
802,2496
4459,2497
2540,2498
2301,2499
216,2500
1223,2501
207,2502
4673,2503
1838,2504
3470,2505
4899,2506
910,2507
642,2508
2308,2509
1960,2510
1272,2511
4130,2512
1174,2513
275,2514
4392,2515
2844,2516
3783,2518
523,2519
3817,2520
3081,2521
4039,2522
4596,2523
641,2524
2782,2525
4875,2526
83,2527
3891,2528
5023,2529
1037,2530
598,2533
1174,2534
4811,2535
3410,2536
3974,2537
3752,2537
3974,2538
2969,2539
4622,2540
2423,2541
124,2542
3485,2543
3024,2544
613,2545
1616,2546
3658,2547
5025,2548
3403,2549
4896,2550
4194,2551
1963,2552
294,2553
3470,2554
4529,2555
3433,2556
3345,2557
3417,2558
4635,2559
2652,2560
1698,2561
4828,2562
1238,2563
4422,2564
2248,2565
5050,2566
2780,2568
4244,2569
1592,2569
432,2570
4214,2571
4546,2572
1986,2573
4546,2574
3772,2575
4127,2576
994,2577
2733,2578
2345,2579
3936,2580
1264,2581
1978,2582
4618,2583
638,2584
2870,2585
4350,2586
1127,2587
2361,2588
2886,2589
3178,2590
1568,2591
3936,2592
2002,2593
1375,2594
490,2595
3674,2596
4744,2597
1842,2598
3190,2600
1973,2600
3898,2601
34,2602
2967,2603
4795,2604
138,2605
2547,2606
4611,2607
2667,2609
2126,2609
904,2610
584,2611
4707,2612
4561,2613
3326,2614
1127,2615
1301,2618
3885,2619
2142,2620
219,2621
954,2622
1756,2623
2678,2624
4033,2625
759,2626
1050,2627
3924,2628
5106,2629
3237,2630
485,2631
2522,2632
959,2633
2585,2634
3752,2635
2030,2635
3240,2636
1140,2637
3073,2638
3498,2639
1588,2640
4828,2641
4227,2642
1186,2643
1391,2644
1434,2645
287,2646
1837,2647
1315,2648
2941,2649
345,2650
4828,2651
4350,2652
1704,2653
420,2654
186,2655
4926,2656
4704,2657
1131,2658
874,2659
2676,2660
3909,2661
3950,2663
5012,2665
2669,2666
5074,2667
2352,2668
1174,2669
1601,2670
976,2671
1431,2672
1395,2673
2678,2674
3866,2676
910,2677
4864,2678
3751,2679
1210,2680
3200,2681
2185,2682
2589,2683
2194,2684
750,2685
3325,2686
4183,2687
3611,2688
3937,2690
829,2691
4653,2692
347,2693
4828,2694
3722,2695
3634,2697
3573,2698
4820,2699
2669,2700
4903,2701
4491,2702
3299,2703
4306,2704
3190,2705
1973,2705
3325,2706
1049,2707
345,2708
4828,2709
3073,2710
494,2711
454,2712
3229,2713
1177,2714
617,2715
2083,2716
3997,2717
4770,2718
1962,2719
4229,2720
4092,2721
716,2722
3380,2723
2427,2724
4705,2725
1405,2726
4790,2727
1369,2728
4048,2729
910,2731
160,2732
1685,2733
4164,2734
2382,2735
2474,2736
4977,2737
5043,2738
3517,2739
1264,2740
566,2741
4022,2742
1483,2743
4392,2744
2079,2745
4027,2746
3380,2747
2058,2748
763,2749
2131,2750
599,2751
3002,2752
91,2753
44,2754
4612,2756
3922,2757
941,2757
2536,2758
2502,2759
1715,2760
2122,2761
126,2762
100,2763
909,2764
262,2765
1246,2766
3124,2767
5053,2769
909,2770
2953,2771
1415,2772
1250,2773
2294,2774
2897,2775
1708,2776
4623,2777
2710,2778
1142,2779
4383,2780
1060,2781
3974,2782
4831,2783
707,2784
1092,2785
1127,2787
4918,2788
4178,2789
4940,2790
2094,2791
3047,2792
2432,2793
3359,2794
295,2795
2210,2796
4878,2797
1072,2798
1380,2799
2416,2800
4339,2801
2295,2802
433,2803
1415,2804
1305,2805
4094,2806
5053,2807
4145,2807
4134,2807
3152,2808
1174,2808
895,2808
2801,2809
3325,2810
3054,2811
3208,2812
2606,2813
1037,2815
2540,2816
186,2817
3736,2818
2675,2819
3979,2820
4392,2821
3211,2822
884,2823
5050,2824
1315,2825
3431,2826
4067,2827
1375,2828
2803,2829
4029,2830
4854,2831
4269,2833
4255,2834
2448,2835
1806,2836
3073,2837
3867,2838
3456,2839
1810,2840
910,2841
2094,2842
1025,2843
4954,2844
1557,2845
3969,2846
4424,2847
2792,2848
2414,2849
3180,2850
1195,2851
263,2852
3065,2853
4445,2854
630,2855
2582,2856
25,2857
4597,2859
1894,2860
4694,2862
3982,2863
1668,2864
3579,2865
387,2866
1946,2867
1520,2868
1062,2869
1563,2870
2174,2871
931,2872
3748,2873
3479,2874
2030,2875
1312,2876
4704,2878
1078,2879
2806,2880
1937,2881
35,2882
2315,2883
2038,2884
2661,2885
2099,2886
1241,2887
4954,2888
3046,2889
2217,2890
2883,2891
4916,2892
2271,2893
684,2894
1757,2895
2538,2896
757,2897
3899,2898
4539,2899
647,2900
1006,2902
1842,2904
2005,2905
4522,2906
4530,2907
2891,2908
2625,2909
2283,2910
1599,2911
1028,2912
2216,2913
1467,2914
1174,2915
5010,2917
1935,2918
4828,2919
2744,2920
2678,2921
3780,2922
3972,2923
1001,2924
4201,2925
3608,2926
40,2927
532,2928
4323,2929
1842,2930
1943,2931
2394,2932
2349,2933
271,2934
1465,2935
664,2936
1882,2937
4550,2938
1756,2939
975,2940
2384,2941
3107,2942
345,2943
481,2944
4714,2945
3550,2946
3579,2947
1659,2949
4354,2950
3154,2951
4906,2952
889,2954
4065,2955
2564,2956
3367,2957
1177,2958
996,2961
2986,2962
1247,2963
2896,2964
3745,2965
1127,2966
3336,2967
994,2968
910,2969
1816,2970
1730,2971
2881,2972
4582,2973
2249,2974
2839,2975
2207,2976
1938,2977
4468,2978
959,2979
4325,2980
1409,2981
4752,2982
1947,2983
2979,2984
1568,2985
240,2986
4188,2987
639,2988
1039,2989
1884,2990
573,2991
2402,2992
1864,2993
4546,2994
4183,2994
1832,2995
4611,2996
3876,2997
676,2998
345,2999
4611,3000
4828,3001
3674,3002
2623,3003
1568,3004
4413,3005
186,3006
3194,3007
314,3008
3176,3009
3846,3010
1151,3011
1831,3012
1549,3013
2393,3014
2477,3015
3599,3016
119,3017
3611,3018
4565,3020
939,3021
4957,3022
2100,3023
4961,3024
2937,3025
3889,3026
2249,3027
2923,3028
3000,3029
2898,3030
2020,3031
2079,3032
910,3033
940,3034
1415,3035
2477,3036
691,3037
838,3038
2343,3040
895,3041
3693,3042
3328,3043
169,3044
1110,3045
834,3046
2320,3047
1415,3048
2430,3049
3297,3050
3787,3051
633,3052
2731,3053
3994,3054
4639,3055
2014,3056
997,3057
3759,3058
559,3060
4387,3061
5089,3062
2569,3063
3161,3064
1404,3065
1051,3066
2009,3067
1478,3068
3005,3069
2999,3070
3144,3071
3340,3072
959,3073
3613,3074
2127,3075
1293,3076
186,3077
2608,3078
33,3079
99,3081
1832,3082
2221,3083
2997,3084
4076,3085
1797,3086
151,3087
3073,3088
447,3090
1460,3091
1309,3092
3199,3093
1847,3094
845,3095
4582,3096
3937,3097
2751,3098
4390,3099
3228,3100
3528,3101
3837,3102
4571,3103
533,3104
970,3105
25,3106
4320,3107
4581,3108
1425,3109
166,3110
1977,3111
2855,3112
2036,3113
1891,3114
2983,3115
3556,3116
1513,3117
576,3118
2941,3119
2326,3120
3856,3121
1204,3122
1177,3123
3380,3124
3340,3125
1831,3126
3937,3127
2999,3128
2856,3129
4515,3130
1073,3131
768,3131
3974,3132
1588,3133
2774,3134
4787,3135
4722,3136
4076,3137
4971,3138
1056,3139
3073,3140
2357,3142
2768,3143
2166,3144
4999,3145
2424,3146
3745,3147
3340,3148
3675,3149
3070,3150
3774,3151
3963,3152
3880,3153
4092,3154
1214,3155
1524,3156
1714,3157
1456,3158
1486,3159
2450,3160
2882,3161
3752,3162
5050,3163
3317,3164
183,3165
2510,3166
959,3167
2916,3168
4903,3169
1073,3170
4370,3171
2883,3172
4656,3173
1585,3174
340,3175
2407,3176
987,3177
1535,3178
2744,3179
151,3180
602,3181
3795,3182
5113,3183
1304,3184
2494,3185
4339,3186
1615,3187
1113,3188
1916,3189
4657,3190
4385,3192
5096,3193
1434,3194
2626,3195
1443,3196
3996,3197
1415,3198
4464,3200
2404,3201
1512,3202
2560,3203
1297,3204
3325,3205
1090,3206
4828,3207
2542,3208
2667,3209
2997,3210
2210,3211
1102,3212
4336,3213
2684,3214
3752,3215
2030,3215
1756,3215
1844,3216
3356,3217
608,3218
2290,3219
3751,3220
4048,3221
3380,3222
2285,3223
4828,3224
1552,3225
4007,3226
718,3227
1694,3228
4865,3229
2548,3230
4607,3231
691,3232
598,3233
4775,3234
4746,3235
2397,3236
1415,3237
4828,3238
994,3239
1242,3240
3822,3241
1174,3242
895,3242
5080,3243
4954,3244
4284,3245
3645,3246
4640,3247
2748,3248
4828,3249
345,3250
4071,3251
4164,3252
3363,3253
129,3254
629,3255
4201,3256
1657,3258
4469,3259
1833,3260
1415,3261
615,3262
236,3263
3306,3264
481,3265
79,3266
3085,3267
1969,3268
1572,3269
608,3272
917,3273
271,3274
3036,3275
23,3276
4869,3277
2987,3278
5036,3280
1890,3281
3394,3282
1501,3283
4716,3284
723,3285
4546,3286
2301,3287
2526,3288
4794,3288
2919,3289
2727,3290
3008,3291
1849,3292
2612,3293
2833,3294
1526,3295
4897,3296
4435,3297
264,3298
3228,3299
3003,3300
3261,3301
1135,3302
4913,3303
5055,3304
3056,3305
3098,3306
629,3307
3263,3308
2467,3309
299,3310
3447,3311
393,3312
1665,3313
95,3314
619,3315
3414,3316
4718,3317
722,3318
1715,3319
2755,3320
3748,3321
2929,3322
2069,3323
527,3324
3211,3325
4183,3326
4389,3327
3031,3328
1524,3328
4450,3329
8,3330
2938,3331
2181,3332
3411,3333
111,3334
1765,3335
3301,3336
3140,3337
1109,3337
1982,3338
46,3339
3922,3340
3459,3342
4463,3343
367,3344
249,3345
1174,3346
3974,3347
97,3348
962,3350
883,3351
4922,3352
4559,3353
4916,3354
1277,3355
4060,3356
2528,3357
487,3358
4211,3359
572,3360
4768,3361
3660,3362
1543,3363
676,3365
3288,3367
583,3368
202,3369
2009,3370
3978,3371
896,3372
2340,3374
4434,3375
2360,3376
1174,3377
939,3378
2782,3379
3403,3380
1952,3381
1805,3382
432,3383
4974,3384
481,3385
2548,3386
4777,3387
4775,3388
587,3389
3929,3390
1529,3391
4162,3392
1493,3393
3621,3394
3229,3395
4752,3396
3936,3397
4786,3398
4346,3399
1606,3400
2109,3401
4546,3402
1127,3402
2999,3403
3329,3404
4084,3405
3497,3406
2308,3407
334,3408
4120,3409
4609,3410
2637,3411
3665,3412
1773,3413
4828,3414
3342,3415
3086,3416
5029,3417
93,3418
651,3419
3408,3420
4828,3421
3688,3422
4327,3423
315,3424
3660,3425
1848,3426
3936,3427
3940,3428
2429,3430
1694,3431
1186,3431
1177,3431
3470,3432
4205,3433
798,3434
3301,3435
1429,3436
2759,3437
3764,3439
959,3440
3115,3441
1759,3442
4853,3443
4115,3445
3075,3446
202,3447
1756,3448
2030,3448
3752,3448
1127,3449
2674,3450
3164,3451
1287,3452
1186,3453
3795,3454
4846,3455
1441,3456
2630,3457
615,3458
3108,3459
3218,3460
3748,3461
1209,3462
4538,3463
1705,3465
2473,3466
1437,3467
3152,3468
3571,3469
333,3470
1357,3471
2828,3472
352,3473
2891,3474
2999,3475
2438,3476
2264,3477
2964,3478
714,3479
3296,3481
4828,3482
935,3483
1861,3484
4455,3485
2745,3486
602,3487
641,3488
4257,3489
4799,3490
3674,3491
3880,3492
2898,3493
3783,3494
2329,3495
1334,3496
4377,3497
3745,3498
2634,3499
1699,3500
1421,3501
1694,3502
1186,3502
1610,3503
2924,3504
3257,3505
1429,3506
3836,3507
1465,3508
3261,3509
4664,3510
4816,3511
949,3512
3293,3513
4394,3514
1638,3515
5047,3516
3709,3517
2999,3518
5050,3519
4252,3520
2061,3521
2081,3522
1978,3523
4775,3524
4731,3525
3974,3526
2753,3526
4494,3527
186,3528
3366,3529
1263,3530
4445,3532
3914,3533
4619,3534
2023,3535
2480,3536
3752,3537
1127,3538
3978,3539
4775,3540
4550,3540
602,3540
3073,3541
202,3542
1741,3543
1360,3544
345,3545
2999,3546
619,3547
3342,3548
737,3549
2062,3550
3603,3551
1132,3552
4539,3553
2433,3554
3033,3555
3052,3556
173,3557
572,3558
3560,3559
4919,3561
3979,3562
2968,3562
4164,3564
2651,3565
1864,3566
2195,3567
1019,3568
1042,3569
2177,3570
964,3571
2079,3572
3939,3573
3608,3574
4582,3575
3752,3576
2030,3576
1507,3577
576,3578
191,3579
2765,3580
3407,3581
4785,3582
3162,3583
4386,3584
968,3585
1092,3586
4820,3587
5088,3588
2899,3589
2678,3590
1688,3591
3608,3592
3301,3594
900,3595
2623,3596
110,3597
695,3598
345,3600
4828,3601
1738,3602
3776,3604
5087,3605
4129,3606
4372,3607
4273,3608
2446,3608
115,3609
482,3610
2980,3611
2109,3612
1168,3613
3867,3615
349,3616
3688,3617
3748,3618
3435,3619
4979,3620
843,3621
304,3622
3008,3623
3793,3624
3922,3625
941,3625
4320,3626
4522,3627
5050,3628
4611,3629
4839,3630
3740,3631
1948,3632
3201,3633
2468,3634
445,3635
4134,3636
3152,3637
3075,3638
1691,3639
3611,3640
2113,3641
2605,3642
2183,3643
4032,3644
2636,3645
329,3646
2095,3647
4183,3648
3921,3649
4820,3650
1276,3651
25,3653
2911,3654
4937,3655
2518,3656
2414,3657
676,3658
4504,3659
3379,3660
1035,3661
5108,3662
3532,3663
1474,3664
1612,3665
1183,3666
2301,3667
3434,3668
2747,3669
1784,3670
537,3671
1699,3672
2239,3673
5053,3674
3081,3674
994,3675
2197,3676
2843,3677
111,3678
4168,3679
4164,3680
2618,3681
4466,3682
3505,3683
2669,3684
1438,3685
2277,3686
1777,3687
50,3688
1725,3689
2263,3690
4173,3691
2982,3692
1316,3695
2932,3696
4546,3697
74,3698
3110,3699
1787,3700
1353,3701
3660,3702
2114,3703
2388,3704
926,3705
4231,3706
194,3707
1410,3708
1136,3709
2941,3710
974,3711
1665,3712
3042,3713
4902,3714
3108,3715
2912,3716
2481,3717
509,3718
3894,3719
675,3720
4462,3721
1179,3722
615,3723
1295,3724
2803,3725
3082,3726
499,3727
1527,3728
784,3729
1370,3730
1377,3731
3837,3732
431,3733
621,3734
3152,3736
2811,3737
3748,3738
4804,3739
3850,3740
2999,3741
1700,3742
3579,3743
4509,3744
3907,3746
355,3747
3147,3749
333,3751
4172,3752
3004,3753
4682,3754
2787,3755
4783,3756
2350,3757
2036,3758
463,3759
3909,3760
1568,3761
4795,3761
1461,3762
1756,3763
4736,3764
3601,3764
4787,3765
2999,3766
1789,3767
2102,3768
3422,3769
1926,3770
3264,3771
1883,3772
269,3773
3202,3774
4521,3775
1186,3776
293,3777
4496,3778
74,3779
1224,3781
2533,3782
1803,3783
2849,3784
4828,3785
2161,3786
1734,3787
612,3788
1194,3789
2030,3790
3752,3790
4415,3791
4029,3792
2310,3793
4367,3794
3081,3795
1986,3796
4183,3797
3503,3798
1824,3799
2196,3801
2999,3802
3502,3803
3073,3804
3707,3805
1821,3806
994,3807
4460,3808
676,3809
5001,3810
2030,3811
1071,3812
2415,3813
4828,3814
3908,3815
3340,3816
4557,3817
2833,3818
1866,3818
2781,3819
4586,3820
2373,3821
3012,3822
4828,3823
4183,3824
4236,3825
1694,3826
324,3827
4951,3828
3564,3829
3752,3830
2030,3830
1428,3831
979,3832
4146,3833
1968,3834
3282,3835
1896,3836
2600,3837
4853,3838
214,3839
5050,3840
1186,3841
2955,3842
4564,3843
3210,3844
3078,3845
658,3846
2293,3847
481,3848
2079,3849
4696,3850
203,3851
3211,3852
3873,3853
3199,3854
2803,3855
1818,3856
4828,3857
1186,3858
707,3860
31,3861
2999,3862
3895,3863
127,3864
4095,3865
345,3866
4828,3867
1691,3868
1866,3869
2678,3870
2302,3871
2597,3872
2299,3874
4655,3875
630,3876
4562,3877
4539,3878
1688,3879
4251,3880
1341,3881
484,3882
1186,3883
2092,3884
2921,3885
707,3886
3058,3887
3752,3888
3704,3889
5025,3890
2999,3891
2022,3892
4270,3893
1415,3894
2001,3895
2139,3896
686,3897
3957,3898
5053,3899
3081,3899
3086,3900
610,3901
1766,3902
1428,3903
5047,3904
500,3906
1928,3907
4820,3908
13,3909
2739,3910
5050,3911
488,3912
345,3913
1841,3914
4828,3915
2655,3916
3818,3917
3952,3918
1135,3919
1764,3920
4201,3921
2994,3922
2240,3923
1317,3924
4611,3925
4507,3926
1486,3927
2311,3928
3003,3929
1822,3930
2004,3931
4421,3932
4885,3933
2422,3934
2277,3935
4432,3936
4073,3937
2560,3938
4164,3939
120,3940
887,3941
2961,3942
3075,3943
2991,3944
993,3945
2803,3946
186,3947
3674,3948
676,3949
4291,3950
2956,3951
1357,3952
965,3953
619,3954
2235,3955
1655,3957
3709,3958
2922,3959
632,3960
4548,3961
3475,3962
1205,3963
769,3964
3510,3965
1289,3966
3414,3967
3440,3968
1740,3970
3081,3971
1929,3972
3579,3973
1665,3974
1018,3975
3365,3976
4617,3977
816,3978
3974,3979
4240,3980
1910,3981
29,3982
3932,3983
1174,3984
2949,3985
2340,3987
3785,3988
3660,3989
4328,3990
160,3991
3043,3992
4792,3993
1681,3994
4885,3995
2395,3996
1147,3997
711,3998
1148,3999
432,4000
2281,4001
728,4002
3476,4003
4279,4004
1415,4005
1066,4006
3119,4007
3327,4008
2575,4009
1591,4010
1357,4011
5053,4012
4145,4012
4134,4012
4740,4013
263,4014
1756,4015
3938,4016
2375,4017
3337,4018
4538,4019
4392,4020
798,4021
5050,4022
4114,4023
2427,4024
3707,4026
3598,4027
2766,4028
3564,4029
4365,4030
3049,4031
2340,4032
644,4033
481,4034
1715,4035
1583,4036
3611,4037
2896,4038
2847,4039
2326,4040
1336,4041
3675,4042
3056,4043
1517,4044
3063,4045
1326,4046
2489,4047
852,4048
5066,4049
3279,4050
3913,4051
3310,4052
2849,4053
2194,4054
2137,4055
1976,4055
895,4056
4903,4057
4993,4058
1127,4059
2047,4060
2330,4060
3321,4061
2081,4062
4538,4063
3810,4064
2803,4065
4750,4066
894,4067
1341,4068
4035,4069
2283,4070
1357,4071
3058,4072
3370,4073
4954,4074
2532,4075
3268,4076
1864,4077
2830,4078
3524,4079
1071,4080
33,4081
2744,4082
2694,4083
1163,4084
443,4085
4838,4086
3902,4087
2745,4088
2982,4089
2341,4090
4343,4092
4287,4093
1808,4094
1174,4095
3971,4096
202,4097
4903,4098
3811,4099
2239,4100
2267,4101
3202,4102
4828,4103
3748,4104
4024,4105
346,4106
2609,4107
859,4108
2717,4109
25,4110
4340,4111
3006,4112
4212,4113
1815,4114
333,4115
2066,4116
1174,4117
3015,4118
4681,4119
4611,4120
717,4121
1568,4122
3107,4123
345,4124
1415,4125
4828,4126
3978,4128
2616,4129
3579,4130
559,4131
3261,4132
2262,4133
3883,4134
661,4136
889,4137
4097,4138
536,4139
1735,4140
1552,4141
4760,4142
74,4143
2347,4144
4427,4145
1519,4146
3126,4147
1541,4148
2745,4149
2999,4150
3210,4151
1439,4152
2313,4153
2258,4154
2328,4155
72,4155
13,4156
4392,4157
4934,4158
705,4159
3462,4159
2865,4160
2678,4161
3496,4162
298,4163
4251,4164
223,4165
955,4166
4793,4167
2717,4168
1409,4169
218,4170
883,4171
4119,4172
3440,4173
891,4174
3696,4175
3020,4176
4550,4177
3325,4178
2983,4179
193,4180
754,4181
3608,4182
2435,4183
480,4184
345,4185
4828,4186
3674,4187
1158,4187
1335,4189
4165,4190
3972,4191
3207,4192
5021,4193
226,4194
1965,4195
1565,4196
2776,4197
354,4198
2929,4200
3446,4202
1978,4203
4008,4204
2669,4205
1800,4206
3935,4207
2003,4209
901,4210
4861,4211
826,4212
3190,4213
3745,4214
404,4215
4457,4216
4883,4217
2414,4218
1715,4219
910,4220
3391,4221
213,4222
676,4223
3402,4224
3056,4225
1478,4226
2873,4227
3698,4228
3596,4230
3188,4231
3644,4231
3092,4232
4183,4233
1127,4233
97,4233
3005,4234
2417,4235
4610,4236
3882,4237
1111,4238
3608,4239
2621,4240
4080,4242
4608,4243
4828,4244
836,4245
798,4246
1174,4247
1287,4248
4649,4249
3533,4251
4368,4252
5053,4253
2813,4254
3786,4255
3001,4256
3152,4257
1540,4258
3624,4259
3677,4260
452,4261
4559,4262
1986,4263
4728,4264
2920,4265
4920,4265
599,4267
4828,4268
4392,4269
2399,4270
202,4271
186,4272
4392,4273
2933,4274
1986,4275
1034,4276
636,4277
4944,4278
3073,4280
2717,4281
781,4282
1484,4283
1618,4284
945,4285
3100,4287
625,4287
4921,4288
5078,4290
4140,4291
1322,4292
1199,4293
1556,4294
2530,4295
752,4296
309,4297
1409,4298
599,4299
3840,4300
2443,4301
4091,4302
2089,4303
3956,4304
390,4305
2259,4306
3246,4307
1217,4308
2725,4309
3110,4310
391,4311
4775,4312
4550,4312
602,4312
1998,4314
676,4315
3211,4316
1859,4317
3527,4318
4828,4319
1756,4320
2999,4321
2249,4322
3327,4323
4076,4324
3575,4325
4966,4326
3073,4327
2895,4328
2803,4329
1549,4330
4192,4331
311,4332
752,4333
4310,4334
4855,4335
1539,4336
2427,4337
1384,4338
4323,4339
3940,4340
3199,4341
4817,4342
1064,4343
1137,4344
5047,4345
4831,4346
3937,4347
3731,4348
3038,4349
974,4350
2607,4351
1568,4352
463,4353
3538,4355
3556,4356
4475,4357
2720,4358
3718,4359
1952,4360
4076,4361
1346,4362
2095,4363
66,4364
1756,4365
4787,4366
2759,4367
2204,4368
959,4369
3892,4370
510,4371
269,4372
2999,4373
3077,4374
2477,4375
1756,4376
2153,4377
1694,4377
1186,4377
1586,4378
2270,4379
2479,4380
2508,4382
773,4383
2283,4384
1756,4385
18,4386
2788,4387
4380,4388
4142,4389
1700,4390
4762,4391
242,4392
1063,4393
273,4394
798,4395
3537,4396
3086,4397
1834,4398
810,4399
4858,4400
2477,4401
4527,4402
4076,4403
49,4404
3746,4405
1415,4406
2745,4407
3158,4409
4828,4410
2969,4411
2997,4412
706,4413
2990,4415
1844,4415
1853,4416
608,4417
3748,4418
3344,4419
4029,4420
5100,4421
58,4422
3380,4423
3507,4424
1934,4425
1777,4426
1508,4427
2007,4428
2933,4429
4966,4430
4828,4431
1258,4432
2691,4433
1547,4434
1503,4435
4787,4436
3860,4437
2293,4438
3074,4439
4606,4440
558,4441
4728,4442
3304,4443
3458,4444
1949,4445
1913,4446
256,4447
2246,4448
2059,4449
4828,4450
3880,4452
676,4453
3095,4454
3165,4456
3005,4458
2712,4459
569,4460
2960,4461
2936,4462
432,4463
2389,4464
2997,4465
3521,4466
1552,4468
1195,4469
4113,4470
4251,4471
676,4472
3000,4473
2284,4474
4828,4475
917,4476
3837,4478
2678,4479
1758,4480
4582,4481
25,4482
1942,4482
1445,4483
1393,4484
4164,4485
4519,4486
3095,4487
1650,4488
4314,4489
5050,4490
1118,4491
3443,4492
3402,4493
4327,4494
3073,4495
4910,4496
397,4497
1146,4498
3608,4499
2036,4500
1003,4501
4799,4502
1920,4503
4971,4504
3099,4505
1732,4506
959,4507
679,4508
794,4509
4655,4510
3611,4511
5005,4512
3939,4513
1563,4514
3695,4515
3067,4516
3706,4517
5,4518
1903,4519
4931,4520
3370,4521
3005,4522
791,4523
3922,4524
941,4524
2428,4525
2729,4526
3110,4528
3922,4529
941,4529
3640,4530
2968,4531
4583,4532
4332,4533
306,4534
1018,4535
562,4536
1748,4537
2586,4538
643,4539
4251,4540
1407,4541
2109,4542
3859,4543
3934,4544
830,4545
5086,4546
994,4547
189,4548
2650,4550
1694,4551
4582,4552
3974,4553
2216,4554
1127,4555
4657,4556
3152,4557
1174,4557
3482,4558
4520,4559
3867,4559
4457,4560
3072,4561
939,4562
2467,4563
2055,4564
1895,4565
1721,4566
419,4567
4480,4568
13,4569
3660,4570
1792,4571
2896,4572
876,4574
1739,4575
2079,4575
2737,4575
1885,4576
1652,4577
572,4578
175,4580
2841,4581
3387,4582
2340,4583
1061,4584
4307,4585
4151,4585
1307,4585
1174,4586
994,4587
3608,4588
3252,4589
2580,4590
8,4591
730,4592
648,4593
3199,4594
1486,4595
2216,4596
2275,4597
2803,4598
2480,4599
1287,4600
188,4601
1758,4602
4048,4603
2652,4604
451,4605
4807,4606
1960,4607
2784,4608
1986,4609
3382,4610
1946,4611
3668,4612
4867,4613
1584,4614
910,4615
2538,4616
3987,4617
2697,4618
2302,4619
2467,4620
4037,4621
3660,4622
2225,4623
936,4624
710,4625
4244,4626
1592,4626
4846,4627
4505,4628
1626,4629
4885,4630
2260,4630
1127,4631
1357,4632
4428,4633
834,4634
4919,4635
3923,4636
3996,4637
4463,4638
1398,4639
2353,4640
5080,4641
4871,4643
158,4644
2315,4645
1186,4646
4372,4647
1378,4648
1794,4649
3831,4650
5056,4651
4125,4652
3891,4653
1484,4654
2359,4656
3249,4657
624,4658
2849,4659
4843,4660
2340,4662
1516,4664
1845,4665
5050,4666
4534,4667
2999,4668
4828,4669
1821,4670
1051,4671
1039,4672
3343,4673
320,4674
1035,4675
2999,4676
3325,4677
2307,4678
2329,4679
736,4680
2177,4681
3255,4682
4444,4683
343,4684
2724,4685
388,4686
1186,4687
4607,4688
4131,4689
1429,4690
1367,4691
1186,4692
1320,4693
1252,4694
4828,4695
429,4696
3954,4697
2997,4698
3283,4699
2816,4700
1350,4701
4806,4702
1756,4703
994,4704
4183,4705
4828,4706
2410,4707
2452,4708
4386,4710
3752,4711
2831,4712
1991,4713
4546,4714
1263,4715
1267,4716
2893,4717
2538,4718
1150,4719
1482,4720
4538,4721
181,4722
776,4723
3937,4724
1304,4725
4828,4726
2192,4727
917,4728
4438,4729
1361,4730
2678,4731
481,4732
737,4733
3192,4734
5077,4735
3475,4736
3450,4737
4546,4738
1338,4739
1151,4740
4528,4741
4719,4742
271,4743
2360,4744
4444,4745
1174,4746
1755,4747
4265,4748
2559,4750
432,4751
486,4752
3228,4754
1825,4755
1009,4756
1845,4757
4392,4758
4970,4759
3752,4760
2030,4760
2502,4761
3749,4762
3096,4763
676,4764
345,4765
3250,4766
2518,4767
4183,4768
2614,4769
3837,4771
466,4772
345,4773
4828,4774
1818,4775
4559,4776
4171,4777
4372,4778
1415,4779
4564,4780
248,4781
4825,4782
4629,4783
4977,4784
481,4785
4879,4786
426,4787
2604,4788
2561,4789
3647,4791
2260,4792
2075,4792
3287,4793
1013,4794
3008,4795
1731,4796
1127,4798
1756,4799
432,4800
2005,4801
3364,4802
4358,4803
4251,4804
2833,4805
1866,4805
4441,4806
4505,4807
445,4808
1855,4809
2759,4811
1275,4811
4970,4812
2597,4813
2777,4814
3442,4815
1106,4816
1408,4817
2283,4818
1321,4818
3617,4819
2897,4820
4611,4821
2487,4822
591,4823
2973,4824
2829,4828
45,4829
3611,4830
2849,4831
4369,4832
2412,4833
1701,4834
2554,4835
508,4836
4807,4838
2602,4839
2384,4840
426,4841
959,4844
1486,4845
2678,4847
5105,4848
959,4849
4742,4850
3056,4851
3071,4852
724,4853
4888,4854
994,4855
3752,4856
4164,4857
2263,4858
311,4859
3387,4860
1517,4861
4149,4862
2524,4863
3834,4864
4016,4865
976,4865
4085,4867
3848,4869
2323,4870
2023,4871
1716,4872
1931,4873
3915,4874
3575,4875
1552,4876
3326,4877
21,4878
1501,4879
3504,4880
4598,4881
1259,4882
3059,4884
202,4885
1415,4886
697,4887
1460,4888
1433,4889
3402,4890
1726,4891
3782,4893
3438,4894
4446,4895
2678,4896
938,4897
1264,4898
4538,4899
1428,4900
3838,4900
2833,4901
1866,4901
491,4902
2968,4903
2069,4904
1220,4905
3748,4906
5038,4907
2099,4908
4615,4909
4029,4910
3261,4911
2583,4913
1544,4915
68,4916
3228,4917
2009,4918
83,4919
375,4920
2161,4921
4096,4922
312,4923
3279,4924
2896,4925
3642,4926
1823,4927
4775,4928
661,4929
4680,4930
1383,4931
2736,4932
2999,4933
2999,4934
588,4935
3807,4936
1415,4937
2781,4938
1311,4939
661,4940
4377,4941
5097,4942
4540,4943
2808,4944
1336,4946
2545,4947
1186,4949
1177,4949
4660,4950
2845,4951
3131,4952
4014,4953
3057,4954
528,4955
3733,4956
453,4957
292,4958
3101,4959
2486,4959
109,4959
4828,4960
3867,4961
1461,4962
895,4963
1807,4964
3960,4965
4942,4966
2164,4967
1522,4968
4807,4969
2420,4970
1459,4971
1218,4972
3088,4973
1868,4974
3396,4975
2219,4976
5050,4977
4621,4978
3425,4979
1413,4980
310,4980
952,4981
256,4982
25,4983
2009,4984
3301,4985
4617,4986
1986,4987
3974,4988
2030,4989
181,4990
4444,4991
2098,4992
2030,4993
3752,4993
2427,4994
1018,4995
1692,4996
1351,4997
3403,4998
2047,4999
4778,5000
3163,5001
1385,5002
4529,5003
2924,5004
168,5005
2942,5006
3974,5007
2753,5007
1428,5008
4025,5009
17,5009
1759,5010
3974,5011
2753,5011
2678,5012
3301,5014
23,5015
3144,5017
4093,5018
581,5019
2999,5020
4556,5021
4275,5022
2174,5023
2803,5024
966,5025
2280,5026
3737,5027
1442,5028
345,5029
2582,5030
1186,5031
641,5032
2815,5033
1336,5034
3757,5035
2529,5036
1448,5037
2229,5038
1731,5039
2651,5040
452,5041
2308,5042
2340,5043
4164,5044
930,5045
2360,5046
3002,5047
1819,5048
3989,5049
3893,5050
1990,5051
1984,5052
1046,5053
2826,5054
2646,5055
3752,5056
186,5056
1905,5057
4783,5058
423,5059
4541,5060
3518,5060
1525,5061
3859,5062
1249,5063
759,5064
1543,5065
4244,5066
1592,5066
3863,5067
4366,5068
1472,5069
1039,5071
4183,5072
4367,5073
2678,5074
1186,5075
1511,5076
5053,5077
3081,5077
927,5078
3433,5080
3285,5081
4442,5082
4089,5083
1127,5084
1356,5085
2077,5085
1697,5086
2113,5087
2066,5088
2905,5089
4820,5090
1208,5091
385,5092
10,5093
5050,5094
593,5095
4071,5096
395,5097
4828,5099
2340,5100
4586,5101
3414,5102
559,5103
1705,5104
3726,5105
1747,5106
3608,5107
1983,5108
4678,5109
1772,5110
2322,5111
151,5113
416,5114
2495,5115
3725,5117
1913,5118
1099,5119
3397,5120
4164,5121
1487,5122
1561,5124
2744,5125
4799,5126
163,5127
2427,5128
959,5129
1722,5130
3611,5131
296,5132
1178,5133
477,5134
4559,5135
4784,5136
4342,5137
1527,5138
329,5139
3439,5140
165,5141
1853,5142
2015,5143
4125,5144
2965,5145
1724,5146
2893,5147
375,5148
2589,5149
4314,5150
321,5151
1835,5152
3694,5154
1177,5155
622,5156
4559,5157
3356,5158
4398,5159
2863,5160
2895,5161
3704,5162
3187,5163
3974,5164
1315,5165
1462,5166
4486,5167
1160,5168
4762,5169
959,5170
2190,5171
3806,5172
3380,5173
2101,5174
2538,5175
2904,5176
2411,5177
3362,5178
26,5179
114,5180
212,5181
640,5182
4003,5183
4934,5184
490,5185
4678,5186
1704,5187
2802,5188
3370,5189
1846,5190
4964,5191
1626,5192
1084,5193
285,5194
611,5195
3777,5196
538,5197
315,5198
5053,5199
4145,5199
4134,5199
3480,5200
345,5201
3917,5202
1478,5203
3922,5204
941,5204
3005,5205
1895,5205
1228,5206
2078,5207
4586,5208
433,5209
4329,5209
1007,5210
2000,5211
3794,5212
1140,5214
255,5215
481,5216
1177,5217
1127,5218
3173,5219
3908,5220
3052,5220
4029,5221
4787,5222
862,5223
3898,5224
1171,5225
1916,5226
2912,5227
1174,5228
3750,5229
1937,5230
3813,5231
3748,5232
3073,5233
493,5234
4234,5235
2094,5236
4597,5237
4250,5238
4153,5239
3470,5240
1847,5241
4593,5242
986,5243
4296,5244
717,5245
1277,5246
608,5247
90,5248
3837,5249
3558,5250
1429,5251
3621,5252
5115,5253
4237,5254
4269,5255
310,5256
404,5257
919,5258
1866,5259
937,5260
3731,5261
4347,5262
2506,5263
3163,5264
1435,5265
1527,5266
1895,5267
1243,5268
3246,5269
4274,5270
3794,5271
2137,5272
4164,5273
1925,5274
2652,5275
4392,5276
2697,5277
1077,5278
2613,5279
3131,5280
1984,5281
4068,5283
1763,5284
1720,5285
1256,5286
2436,5287
3685,5288
4035,5289
4346,5290
1415,5291
2701,5292
1548,5293
2516,5294
1784,5296
3520,5297
2573,5298
1243,5299
73,5300
524,5301
2731,5303
3674,5304
2949,5305
3238,5306
3796,5307
4001,5308
430,5309
815,5310
3476,5311
3325,5312
2256,5313
1759,5314
4654,5315
4828,5316
4782,5317
2827,5318
3353,5319
3224,5320
836,5321
2786,5322
185,5323
4643,5324
322,5325
3771,5326
4564,5327
4338,5328
3151,5329
1500,5330
4775,5331
3228,5332
4141,5333
4828,5334
4546,5335
2414,5336
2371,5337
1451,5338
3014,5339
1310,5340
3159,5342
5045,5343
3023,5344
2292,5345
4611,5347
1832,5348
4969,5349
4164,5350
1094,5351
4807,5352
3568,5353
3823,5354
2508,5355
3292,5356
2956,5357
3579,5358
3095,5359
2951,5360
2540,5361
3601,5362
4843,5363
3496,5364
268,5365
4443,5366
2968,5367
1527,5368
602,5369
4852,5370
4828,5371
2913,5372
639,5373
4828,5374
616,5375
3748,5377
94,5378
4936,5378
4244,5379
1535,5380
4337,5381
2154,5382
2066,5383
1790,5384
1715,5385
2870,5386
3277,5387
4039,5388
4582,5389
987,5390
1137,5391
4340,5392
4183,5393
4611,5394
3608,5394
4597,5395
1700,5396
830,5397
3579,5398
3590,5399
2302,5400
4523,5401
4238,5402
2138,5403
3970,5404
2717,5405
2246,5406
1593,5407
3188,5408
4164,5409
2438,5410
145,5411
697,5412
4546,5413
5053,5414
4551,5415
1427,5416
4164,5417
3349,5418
1318,5419
5050,5420
2183,5421
4565,5422
4802,5423
1415,5424
1158,5425
2257,5426
994,5427
1699,5428
2936,5429
2751,5430
1849,5430
3677,5431
3600,5432
2239,5434
4884,5435
74,5436
408,5437
4613,5438
3979,5439
3152,5439
1174,5439
895,5439
97,5439
4372,5440
3595,5441
3608,5442
1125,5443
3449,5444
859,5445
2513,5446
932,5447
1461,5448
2345,5449
4984,5450
5028,5451
4404,5452
1236,5453
3073,5454
537,5455
2968,5456
4559,5457
2079,5458
1704,5459
1558,5460
3611,5461
1903,5462
2377,5463
4773,5464
226,5465
2968,5466
4961,5467
2095,5468
767,5469
1834,5470
631,5472
3037,5473
4805,5474
4311,5475
2733,5476
4251,5477
4450,5478
1518,5478
2094,5479
3938,5480
1502,5481
1043,5482
2717,5483
1914,5484
4718,5485
3745,5486
3152,5487
2888,5488
4021,5489
1568,5490
421,5491
627,5492
3326,5494
1036,5495
3415,5496
2248,5497
1877,5498
3235,5499
1733,5500
2687,5501
2587,5502
1917,5503
488,5504
2688,5505
4023,5506
2982,5507
676,5509
159,5510
4670,5511
2814,5512
2282,5513
3501,5514
959,5515
1398,5516
4029,5517
1737,5518
1430,5519
3683,5520
1338,5521
2803,5522
3073,5523
4867,5524
2954,5525
3265,5526
3093,5527
2328,5528
148,5529
3199,5530
2156,5531
423,5532
3196,5533
1381,5533
1478,5534
77,5535
5047,5536
560,5537
4879,5538
1110,5539
4813,5541
2987,5542
2195,5543
3948,5544
206,5545
4414,5546
800,5547
5069,5548
440,5549
2721,5550
4076,5551
3737,5552
3314,5553
676,5554
1564,5555
266,5555
2999,5556
266,5557
4267,5558
4903,5559
2998,5560
3996,5561
4483,5562
528,5563
304,5564
1035,5566
4807,5566
4076,5567
4425,5568
4728,5570
720,5571
1985,5572
2648,5575
4433,5576
2769,5577
3344,5578
3764,5579
1285,5580
3390,5581
3656,5582
4964,5583
1527,5584
4412,5585
3017,5586
2825,5587
567,5588
4076,5589
232,5590
1736,5591
4181,5592
2690,5593
4828,5594
4319,5595
1704,5596
3502,5597
3962,5598
3345,5599
4767,5600
2226,5601
3864,5602
1559,5603
3179,5604
639,5605
2022,5606
1701,5606
1552,5607
4828,5608
917,5609
953,5610
1694,5611
1186,5611
2803,5612
2730,5613
4993,5614
4340,5615
3826,5616
381,5617
3470,5618
1756,5619
934,5620
4546,5621
2331,5622
661,5623
3237,5624
959,5625
4942,5626
1174,5627
1982,5629
2376,5630
3127,5631
4215,5632
1478,5633
3584,5634
3678,5635
2723,5635
1493,5636
1475,5637
445,5638
4392,5639
1465,5640
1186,5641
2827,5642
2897,5643
3881,5644
1446,5645
3710,5646
3778,5647
64,5648
2803,5649
3334,5650
929,5651
3312,5652
1593,5653
3228,5654
4561,5655
3246,5656
1971,5657
4244,5658
1592,5658
2941,5659
4639,5660
676,5661
428,5662
798,5663
5022,5664
3678,5665
702,5666
1415,5667
917,5668
25,5669
4253,5670
1818,5671
4408,5672
4490,5673
1432,5674
1364,5675
446,5676
2430,5677
4549,5678
3325,5679
253,5680
4124,5681
1929,5682
4129,5683
2171,5684
4803,5685
1741,5686
3073,5687
1843,5688
1431,5689
2941,5690
3608,5691
4647,5692
273,5693
2651,5694
2820,5695
1825,5695
3820,5695
3922,5696
4756,5697
970,5698
1689,5699
639,5700
2744,5701
2608,5702
4139,5703
629,5704
2001,5705
3853,5706
3593,5707
4234,5708
3351,5709
2471,5710
2232,5711
1403,5712
3038,5713
3005,5714
1895,5714
4392,5715
1950,5716
4175,5717
233,5718
4769,5719
2870,5720
5014,5721
3228,5722
3110,5723
3388,5724
2165,5725
3336,5726
2746,5727
174,5728
4074,5729
2775,5730
2682,5731
3703,5732
2109,5733
1462,5734
2782,5735
1432,5736
4857,5737
3163,5738
4848,5739
1624,5740
4546,5741
2339,5742
3073,5743
497,5744
570,5745
2587,5746
4804,5747
2999,5748
822,5749
3752,5750
1756,5752
4041,5753
1480,5754
3152,5755
4828,5757
1336,5758
1277,5759
5050,5760
560,5761
773,5762
200,5763
1814,5764
1617,5765
4860,5766
2059,5767
4597,5768
345,5768
2101,5769
111,5769
951,5770
4957,5771
4456,5772
2165,5773
4068,5774
2941,5775
4070,5776
1849,5777
1336,5778
2669,5779
3748,5780
994,5781
3974,5782
1395,5783
2358,5784
652,5785
4353,5786
631,5787
3856,5788
3301,5789
3768,5791
1311,5792
1365,5793
4788,5794
4209,5795
2956,5796
3380,5797
2986,5798
4775,5799
1428,5801
2899,5802
4372,5803
4770,5804
4412,5805
536,5806
3422,5807
937,5808
4183,5809
1660,5810
4455,5811
909,5812
3539,5813
1127,5815
1879,5816
1974,5817
4802,5818
59,5819
2084,5820
2467,5821
4807,5823
481,5824
3660,5825
4882,5827
3907,5828
1700,5829
1174,5830
1174,5831
846,5832
3682,5833
1933,5834
3869,5835
3978,5836
733,5837
3055,5838
1102,5839
1398,5840
3141,5841
1186,5842
2422,5843
2285,5844
1367,5845
4990,5846
1054,5847
4192,5848
430,5849
1056,5850
2485,5851
4271,5852
2098,5853
916,5854
1986,5855
542,5856
3912,5857
3080,5858
3157,5859
4166,5861
1316,5862
3752,5863
694,5864
3470,5865
3024,5866
2968,5867
1127,5867
2096,5868
4828,5869
40,5870
4327,5871
2415,5872
2553,5874
1186,5875
1810,5876
1110,5877
4247,5878
4550,5879
271,5880
4550,5881
4305,5882
959,5883
3320,5884
636,5884
432,5885
951,5886
2930,5887
2374,5888
4300,5889
2935,5890
350,5891
2069,5892
2617,5893
2030,5894
3752,5894
2742,5895
2427,5896
3152,5897
1174,5897
895,5897
2164,5898
2867,5899
1186,5900
3522,5901
699,5902
496,5903
4276,5904
25,5905
3937,5906
81,5907
228,5908
287,5909
3752,5910
2731,5911
2461,5912
2603,5913
4100,5914
4392,5915
5059,5916
3110,5917
734,5918
562,5919
1477,5920
3863,5921
3752,5922
2350,5923
556,5924
1687,5925
679,5926
4518,5927
4611,5928
272,5929
2146,5930
1527,5931
481,5932
1745,5933
427,5934
1756,5935
3177,5936
3199,5937
799,5938
4775,5939
4550,5939
2880,5940
4287,5941
4390,5942
2882,5943
2987,5944
3808,5945
345,5946
4828,5948
2172,5949
4678,5950
4710,5951
228,5952
2263,5953
3836,5954
1686,5955
1091,5956
1887,5957
2638,5958
4318,5959
4898,5960
1684,5961
4680,5962
959,5963
5050,5964
3922,5965
941,5965
4392,5966
2820,5967
2524,5968
3119,5969
3273,5970
3008,5971
4546,5972
4341,5973
4703,5975
2727,5976
2118,5977
481,5978
4966,5979
3974,5980
4035,5981
2679,5982
1982,5983
4805,5984
4904,5985
4381,5987
686,5988
4828,5989
3337,5990
2355,5991
1497,5993
3253,5994
773,5995
672,5997
2827,5998
4337,5999
945,6000
1073,6001
38,6002
3938,6003
1962,6004
3062,6005
2598,6006
4669,6007
2135,6008
1147,6009
4183,6010
3682,6011
2487,6012
2764,6013
1756,6014
2462,6015
2101,6016
2782,6017
455,6018
5037,6019
2240,6020
1776,6021
796,6022
1634,6023
2109,6024
4964,6025
3776,6026
2389,6027
2501,6028
4673,6029
890,6030
14,6031
862,6032
676,6033
4800,6034
5054,6035
4991,6036
2526,6037
1394,6038
2060,6039
3736,6040
3579,6041
