D1,D2,responses,weight
0,886,False,0.0025281143753813
1,151,True,4.123371268349002e-05
2,33,True,1.5507963339174666e-05
2,426,False,3.175409627841992e-05
3,192,True,3.7725883728826346e-05
4,150,False,9.813542688910696e-05
5,188,True,4.963025460320612e-05
6,210,True,0.0188679245283018
7,158,True,9.249838127832764e-05
8,37,True,0.0008176614881439
9,174,False,4.107619634421853e-05
9,144,False,3.813155386081983e-05
9,176,False,4.107619634421853e-05
9,742,False,8.375910880308234e-05
9,57,False,5.215123859191656e-05
9,138,True,6.510840549514942e-05
10,174,True,2.5451121121885417e-05
10,144,False,2.4288941245051127e-05
10,176,False,2.5451121121885417e-05
11,174,False,3.668513151619649e-05
11,144,False,3.431826761385085e-05
11,176,False,3.668513151619649e-05
11,743,False,4.516915849857717e-05
11,57,True,4.527140205532165e-05
12,58,True,5.5503135927179885e-05
13,194,True,0.0002547770700636
13,58,False,5.276209571044162e-05
14,333,False,0.0001665278934221
15,333,False,0.0001713208840157
16,832,False,0.0062079263927035
16,482,False,0.0110936098464649
17,830,True,1.7103665315477107e-05
17,564,False,6.925242898417135e-05
18,208,False,0.0004130524576621
19,39,False,3.2794411832223785e-05
19,40,True,3.835973761939468e-05
20,40,False,3.8128646051778696e-05
21,193,True,0.0003361344537815
22,62,True,4.932182490752157e-05
22,737,False,3.761519653940192e-05
23,969,False,0.0001157541382104
23,479,True,1.8725539763683688e-05
23,1029,False,0.0079104079637365
24,42,True,0.0001500825453999
25,21,True,4.657878801993572e-05
26,198,True,0.0001658099817609
27,47,True,6.266842138246538e-05
28,48,True,5.806863712908658e-05
29,41,True,5.296610169491525e-05
29,43,False,5.296610169491525e-05
30,41,False,5.296610169491525e-05
30,43,True,5.296610169491525e-05
31,631,True,4.189885616122679e-05
32,174,False,3.925725277745063e-05
32,50,False,4.948290365678658e-05
32,1060,False,7.062645667066883e-05
32,57,False,4.925380485642516e-05
32,34,False,4.091820450918613e-05
32,35,False,3.940265573899681e-05
32,742,True,7.899518129394108e-05
32,234,False,0.0003749006513273
33,195,True,0.0002837684449489
35,196,False,0.000122414004162
36,225,False,4.290924694271615e-05
37,167,True,9.837678307919332e-05
37,385,False,0.0002024701356549
38,189,True,3.894991041520604e-05
39,969,True,0.0001172195522213
40,54,True,6.499837504062398e-05
40,33,False,1.597367538296887e-05
41,796,True,0.0001144819690898
41,797,False,0.0001026211680243
42,796,False,0.0001658099817609
42,385,True,0.0004372540445999
42,797,False,0.0001250454033905
43,220,True,0.0016177225683124
43,342,False,6.351626016260162e-05
43,175,False,0.0005230814085164
43,820,False,4.699468960007519e-05
44,191,True,4.342350948803682e-05
45,762,False,3.780146669690784e-05
45,219,False,5.168225748100677e-05
46,214,False,8.700191404210893e-05
46,1058,False,0.000942507068803
46,209,True,0.0003755163349605
47,79,True,0.0003451846738004
47,521,False,0.0001183852255238
48,63,True,0.0001107542363495
49,101,False,0.0011641443538998
50,55,True,0.0001675603217158
51,350,True,0.0002131741632914
52,61,True,0.0003271180896303
53,116,False,0.0001126252956414
53,124,True,5.4806532938726295e-05
54,64,True,6.205398696866273e-05
55,101,True,0.001564945226917
56,106,True,4.408004936965529e-05
57,105,True,4.3985045084671205e-05
57,539,False,3.707960992250362e-05
58,20,False,4.191993292810732e-05
59,165,False,0.0001310444240597
59,166,False,0.0005918679576088
59,16,True,0.0005652911249293
60,157,True,6.397952655150351e-05
60,676,False,9.277298450691158e-05
61,77,True,0.0002558199027884
62,59,True,0.0001578531965272
63,1024,False,0.0005485463521667
63,344,False,6.433764395547835e-05
64,72,True,0.0001298869983114
65,74,True,0.0001273398701133
66,312,True,4.882574093061862e-05
66,724,False,0.0001645819618169
67,221,True,0.0001863238308179
68,1058,False,0.0005851375073142
69,571,False,0.0003192455980943
70,937,True,0.0227272727272727
71,342,True,0.0001029442042413
71,175,False,0.0007391920780278
71,1058,False,0.0013568521031207
72,76,True,0.000154631204577
72,77,False,0.0002391772303276
73,682,False,2.6928773394371888e-05
73,219,False,5.602554764972828e-05
74,781,False,3.357620118859752e-05
74,219,False,5.188336619279859e-05
75,224,True,0.0084745762711864
76,286,False,0.0002699055330634
76,111,True,0.0003210272873194
77,342,False,0.0001029442042413
77,175,True,0.0007391920780278
77,1058,False,0.0013568521031207
78,80,True,9.1066387396412e-05
79,146,True,9.049773755656108e-05
80,75,True,0.0001120699316373
81,647,False,0.0004046391018151
81,254,True,0.0006317119393556
82,68,True,0.0001183572020357
83,197,True,0.0012360939431396
84,145,True,0.0002792649745868
84,146,False,0.0001217730150998
85,152,False,3.712906589166248e-05
85,555,True,8.327673703738507e-05
86,207,True,2.9469837621194707e-05
87,71,True,8.887127920948997e-05
87,272,False,0.0002107481559536
87,676,False,0.0001116196004018
88,49,True,4.244302024532065e-05
89,20,True,4.471472008585226e-05
90,84,True,0.0001247816321437
91,85,True,5.9182103331952414e-05
92,85,False,5.9182103331952414e-05
93,86,False,4.8773350241428086e-05
93,924,True,0.0001755309812181
93,96,False,7.432181345224824e-05
94,924,False,0.0001755309812181
94,97,True,7.432181345224824e-05
94,83,False,5.408621342419817e-05
95,85,False,5.8688890193086445e-05
96,84,False,0.0001310787783457
97,38,True,7.116677934740064e-05
98,190,True,5.157483652658306e-05
99,18,True,1.179036726994046e-05
100,26,True,0.0006327596744203
101,133,True,0.001088139281828
102,206,True,0.0005977286312014
102,320,False,0.0001763979537837
102,386,False,0.0003806623524933
103,165,True,0.0001225640397107
103,166,False,0.0005537734961915
104,112,True,7.401924500370096e-05
105,465,False,0.000233481204763
105,466,True,0.0002491901320707
106,91,True,0.0004364906154517
107,313,True,0.0001129305477131
108,121,True,0.000118021952083
109,84,False,0.0001180776951233
109,100,False,3.165658931906677e-05
109,98,False,2.7804810232170165e-05
109,83,True,6.185439475474732e-05
110,84,False,0.000124239035905
110,100,True,3.312903760145768e-05
110,98,False,2.8744718158038457e-05
111,351,True,0.000136128505309
111,354,False,0.0002273243919072
111,243,False,3.786014462575247e-05
112,51,True,0.0005500550055005
113,222,False,0.0025706940874035
113,476,True,0.0003402517863218
114,122,True,5.318866017765012e-05
116,25,True,0.0001435338022104
117,509,False,0.0004065040650406
117,142,True,0.0002977076510866
118,129,True,9.596008060646768e-05
119,119,True,0.0001626721613707
120,173,False,4.996252810392206e-05
120,265,True,3.584357862288971e-05
121,126,True,0.0001897893338394
122,135,True,0.0002222716159146
122,331,False,0.0001333511134817
123,78,True,0.0004403346543372
124,82,True,0.0001025746230382
125,127,True,3.828352665561968e-05
126,29,False,0.0002604845011721
127,27,False,4.9838026414154e-05
128,27,True,5.36394357131363e-05
129,856,True,0.001058201058201
129,349,False,0.0002013287698812
129,904,False,0.0002503128911138
130,200,True,7.730962504831851e-05
131,172,True,0.0001120197154699
132,148,True,0.0001257515398765
133,199,True,0.0018248175182481
133,273,False,0.0003608805485384
134,9,True,0.0007295232445345
135,143,True,3.924615711904236e-05
136,356,True,0.0001958863858961
137,401,False,9.019572472264816e-05
137,235,True,0.0001731901627987
138,28,False,3.801414126054892e-05
139,904,True,0.0002258866049243
140,856,False,0.0009784735812133
140,349,True,0.0001916075876604
141,933,True,0.0001317696666227
141,170,False,5.188067444876784e-05
142,933,False,0.0001103874599845
142,170,True,4.320400933206601e-05
143,463,False,0.0007067137809187
143,242,True,9.107468123861566e-05
144,1030,False,0.0032786885245901
144,275,True,9.029345372460498e-05
146,173,False,4.4093654923056575e-05
146,138,False,4.721658246376127e-05
147,331,False,6.150439756442585e-05
148,351,False,0.0001551109042965
148,354,False,0.000265886732252
148,243,True,4.221724996833706e-05
149,221,False,0.0001589572405023
149,267,False,0.0003054367745876
150,205,True,0.0002604845011721
151,186,True,7.60051683514479e-05
152,173,True,5.40452899529806e-05
152,265,False,3.854158637169506e-05
153,244,True,7.320108337603396e-05
154,237,True,0.0004750593824228
155,134,True,0.0003677822728944
156,187,True,0.0001167416507269
157,560,False,4.095171792456694e-05
157,501,False,4.474873584821229e-05
157,897,False,3.4207915711695686e-05
157,700,True,0.0001234720335843
157,62,False,5.630947688495974e-05
157,739,False,3.263388049472963e-05
157,710,False,3.263388049472963e-05
157,1042,False,4.171011470281544e-05
158,204,True,0.0001102414287289
158,236,False,2.445645528137152e-05
159,236,True,2.9469837621194707e-05
159,408,False,4.70787627701144e-05
160,4,False,0.0001649932046613
161,234,True,0.0003178976369608
162,110,True,0.000352360817477
163,232,True,7.394808844191378e-05
164,73,True,6.251953735542356e-05
165,32,True,0.000134970981239
166,814,True,0.0025706940874035
168,938,False,5.051780752715332e-05
168,255,True,7.032843378577959e-05
169,245,True,8.576329331046313e-05
169,932,False,4.759411736709343e-05
170,156,True,6.222388152572957e-05
170,155,False,6.020469596628536e-05
171,45,True,0.0004275331338178
172,257,True,5.629045876723895e-05
172,354,False,0.0002628120893561
174,276,True,0.0001482158906355
174,179,False,0.0001979779917313
175,180,False,0.0002690661366714
175,277,True,0.0006234413965087
175,276,False,0.0001913756106035
175,611,False,0.0008424599831508
176,156,False,4.99001996007984e-05
176,157,False,4.99001996007984e-05
176,631,False,4.696379091720284e-05
176,155,True,4.859322610428106e-05
177,445,True,0.0001631055292774
178,165,False,0.0001026377912347
179,166,True,0.000607053271788
179,291,False,0.0004330879168471
180,130,True,6.11545988258317e-05
181,132,True,9.152480322167308e-05
181,130,False,7.246901949416625e-05
181,131,False,0.0003734129947722
182,160,True,0.000713389584512
183,278,True,0.0001454545454545
184,206,False,0.0006389776357827
184,527,False,0.00028129395218
184,272,False,0.0002430133657351
184,291,True,0.0004914759637536
184,299,False,0.0002455192732629
185,314,True,0.0001147578609134
186,424,False,0.0002574665293511
186,352,True,0.0002809778027535
187,311,True,1.934984520123839e-05
187,274,False,0.0015600624024961
188,854,True,5.3498823025893424e-05
189,557,False,0.0001353179972936
189,264,True,5.611672278338945e-05
190,137,True,3.999520057593088e-05
191,136,True,0.0001379120121362
192,261,False,0.000274197970935
192,439,True,6.228977201943441e-05
193,260,True,5.411548243952596e-05
194,81,True,0.0002321262766945
195,279,True,4.837695321948623e-05
196,116,True,0.0001145344175924
197,240,True,0.0001149293184691
198,89,True,5.2167562209817936e-05
199,61,False,0.0004640371229698
199,31,False,0.0001806684733514
199,233,True,6.70735797169495e-05
200,131,True,0.0002072538860103
201,276,False,0.000116737799451
202,253,True,0.0003934673920456
203,164,False,0.0019113223512593
203,527,True,0.0002835270768358
204,271,True,3.689628454414641e-05
205,263,True,0.0002010050251256
205,432,False,6.869075422448138e-05
206,487,True,0.0001525553012967
206,216,False,0.0001394505647747
207,182,False,0.0007987220447284
207,216,True,0.0001466490687784
208,290,True,5.230946278181723e-05
208,353,False,0.0004310449802412
208,242,False,6.769564040075819e-05
209,469,True,0.0007007708479327
209,240,False,0.0001322576378785
209,121,False,0.0001377979881493
210,318,True,5.689253001080958e-05
211,316,True,0.000383288616328
211,317,False,0.0003749531308586
212,321,True,0.0003254149040026
213,323,True,0.0001417434443656
214,14,True,3.5778175313059034e-05
214,3,False,2.8669724770642203e-05
215,197,False,0.001039501039501
215,608,False,0.0001827819411442
215,365,True,3.865331838738356e-05
216,197,False,0.0008058017727639
216,366,True,2.95840482811668e-05
217,282,True,3.3921302578019e-05
218,12,True,0.0007147962830593
219,281,True,0.0004710315591144
220,310,True,0.0008103727714748
221,249,True,4.926108374384236e-05
222,251,False,8.107012565869476e-05
223,357,True,0.0020120724346076
224,140,False,0.0009784735812133
224,259,False,0.000740192450037
225,433,True,4.720989519403267e-05
226,434,True,5.6395217685540266e-05
227,123,True,4.589261128958238e-05
228,317,True,0.0003484320557491
228,512,False,0.0032467532467532
228,322,False,0.0001955330903275
228,315,False,0.0001503276919314
229,317,False,0.0002781641168289
229,322,False,0.0001680659621274
229,323,False,0.0001257071024512
230,347,True,2.97167989064218e-05
231,182,True,0.0008613264427217
231,250,False,0.0002245172878311
232,181,True,6.007449237053947e-05
233,287,True,0.0009608938547486
234,483,True,0.0009057971014492
235,215,True,5.914010290377905e-05
236,760,True,4.63843406465977e-05
236,367,False,3.339121143315079e-05
236,758,False,5.8868546535586034e-05
236,759,False,0.0001890001890001
237,14,False,3.463323405139572e-05
237,3,False,2.7929840241313823e-05
238,530,False,4.6687520425790186e-05
238,363,True,3.533069530808366e-05
239,399,False,2.446722615057131e-05
239,361,True,0.0005350454788657
240,333,True,0.0001488316713796
240,690,False,7.508071176514753e-05
241,404,True,0.000118511495615
241,405,False,4.879953152449737e-05
242,280,True,3.152286984207042e-05
243,308,True,6.0569351907934585e-05
244,324,True,9.256687957048968e-05
244,308,False,6.842753524018066e-05
245,248,True,3.3457124694703736e-05
246,413,False,0.0001281394156842
246,248,False,3.543209439109945e-05
246,211,True,5.274539796402764e-05
247,317,False,0.0003079765937788
247,322,True,0.0001802174983121
248,440,False,0.0002185792349726
248,177,False,0.0001430410527821
248,178,True,0.0013755158184319
249,862,True,0.0004306632213608
250,173,False,4.789501412902917e-05
250,616,False,8.071676487206392e-05
250,138,False,5.081559022308044e-05
250,331,True,6.640547181087722e-05
251,404,False,0.0001231678778174
251,405,True,5.067653169817058e-05
252,228,False,0.0002185792349726
252,689,False,0.0001430001430001
252,346,True,8.192692118630183e-05
253,447,True,4.23782684239522e-05
254,258,True,0.0007077140835102
255,856,False,0.0007518796992481
255,416,True,4.1993868895141305e-05
255,737,False,4.574565416285453e-05
255,853,False,3.555555555555555e-05
256,296,True,5.927071851011295e-05
257,309,True,0.0002128347720956
258,203,True,0.0004113533525298
259,217,True,3.797516424258536e-05
260,262,True,7.580351728320194e-05
261,332,True,7.317430118542368e-05
261,932,False,5.328502158043374e-05
262,213,True,0.0002952465308532
263,480,False,0.0005414185165132
263,1029,True,0.0071652845986635
264,115,True,0.0002607561929595
265,360,True,5.943183168905266e-05
265,17,False,0.0061044338486208
265,1038,False,5.318866017765012e-05
266,340,False,5.408036342004218e-05
266,344,False,5.853430110044486e-05
266,336,True,5.3885116930703737e-05
266,345,False,5.29296564865294e-05
267,175,False,0.0004512535231063
268,108,False,0.0001196315348725
268,175,False,0.0005230814085164
268,343,True,0.0001295169019557
269,175,False,0.0004837920338066
270,108,True,0.0001231982259455
270,175,False,0.0005424653034065
270,107,False,0.0001126506702714
271,413,False,0.0001536334306345
271,369,True,6.866796159396106e-05
272,370,False,4.550625711035267e-05
273,359,True,0.000124239035905
274,390,True,4.2009746261132585e-05
275,852,True,5.172197223268976e-05
275,740,False,6.406970784213224e-05
276,68,False,0.0001174536058256
277,55,False,9.71628449280995e-05
277,681,False,2.41785342972509e-05
277,790,True,0.0001102049812651
279,623,False,3.890596428432479e-05
279,297,False,0.000174611489436
279,626,False,5.834455950020552e-05
280,626,False,6.189058091052455e-05
280,298,True,0.000112157918349
281,277,False,0.0004730368968779
282,113,True,0.0003062787136294
283,520,True,4.675300388049933e-05
283,243,False,3.2238305554660043e-05
284,120,True,4.774865110060641e-05
285,274,True,0.0022883295194508
286,319,True,4.238365686191404e-05
287,372,True,9.7380465478625e-05
288,337,True,0.0005108133787777
289,341,False,5.164755707055056e-05
289,107,True,0.0001035303861683
290,167,False,9.749439407234084e-05
290,385,False,0.0002003606491685
291,379,True,0.0002391772303276
293,174,False,3.668513151619649e-05
293,144,False,3.431826761385085e-05
293,176,False,3.668513151619649e-05
293,505,True,6.583711896767397e-05
293,57,False,4.527140205532165e-05
294,737,True,4.325259515570934e-05
294,146,False,0.0001024590163934
295,168,True,0.0007975221173284
296,368,True,0.0001880052641473
297,413,False,0.0001578781180928
297,414,True,4.953683063357606e-05
298,412,False,2.064452197609364e-05
298,413,True,0.0001596424010217
298,414,False,5.0022510129558295e-05
298,505,False,6.676013084985647e-05
299,413,False,0.0001480604086467
299,414,False,4.6809904975892894e-05
300,367,True,3.1961135259524414e-05
301,416,False,4.251881457544964e-05
301,385,False,0.0002936857562408
301,370,True,4.9588416145988295e-05
301,251,False,0.0001079563856202
302,412,False,1.9952513019014742e-05
302,416,False,3.697267719155544e-05
302,370,False,4.4290902648595976e-05
302,505,False,6.321512105695681e-05
302,251,True,9.09835319807115e-05
303,486,True,0.0141987829614604
304,903,False,8.521516829995739e-05
304,1068,False,3.0281924719135148e-05
304,902,True,5.548773721007657e-05
304,855,False,0.0001582827970223
305,389,True,3.691620737211151e-05
306,117,True,0.0001829654476789
306,377,False,0.0001802742942723
306,378,False,5.953444067392987e-05
307,118,True,0.0001862544235425
307,377,False,0.0002009656657889
307,378,False,6.5603883749918e-05
308,342,False,6.117330397014743e-05
308,107,False,0.0001020720628763
309,941,True,0.0030487804878048
310,392,True,0.0001698829421659
310,218,False,0.0001083071591032
311,462,True,4.08313257931485e-05
311,1051,False,0.0001047449460563
312,380,True,0.0003206155819172
313,725,True,7.2535418281216e-05
314,68,False,4.778059152372307e-05
314,407,False,5.598163802272855e-05
315,406,True,5.8578876457149553e-05
315,732,False,3.27847354271851e-05
316,1016,False,0.0001760144124742
316,1049,False,4.825556145345751e-05
317,302,True,0.0002958313504058
318,699,True,5.805852299117511e-05
319,672,False,5.827845445538784e-05
319,848,False,2.41785342972509e-05
319,1010,False,4.484103851845209e-05
319,661,False,5.768676088837612e-05
319,406,False,6.060973392326808e-05
319,407,True,6.493928177154361e-05
320,387,True,4.3045930007317805e-05
321,464,False,8.356313194618534e-05
321,467,True,3.508895048949086e-05
321,839,False,8.418217021634818e-05
322,153,True,3.198873996353284e-05
322,515,False,5.820721769499418e-05
324,555,False,7.695419457556122e-05
325,552,True,5.538325210456358e-05
325,704,False,0.0001295169019557
326,980,False,8.251505899826719e-05
326,419,True,2.7747717750215044e-05
327,970,True,0.0007491092187728
328,623,False,3.4042553191489365e-05
328,297,False,0.0001528350909368
328,626,False,5.150381056265467e-05
329,174,False,3.759257170783053e-05
329,50,True,4.6866944743872144e-05
329,1060,False,6.720881779689495e-05
329,57,False,4.6661378377117256e-05
329,667,False,0.000332778702163
329,807,False,5.6615523976674406e-05
329,34,False,3.911291899714476e-05
329,35,False,3.7725883728826346e-05
329,386,False,0.0002909514111143
329,742,False,7.474400179385604e-05
329,743,False,4.60426354804549e-05
330,377,True,0.0001656550382493
331,378,True,5.005255518294209e-05
332,677,False,0.0032786885245901
332,381,True,5.448700484934342e-05
335,558,True,9.870873886857151e-05
335,595,False,1.6317472749820508e-05
336,383,True,4.172055571780216e-05
336,138,False,5.995563283170454e-05
337,179,True,0.0002132722359746
338,325,True,5.166890565257828e-05
339,397,True,0.0024096385542168
340,398,True,0.1666666666666666
341,401,True,5.2369730295888974e-05
342,408,True,3.1008713448479025e-05
343,436,True,8.488964346349746e-05
344,109,True,0.0005745834270154
345,409,True,0.0001062134891131
347,429,True,2.629019112968952e-05
348,399,True,2.5040691123075e-05
349,1031,True,3.095591877166915e-05
350,432,True,5.595970900951315e-05
351,202,True,4.519281329529896e-05
352,289,True,0.0002339728591483
353,421,True,3.751827405633893e-05
354,273,True,0.0001916075876604
355,845,False,0.0001280245807194
355,846,True,0.0012642225031605
355,762,False,4.408393581378946e-05
355,278,False,0.0001207875347264
355,310,False,0.0008976660682226
356,846,False,0.0012642225031605
357,420,False,5.258176464402146e-05
357,971,True,0.0026923076923076
357,838,False,8.877052818464269e-05
359,157,False,5.864758665180928e-05
359,676,False,7.807010695604652e-05
360,351,False,0.0001734605377276
360,354,True,0.0003051571559353
360,243,False,4.625560849252972e-05
361,465,True,0.000190602190804
361,466,False,0.0001929384526336
362,608,True,0.0001560792882784
363,399,False,2.326825976685204e-05
363,400,True,2.9220115127253605e-05
364,431,True,5.943183168905266e-05
365,270,True,0.0007712768550812
366,225,False,5.334186803221849e-05
366,476,False,0.000273298715496
367,840,False,8.368901163277262e-05
367,454,True,6.410667350471184e-05
368,455,True,5.650036725238714e-05
368,1020,False,3.5963461123498524e-05
369,452,True,8.843296781039972e-05
370,463,True,0.0004543389368468
371,285,False,3.021148036253776e-05
371,329,True,0.0001786033220217
372,693,False,0.0009132420091324
372,171,True,3.279656292020597e-05
373,177,True,0.0001277628721093
373,178,False,0.0011494252873563
374,327,False,0.0001602820964898
375,412,False,2.145048156331109e-05
375,175,False,0.0005461450428515
376,334,True,0.0002367984844896
377,7,True,4.096681687832855e-05
378,521,True,5.165556072111162e-05
379,1027,False,4.096681687832855e-05
379,1023,True,5.5239463072418936e-05
380,388,True,0.0113636363636363
381,453,True,0.0001720766523269
382,559,True,2.434452369939382e-05
383,1012,True,6.532958777030116e-05
384,426,True,3.0630685821055535e-05
385,442,False,0.0005830903790087
385,443,True,4.404510218463706e-05
386,216,False,0.0001369300287553
386,442,True,0.0005955926146515
386,443,False,4.460502252553637e-05
387,442,False,0.0005750431282346
387,443,False,4.367956669869834e-05
388,442,False,0.0005750431282346
388,443,False,4.367956669869834e-05
389,61,False,0.000272257010618
389,601,True,7.227000072270001e-05
390,384,True,0.0002730748225013
391,140,True,0.0019801980198019
391,259,False,0.0013513513513513
392,300,True,0.00021510002151
393,422,True,4.261847937265599e-05
394,833,True,9.490827792854476e-05
394,1051,False,0.0001020512297173
394,379,False,0.000183284457478
395,185,True,0.0001235635734585
396,216,False,0.0001177717583323
397,284,True,0.0022197851731445
398,410,True,0.0005211047420531
399,154,True,0.0002350176263219
400,623,False,3.66474878147103e-05
400,151,False,3.22102686336404e-05
401,239,True,5.790387955993051e-05
402,670,True,0.0001743071291615
402,391,False,0.0001149293184691
403,103,True,7.908070352867009e-05
404,616,True,5.450185306300415e-05
404,540,False,0.0041631973355537
405,616,False,5.7458055619397845e-05
405,540,True,0.0044286979627989
406,475,True,3.132930229643786e-05
407,24,True,0.0016361743269373
408,450,True,4.388081969371188e-05
409,95,True,0.0001149293184691
410,270,False,0.000768249916303
410,633,False,3.198873996353284e-05
411,440,True,0.0001687194196051
412,936,True,0.0001204468268437
414,376,True,0.0002370229912301
415,161,True,0.0001066098081023
416,912,False,0.000255167134473
416,164,False,0.0027418329316502
416,299,True,0.0003402517863218
416,163,False,0.0002480774001488
417,527,False,0.0002769315978953
417,272,False,0.0002381519409383
417,291,False,0.0004845988430202
418,320,True,0.0001161575095829
419,206,False,0.0005396654074473
419,201,True,0.0003660590087122
420,386,True,0.0003036744609778
421,348,True,5.784024524263983e-05
422,750,False,9.57484991823934e-05
422,850,False,0.0002186818500083
423,727,False,0.000141706896864
423,736,False,0.0001095899440926
424,238,True,0.000107677398514
425,283,True,0.0001488995110626
426,448,True,0.0001116944041103
427,653,False,8.552576966904043e-05
427,501,False,4.249713144362755e-05
427,897,False,3.253407944822201e-05
427,967,True,0.0002057377264564
427,703,False,2.6268092148467256e-05
427,640,False,0.0001672520488375
427,909,False,4.758505829169641e-05
427,739,False,3.110710175132983e-05
427,910,False,3.119832776963155e-05
427,710,False,3.110710175132983e-05
427,584,False,3.556314235925887e-05
427,585,False,3.556314235925887e-05
427,712,False,3.58461483313618e-05
428,357,False,0.00418410041841
428,223,True,0.0039840637450199
428,941,False,0.0034129692832764
429,31,True,0.0001860465116279
430,156,False,6.780580417683753e-05
430,676,False,0.0001050530517911
430,155,False,6.54150585464774e-05
431,268,True,3.0501753850846423e-05
432,268,False,3.0144997437675218e-05
433,948,True,5.2167562209817936e-05
433,88,False,5.165556072111162e-05
434,2,True,0.0002370762872386
435,726,True,9.67162294923416e-05
436,727,False,9.52048945337358e-05
436,736,True,7.954331372660425e-05
437,741,True,0.0001628929793125
438,662,False,3.773727310464546e-05
438,567,True,0.0003644314868804
439,542,True,3.019821614451305e-05
440,481,True,0.0006207324643078
441,568,True,3.025119707377042e-05
442,569,True,2.932511286376413e-05
443,561,True,4.268167491723067e-05
443,618,False,2.7747717750215044e-05
444,562,True,2.6427759718808635e-05
445,301,False,2.783654381471997e-05
445,892,True,0.0001424704373842
446,602,True,9.484066767830044e-05
446,154,False,0.0002114164904862
446,403,False,4.368910830529949e-05
447,893,True,0.0001204964453548
448,173,False,5.144297546170071e-05
448,740,True,0.0001002506265664
449,494,True,3.300983693140556e-05
450,965,True,8.719992326406753e-06
451,495,True,6.911705837799544e-05
452,493,True,2.9910567403463644e-05
452,560,False,2.899979700142099e-05
453,437,True,0.0003281916639317
455,498,True,3.399279352777211e-05
456,497,True,2.250478226623157e-05
457,496,True,3.05101293629485e-05
458,470,True,0.0001902949571836
460,861,True,0.0005
460,323,False,0.0001417434443656
461,17,True,0.00840564714416
461,11,False,0.0003873671123201
462,661,False,4.825556145345751e-05
462,672,False,4.866890543631674e-05
462,698,True,5.516632647432007e-05
463,564,True,5.709816306349366e-05
464,590,True,3.357732858773756e-05
465,565,True,3.441767300035916e-05
466,591,True,3.4212597078244204e-05
467,592,True,3.384667456422406e-05
468,566,True,3.29698455234837e-05
469,662,True,3.5467281432878166e-05
470,686,False,6.558237145855194e-05
471,685,False,2.142795920116568e-05
471,952,False,8.734387282732117e-05
472,728,True,0.0001935359009096
473,1051,True,0.0001171097318187
474,184,False,0.0005497526113249
474,1030,True,0.0008488964346349
475,831,False,3.469468601533476e-05
476,865,False,3.118119053817526e-05
476,829,True,2.049642337412121e-05
477,425,True,0.0004046944556859
478,865,True,3.1814039261267046e-05
478,829,False,2.0896894721444392e-05
479,865,False,3.152322534771681e-05
479,777,True,3.303300823347731e-05
479,829,False,2.0712939373226453e-05
480,865,False,3.1814039261267046e-05
480,776,True,3.1408383032812426e-05
480,829,False,2.0896894721444392e-05
481,911,True,2.207310612749426e-05
482,778,True,2.2890104607778056e-05
482,911,False,2.236686125835961e-05
483,597,False,2.4683434946807195e-05
483,951,True,2.588460642455932e-05
483,243,False,2.799630448780761e-05
484,399,False,2.369836718250113e-05
484,539,True,3.003634397621121e-05
485,530,True,3.3807769025322016e-05
486,532,True,3.143171460003143e-05
487,482,True,0.0064797694001487
488,977,False,2.9634898055950688e-05
488,529,True,3.0057108506161708e-05
489,394,True,1.88625860605489e-05
490,649,False,4.677255031380723e-05
490,650,True,2.3177656738903696e-05
491,292,False,0.0001976675232259
491,673,False,7.982757244352198e-05
491,339,True,0.0001432049262494
492,517,True,0.0001141682840506
493,517,False,0.0001240233163834
493,518,True,0.0001598316229239
494,374,False,6.744452687664396e-05
494,617,True,3.3160062478131515e-05
494,812,False,4.152823920265781e-05
495,551,False,2.7852825669164137e-05
496,857,False,0.0001453461592789
496,866,True,2.6240520611928943e-05
497,544,False,2.751561511157582e-05
497,546,False,2.600442075152776e-05
497,863,False,2.600442075152776e-05
497,549,False,2.542265158256006e-05
497,598,True,2.8915941358470924e-05
498,545,False,2.519716783833497e-05
498,546,False,2.465057805605541e-05
498,547,False,2.3773863015001308e-05
498,863,False,2.465057805605541e-05
498,549,True,2.4127198590971604e-05
498,550,False,2.519716783833497e-05
498,599,False,2.648936452014516e-05
499,545,False,2.542265158256006e-05
499,546,False,2.486634340420241e-05
499,547,False,2.3974491141425524e-05
499,863,True,2.486634340420241e-05
499,549,False,2.433386056697895e-05
499,550,False,2.542265158256006e-05
499,599,False,2.6738682852482685e-05
500,863,False,2.4975648742476084e-05
500,599,False,2.6865110281277706e-05
500,671,False,1.953582870985387e-05
500,544,False,2.63664407941572e-05
500,545,False,2.5536913608621265e-05
500,546,False,2.4975648742476084e-05
500,547,False,2.4076080414108584e-05
500,549,False,2.4438524890637603e-05
500,550,True,2.5536913608621265e-05
501,541,False,3.2561622871283904e-05
501,577,False,0.0001291489086917
501,563,False,6.903179744912762e-05
501,1024,True,0.0004531037607612
501,1025,False,0.0002347811504276
501,1026,False,2.535304109727961e-05
501,1028,False,6.760098990369819e-05
502,545,False,2.600442075152776e-05
502,546,False,2.542265158256006e-05
502,547,False,2.449119541524822e-05
502,863,False,2.542265158256006e-05
502,549,False,2.486634340420241e-05
502,550,False,2.600442075152776e-05
502,599,True,2.738300610641036e-05
503,545,True,2.612398443010528e-05
503,546,False,2.5536913608621265e-05
503,547,False,2.4597220514081907e-05
503,863,False,2.5536913608621265e-05
503,549,False,2.4975648742476084e-05
503,550,False,2.612398443010528e-05
503,599,False,2.751561511157582e-05
504,863,False,2.4975648742476084e-05
504,599,False,2.6865110281277706e-05
504,671,False,1.953582870985387e-05
504,544,False,2.63664407941572e-05
504,545,False,2.5536913608621265e-05
504,546,True,2.4975648742476084e-05
504,547,False,2.4076080414108584e-05
504,549,False,2.4438524890637603e-05
504,550,False,2.5536913608621265e-05
505,292,False,0.0001938360147315
505,505,False,6.676013084985647e-05
505,339,False,0.0001396063102052
506,996,False,3.0166822528583065e-05
507,996,False,3.0495242742132227e-05
508,653,False,5.805604457338199e-05
508,582,False,2.5938318678183283e-05
508,583,False,2.516546291869039e-05
509,580,True,9.58414399217934e-06
510,653,False,6.262767295829182e-05
510,582,False,2.7523188286131065e-05
510,583,False,2.66545832555908e-05
511,653,True,8.903646828992369e-05
511,534,False,2.643474582991885e-05
511,538,False,5.96836765144733e-05
511,909,False,4.950249987624375e-05
512,534,False,2.0350434481776183e-05
512,536,True,1.0268732735693088e-05
512,538,False,4.568713450292398e-05
512,909,False,3.75389466571568e-05
513,909,False,4.249713144362755e-05
513,817,False,3.0052592036063108e-05
513,534,False,2.289429703060968e-05
513,535,True,9.750390015600624e-05
513,537,False,5.514503143266792e-05
513,538,False,5.1519835136527566e-05
514,909,False,3.75389466571568e-05
514,817,False,2.6865110281277706e-05
514,534,False,2.0350434481776183e-05
514,535,False,8.407600470825627e-05
514,536,False,1.0268732735693088e-05
514,537,True,5.057657293141817e-05
514,538,False,4.568713450292398e-05
515,579,True,8.14577682200663e-06
516,396,False,0.0001388503193557
516,813,True,0.0005497526113249
517,395,True,3.3100526298368146e-05
518,526,True,2.6793130241406102e-05
518,898,False,3.913281678015184e-05
518,523,False,2.9588425008136817e-05
518,922,False,2.4812048730863707e-05
519,922,False,2.536590315298176e-05
519,898,False,4.064379775646237e-05
519,524,True,3.0281924719135148e-05
520,525,False,3.086705559156712e-05
520,922,False,2.4975648742476084e-05
520,898,False,3.957418180379121e-05
520,523,True,2.981603506365724e-05
521,525,False,3.086705559156712e-05
522,588,True,9.223729431270842e-05
523,500,True,0.000123869689087
524,534,True,2.26916880346729e-05
524,538,False,5.10542706897432e-05
524,909,False,4.2099945270071146e-05
525,456,True,3.150697879580327e-05
526,724,False,6.83480281593876e-05
527,749,False,2.385325477661427e-05
527,851,True,2.5150272880460752e-05
527,864,False,2.018693098088297e-05
527,696,False,2.406912653139817e-05
527,344,False,4.455533772945999e-05
527,748,False,2.423361201987156e-05
528,749,False,2.338142112277584e-05
528,851,False,2.462629595882483e-05
528,696,True,2.358880003774208e-05
528,344,False,4.338959517507701e-05
528,748,False,2.374676450333642e-05
529,749,False,2.3432923257176333e-05
529,851,False,2.4683434946807195e-05
529,696,False,2.36412208326438e-05
529,344,False,4.351610095735422e-05
529,748,True,2.3799890520503604e-05
530,749,True,2.3279093046534906e-05
530,851,False,2.4512807942149773e-05
530,696,False,2.3484652779408657e-05
530,344,False,4.313877744704715e-05
530,748,False,2.36412208326438e-05
531,749,False,2.29278917803508e-05
531,851,False,2.412370636624611e-05
531,696,False,2.3127269363306275e-05
531,344,False,4.228329809725158e-05
531,748,False,2.3279093046534906e-05
532,614,False,3.6939898784677326e-05
532,503,True,3.6939898784677326e-05
532,138,False,5.807538184563563e-05
533,623,False,4.002721850858584e-05
533,614,True,3.0309459582335645e-05
533,503,False,3.0309459582335645e-05
533,138,False,4.762131530072861e-05
534,623,False,3.8474856681158864e-05
534,297,False,0.0001726817475392
534,626,False,5.774303446420432e-05
535,1033,True,0.0001570598397989
535,335,False,3.574747980267391e-05
536,630,True,0.000149723012427
537,471,True,8.678295582747547e-05
538,632,True,0.0001003512293025
539,578,True,5.111429155591904e-05
540,909,False,4.158177055179009e-05
541,791,False,4.669406051550243e-05
541,724,False,6.348400203148807e-05
542,704,False,0.0001083071591032
542,745,False,1.786862983346437e-05
543,704,True,0.0001234720335843
543,745,False,1.927933833310841e-05
543,831,False,2.9375071934106657e-05
544,704,False,0.0001182172833668
544,745,True,1.880795200210649e-05
545,704,False,0.0001182172833668
545,745,False,1.880795200210649e-05
546,581,True,9.62149056131776e-06
547,582,True,2.893769713806176e-05
547,583,False,2.797907165440251e-05
548,318,False,6.185439475474732e-05
548,860,True,0.0015847860538827
548,323,False,0.0001417434443656
549,582,False,2.863114495948693e-05
549,583,True,2.7692392899670465e-05
550,857,True,0.00027403710694
551,640,False,0.0001199184554502
551,910,False,2.3177656738903696e-05
551,817,False,2.4288941245051127e-05
551,584,False,2.7136305663346992e-05
551,585,True,2.7136305663346992e-05
551,586,False,5.018065034122842e-05
551,587,False,5.018065034122842e-05
552,640,False,0.0001196315348725
552,910,False,2.3127269363306275e-05
552,817,False,2.423361201987156e-05
552,584,False,2.7081922816519974e-05
552,585,False,2.7081922816519974e-05
552,586,False,5.0082636349977465e-05
552,587,False,5.0082636349977465e-05
553,469,False,0.0005633802816901
553,490,True,0.0001083991106308
554,402,True,0.0001905850962454
555,737,False,3.219782342713632e-05
555,584,False,2.881429188877684e-05
555,536,False,1.00173299808669e-05
555,585,False,2.881429188877684e-05
555,586,False,5.319997872000851e-05
555,587,True,5.319997872000851e-05
556,584,True,2.9506358620282672e-05
556,585,False,2.9506358620282672e-05
557,270,False,0.0008197230321827
557,338,True,0.0001610565308423
558,863,False,2.618417951873478e-05
558,599,False,2.826855123674912e-05
558,671,False,2.048550650414832e-05
558,544,True,2.771695446104382e-05
558,545,False,2.68017474739353e-05
558,546,False,2.618417951873478e-05
558,547,False,2.519716783833497e-05
558,548,False,2.1959682023804296e-05
558,549,False,2.5594430651890148e-05
558,550,False,2.68017474739353e-05
559,541,False,3.2939161368951544e-05
559,577,False,0.0001306335728282
559,563,False,6.977015695510056e-05
559,1024,False,0.0004597701149425
559,1025,True,0.0002381969624215
559,1026,False,2.564957549952548e-05
559,1028,False,6.830890202572012e-05
560,703,False,1.853396348809193e-05
560,934,False,1.8000828038089752e-05
560,747,True,1.688647224708286e-05
561,750,True,5.958600707508936e-05
563,62,False,4.022040783493544e-05
563,700,False,8.65426222414539e-05
563,739,True,2.520987218594801e-05
563,710,False,2.520987218594801e-05
563,967,False,0.0001698732078012
564,710,False,2.3960704444710675e-05
564,62,False,3.774866935940508e-05
564,739,False,2.3960704444710675e-05
564,700,False,8.099133392726977e-05
565,635,True,1.922818082181245e-05
566,645,True,5.291285253188e-05
567,654,True,1.6760806530010223e-05
568,634,True,1.7183902120493522e-05
569,637,True,2.1686799245299387e-05
570,729,True,3.703840882995666e-05
571,646,True,1.955913705087332e-05
572,697,True,0.000277854959711
573,408,False,2.630817394964616e-05
573,570,True,3.664217679232737e-05
574,573,True,7.320108337603396e-05
575,977,False,3.145742237881028e-05
575,641,True,3.588988981803826e-05
576,977,False,3.001290554938624e-05
576,979,False,0.000107564471455
576,642,True,3.5237323372916594e-05
577,717,True,6.384472961757006e-05
577,840,False,5.602554764972827e-05
578,680,True,8.497544347854922e-05
579,668,True,0.000508595539913
580,663,True,8.184084683319171e-05
581,656,True,2.0822921872397133e-05
582,648,True,2.008274089247701e-05
583,639,True,2.778472395876747e-05
584,261,True,0.0004962779156327
584,439,False,8.595495960116899e-05
585,605,True,0.0002410219329959
586,226,True,0.0006230529595015
588,227,True,0.0007178750897343
589,1049,True,4.951720722951226e-05
589,751,False,3.0828991583685296e-05
589,752,False,3.0828991583685296e-05
589,534,False,2.191588682636043e-05
589,538,False,4.927322000492732e-05
589,934,False,2.2587129853409525e-05
589,638,False,2.282948656484716e-05
589,703,False,2.3432923257176333e-05
589,848,False,2.358880003774208e-05
589,746,False,2.4798512089274643e-05
589,747,False,2.0859842716785915e-05
590,678,True,9.222329135949372e-05
591,679,True,9.42540873326677e-05
592,603,True,7.588404917286387e-05
593,623,True,4.367765887748417e-05
593,614,False,3.30392837083292e-05
593,503,False,3.30392837083292e-05
593,138,False,5.192377589698322e-05
594,997,True,2.1898609438300667e-05
594,594,False,2.0389854008645296e-05
594,572,False,5.0634934627554125e-05
595,997,False,2.2233586055094823e-05
595,594,False,2.0676536266644613e-05
595,572,True,5.137014385806491e-05
596,818,True,6.842753524018066e-05
597,516,True,3.297609233305853e-05
598,533,True,0.0002057189878625
599,428,True,0.0002196354052273
600,821,True,8.08865162177465e-05
601,685,True,2.058078989071601e-05
601,1005,False,2.0438194898626555e-05
602,1069,False,0.0001335648457326
602,855,False,0.0001534118099616
603,510,True,0.0001156470452179
603,513,False,0.000327011118378
604,511,True,8.404067568703252e-05
604,512,False,0.0042372881355932
604,513,False,0.0003606202668589
605,511,False,8.846426043878272e-05
605,512,True,0.0046511627906976
606,1016,False,0.0001455957291919
606,851,False,1.995968144348416e-05
606,561,False,3.158096201599794e-05
607,908,False,6.524859715516117e-05
607,674,True,8.25172732804373e-05
608,685,False,2.626050420168067e-05
608,551,True,3.2468586642423456e-05
609,708,True,4.9952545082171936e-05
610,908,False,6.558237145855194e-05
610,682,True,2.6613439787092483e-05
611,604,False,0.0001035303861683
612,237,False,0.0002710761724044
612,716,True,5.005005005005005e-05
613,623,False,4.208931352329644e-05
613,624,True,3.719822936428226e-05
613,625,False,3.719822936428226e-05
613,626,False,6.275745016830566e-05
613,628,False,3.719822936428226e-05
613,629,False,3.706861400452237e-05
613,297,False,0.0001888574126534
614,623,False,4.171011470281544e-05
614,624,False,3.6812074360390207e-05
614,625,False,3.6812074360390207e-05
614,626,False,6.223443886961398e-05
614,628,True,3.6812074360390207e-05
614,629,False,3.668513151619649e-05
614,297,False,0.0001871607711023
615,474,False,3.391785096496286e-05
616,684,True,6.98214217798559e-05
617,706,True,1.890823831943578e-05
618,934,False,1.8501729911746748e-05
619,655,True,6.873977635541705e-05
620,640,True,0.0001618384851917
620,910,False,3.0309459582335645e-05
620,817,False,3.2238305554660043e-05
620,586,False,6.362942224484602e-05
620,587,False,6.362942224484602e-05
621,515,True,5.289605924358635e-05
622,574,True,2.34439104442621e-05
623,1054,True,4.593477262287552e-05
624,703,False,1.955607705094358e-05
624,934,True,1.8963457417556368e-05
624,747,False,1.7730810829979254e-05
625,459,False,0.0001363140676117
625,460,False,0.0002022653721682
626,459,False,0.0001459214942361
626,460,True,0.0002241649854292
627,461,True,0.0001264062697509
628,858,True,4.596855750666544e-05
630,1024,False,0.0003435245620061
630,1025,False,0.0001784748053066
630,560,False,3.187250996015936e-05
631,553,True,0.0002405580947798
632,1009,True,0.0001680389850445
633,513,True,0.0002495009980039
634,651,True,7.409651945154118e-05
635,721,True,6.51626400256276e-05
636,689,True,0.0002871088142405
636,690,False,0.0001068490223314
636,691,False,0.0002345765892563
636,692,False,0.0003883495145631
636,693,False,0.0015267175572519
636,694,False,5.4442508710801394e-05
636,695,False,9.524716639679968e-05
637,867,True,2.600442075152776e-05
638,373,True,4.276611213274601e-05
639,689,False,0.0002914602156805
639,690,False,0.0001085187194791
639,691,False,0.0002374732842555
639,692,True,0.000396982929734
639,693,False,0.001564945226917
639,694,False,5.514503143266792e-05
639,695,False,9.662769349695624e-05
640,689,False,0.0003153579312519
640,690,False,0.000117716303708
640,691,False,0.0002531004808909
640,692,False,0.0004466279589102
640,693,True,0.0017889087656529
640,694,False,5.894836123555765e-05
640,695,False,0.0001041775184915
641,231,True,0.0742574257425742
642,623,False,4.121501875283353e-05
642,624,False,3.630950219672488e-05
642,625,False,3.630950219672488e-05
642,626,False,6.155050184290454e-05
642,628,False,3.630950219672488e-05
642,629,True,3.618599601954044e-05
642,841,False,0.0003780718336483
642,297,False,0.0001849454410948
643,623,False,4.171011470281544e-05
643,624,False,3.6812074360390207e-05
643,625,True,3.6812074360390207e-05
643,626,False,6.223443886961398e-05
643,628,False,3.6812074360390207e-05
643,629,False,3.668513151619649e-05
643,297,False,0.0001871607711023
644,717,False,6.950719399457844e-05
644,709,True,0.0001092299290005
644,672,False,5.7250815824125495e-05
644,661,False,5.667970299835629e-05
644,520,False,3.786301162394457e-05
645,1018,True,5.362217813287576e-05
646,1019,True,5.698330389195965e-05
647,446,True,0.0002121340687314
648,701,True,1.9694731659281143e-05
649,715,True,1.672912205567452e-05
650,869,False,8.997660608241858e-05
650,886,False,0.0012624613643289
651,886,False,0.0012791672180318
651,823,True,0.0007929780427114
652,827,True,9.158347834050736e-05
653,671,True,2.107081902273541e-05
654,492,True,0.0013184749038235
655,54,False,5.5011552426009457e-05
655,794,True,4.309601792794346e-05
655,822,False,4.101722723543888e-05
656,623,False,4.5840018336007336e-05
656,297,True,0.0002056343820686
656,626,False,6.789249924426925e-05
657,658,True,4.410726887791108e-05
658,660,True,3.835973761939468e-05
659,659,True,4.925623091321051e-05
660,657,True,9.921619208254789e-05
661,609,True,3.180560414745078e-05
662,252,True,3.8785246092386455e-05
662,924,False,0.0001709109553922
663,623,False,4.221724996833706e-05
663,297,False,0.000189429816253
663,626,False,6.293374623496227e-05
663,138,False,5.020332346001305e-05
664,623,False,4.423408678727828e-05
664,624,False,3.940265573899681e-05
664,625,False,3.940265573899681e-05
664,626,True,6.570227473020774e-05
664,628,False,3.940265573899681e-05
664,629,False,3.925725277745063e-05
664,297,False,0.0001984520738241
664,138,False,5.2578999947421e-05
665,718,True,2.246131039284832e-05
666,229,True,0.000233263354327
666,361,False,0.0011248593925759
666,99,False,3.367797123901256e-05
667,575,True,3.716228771043146e-05
667,576,False,1.9417852773840262e-05
668,799,False,8.14265939255761e-05
668,800,True,5.510856387082553e-05
668,801,False,7.246901949416625e-05
668,802,False,5.797437532610586e-05
668,664,False,0.000160745860794
668,665,False,0.0001190901512444
668,803,False,6.67913438418381e-05
668,804,False,0.0001322576378785
668,805,False,7.834534628643058e-05
668,807,False,6.0642813826561554e-05
668,781,False,4.31909471774716e-05
669,781,False,4.207868714496108e-05
669,799,False,7.877116975187081e-05
669,801,False,7.035812284528248e-05
669,664,False,0.0001556420233463
669,665,False,0.0001162655505173
669,805,False,7.588404917286387e-05
670,894,True,0.0001226692836113
671,768,False,8.013462617196892e-05
671,773,False,7.84990972603815e-05
672,968,True,2.5253162958660573e-05
673,819,True,2.7990035547345146e-05
674,760,False,4.114718347529111e-05
674,758,False,5.341024408481546e-05
674,759,False,0.0001646090534979
675,824,True,2.1755683672359405e-05
676,977,False,3.0400680975253844e-05
676,915,False,4.045143804862263e-05
676,673,True,7.184424168402902e-05
676,339,False,0.0001245795440388
677,915,False,4.045143804862263e-05
677,707,True,0.0001041775184915
678,825,True,0.0001032020318214
679,915,True,4.029820672980052e-05
679,673,False,7.159733657907925e-05
679,707,False,0.0001036591686534
679,339,False,0.0001240233163834
680,877,True,2.3097355352812103e-05
681,878,True,8.895014958811741e-05
682,885,True,9.647081522544758e-05
683,719,True,3.857567308314239e-05
684,724,False,0.0001027326895418
685,831,True,3.361255417307829e-05
686,606,True,0.0003125976867771
687,768,False,8.361903169161301e-05
687,773,False,8.183975775431706e-05
688,768,False,8.114907084313886e-05
688,773,False,7.947230390209013e-05
689,768,False,7.980209081477935e-05
689,773,False,7.81799702916113e-05
689,753,False,4.131377814501136e-05
690,768,True,8.547739123001966e-05
690,773,False,8.361903169161301e-05
690,753,False,4.417546494676856e-05
691,760,False,4.360908813396711e-05
691,758,False,5.600672080649678e-05
692,661,False,5.489980785067253e-05
692,873,True,5.212948965229631e-05
692,672,False,5.543544542380398e-05
693,730,True,0.000107828337287
694,760,False,4.515284237142728e-05
694,758,False,5.760700501180944e-05
694,759,False,0.0001831837332844
695,760,False,4.576030750926646e-05
695,758,False,5.8230943923601e-05
695,759,False,0.0001860465116279
696,760,False,4.859322610428106e-05
696,758,True,6.109855196431844e-05
696,759,False,0.000199560965875
697,760,False,4.859322610428106e-05
697,759,True,0.000199560965875
697,758,False,6.109855196431844e-05
697,211,False,6.593261686556338e-05
698,382,False,0.0002606202762574
698,543,True,0.0001709345414798
699,850,True,0.0001384054925394
699,966,False,6.690305746972637e-05
700,760,False,4.379625979941313e-05
700,758,False,5.620187714269656e-05
700,759,False,0.0001768346595932
701,760,False,4.475674707962225e-05
701,758,False,5.719842132357147e-05
701,759,False,0.0001813236627379
702,760,False,4.2167404596247095e-05
702,758,False,5.449294316386028e-05
703,693,False,0.0009551098376313
704,966,True,7.305135510263716e-05
705,826,True,2.212438328281599e-05
706,871,True,0.0001294163323411
707,876,True,2.8059148685428885e-05
708,732,True,3.4804399276068494e-05
709,768,False,8.218952905399852e-05
709,773,True,8.046994447573832e-05
709,781,False,4.0017607747408856e-05
710,768,False,7.84990972603815e-05
710,773,False,7.692899453804139e-05
710,781,False,3.829803531078855e-05
711,686,True,6.193868070610096e-05
711,22,False,0.0004628888748093
712,773,False,8.013462617196892e-05
712,781,False,3.9854928061854845e-05
713,1049,False,4.638434064659771e-05
713,834,True,0.000176460208223
713,934,False,2.1192277534066587e-05
713,638,False,2.1405484085022585e-05
713,703,False,2.1935115927087675e-05
713,848,False,2.2071644558236035e-05
713,782,False,3.013954609843576e-05
713,746,False,2.3127269363306275e-05
713,747,False,1.96645232336342e-05
713,556,False,6.559945132147541e-05
714,167,False,0.0001725625539257
714,713,False,0.0003096934035305
715,167,False,0.0001725625539257
715,713,False,0.0003096934035305
716,167,False,0.0001587049674654
716,713,False,0.0002775464890369
717,783,False,0.0001022684818974
717,784,False,9.821784718505644e-05
717,167,False,0.0001249531425715
717,766,True,9.854310389325704e-05
717,767,False,0.0001005408000722
718,742,False,7.862253321802028e-05
718,783,False,0.0001033338886651
718,784,False,9.920012308913232e-05
718,167,False,0.000127145581691
718,766,False,9.953192909805792e-05
718,767,True,0.0001015703326186
719,879,True,1.6479894528675016e-05
720,783,False,0.0001015703326186
720,784,True,9.757373288560044e-05
720,766,False,9.789473053310009e-05
721,880,True,1.644926225058806e-05
722,640,False,0.0001449485432671
722,910,False,2.748989746268246e-05
722,817,False,2.906723250879284e-05
722,535,False,9.324878776575904e-05
722,586,True,5.841121495327103e-05
722,587,False,5.841121495327103e-05
723,675,True,2.347913878518936e-05
724,124,False,9.328358208955224e-05
724,147,True,0.0001587824407082
725,647,True,0.0003195161355648
725,254,False,0.0004056795131845
726,92,True,0.0002240625468491
727,509,True,0.000418235048097
727,1064,False,0.0002241158154239
727,142,False,0.0003059039461609
727,318,False,5.599417660563301e-05
727,968,False,3.313123281317298e-05
727,36,False,0.000395726157499
728,762,False,4.027548431269886e-05
729,762,False,3.955070400253125e-05
729,765,False,1.5251342118106392e-05
730,762,True,4.0487469128304793e-05
731,872,True,2.1405484085022585e-05
732,762,False,3.9961636828644505e-05
733,761,True,6.7778229632642e-05
733,762,False,3.9755108531446296e-05
734,870,True,2.470416759307295e-05
735,22,False,0.000558075569654
735,875,False,2.41785342972509e-05
735,874,True,2.4127198590971604e-05
736,820,True,2.777469170092212e-05
737,612,True,0.0005064215160708
738,22,False,0.0005615224149725
738,875,True,2.428186387587112e-05
738,874,False,2.4230088924426352e-05
739,1006,True,8.026326350429408e-05
740,757,True,0.0001653712584752
741,36,False,0.0003290556103981
741,667,True,0.0003517411185367
742,884,True,2.108325778499293e-05
743,733,True,6.413134098634003e-05
743,738,False,2.331056667987599e-05
744,733,False,6.319914049168932e-05
744,738,True,2.296263978506969e-05
745,922,False,2.116178182202941e-05
745,714,True,7.758132462353663e-06
746,636,True,2.1813581135615032e-05
747,623,False,4.313505585989734e-05
747,297,False,0.0001935359009096
747,626,False,6.419610871162714e-05
748,292,True,0.0002058036633052
748,813,False,0.0004664179104477
749,881,True,1.7191878556569876e-05
750,886,True,0.0012251277935025
751,883,True,0.0012624613643289
752,817,True,2.5269754630682536e-05
752,994,False,3.0028226532940963e-05
752,988,False,1.7378006395106353e-05
753,828,True,2.944033915270704e-05
754,502,True,3.39570104248022e-05
755,996,False,2.970973588044802e-05
756,90,True,0.0001916931470847
757,1051,False,8.840951286358412e-05
758,457,True,0.000516795865633
759,519,True,4.582321404023278e-05
760,69,True,0.0006006006006006
761,815,True,5.894836123555765e-05
762,383,False,3.1947861090699976e-05
762,627,True,4.509582863585119e-05
763,1032,True,0.0001543448062972
763,1029,False,0.0092409926279721
764,206,False,0.0007616146230007
764,527,False,0.0003161555485298
764,164,True,0.0022524615006637
764,201,False,0.0004854840275754
764,299,False,0.000286944045911
765,790,False,9.593246354566386e-05
766,602,False,7.867820613690008e-05
767,673,False,8.013462617196889e-05
767,610,False,0.0002727675679361
767,707,False,0.0001225640397107
767,1024,False,0.000512557662737
767,1025,False,0.000265206208351
767,613,True,0.0004820365392382
768,613,False,0.0003868337137779
769,816,True,0.0001574555188159
770,1049,False,5.598163802272855e-05
770,782,True,3.767471649775835e-05
770,848,False,2.6730106118521288e-05
770,661,False,6.457028475495577e-05
770,1042,False,4.022040783493544e-05
770,882,False,0.0004918647306986
771,793,True,3.883344336142286e-05
773,899,True,0.0001015744032503
774,1058,True,0.0005730659025787
775,868,True,0.0001777145903678
776,6,False,2.8233434032581383e-05
776,795,True,7.781495603454984e-05
777,643,True,3.6812074360390207e-05
778,468,True,0.0003252721317427
780,286,True,0.0002626740215392
781,286,False,0.0003064664419246
781,713,True,0.0003129890453834
782,795,False,6.988608568034104e-05
783,423,True,0.0001610565308423
784,1012,False,0.0001180637544273
784,307,True,8.418217021634817e-05
785,141,False,0.0020120724346076
786,615,True,2.667022269635952e-05
787,505,False,3.90335298021e-05
787,626,False,4.870455409348173e-05
787,297,False,0.0001440299582313
788,593,True,1.9446172993154947e-05
789,288,True,0.0002093982335605
790,661,False,5.360493165371214e-05
790,672,False,5.411548243952595e-05
790,887,True,4.825556145345751e-05
791,128,True,0.0001614465611882
792,799,False,9.058791557206268e-05
792,800,False,5.915759583530525e-05
792,801,False,7.963685593692761e-05
792,802,False,6.247266820765915e-05
792,664,False,0.000178284899269
792,665,False,0.0001284521515735
792,803,False,7.283321194464675e-05
792,804,False,0.0001454122437109
792,805,False,8.679048776254123e-05
792,806,True,0.0003588087549336
792,807,False,6.558237145855194e-05
792,808,False,8.946944618412812e-05
792,809,False,9.058791557206268e-05
792,810,False,0.0003250975292587
792,811,False,8.14265939255761e-05
792,812,False,7.963685593692761e-05
793,799,False,8.731336767659129e-05
793,800,False,5.774338838203026e-05
793,801,False,7.709505820676895e-05
793,802,False,6.08976310821509e-05
793,664,False,0.0001720282126268
793,665,False,0.0001251721116535
793,803,False,7.070135746606335e-05
793,804,False,0.0001407459535538
793,805,False,8.378016085790885e-05
793,806,False,0.0003461405330564
793,807,False,6.38488060273273e-05
793,808,False,8.62738331464067e-05
793,810,False,0.000314663310258
793,811,True,7.877116975187081e-05
794,60,True,0.00021510002151
794,125,False,9.813542688910696e-05
795,149,True,0.0001683785149014
795,256,False,9.518370454978108e-05
796,149,False,0.0001595150741745
797,159,True,5.6837558258497215e-05
798,67,True,2.607493937576595e-05
799,66,True,0.0001332622601279
800,640,False,0.0001592610288262
800,910,True,2.9883752203926725e-05
800,586,False,6.284960090503425e-05
800,587,False,6.284960090503425e-05
801,681,True,2.018448620390368e-05
802,908,False,5.0377833753148616e-05
802,683,True,8.167346946906268e-05
802,668,False,0.0004495185771611
803,458,False,0.0002250731487733
804,411,True,6.710058377507885e-05
805,430,True,2.692224854619858e-05
806,60,False,0.0001440299582313
806,161,False,6.946856547412296e-05
807,522,True,0.0004675664723668
808,218,True,7.220216606498194e-05
809,889,True,5.7250815824125495e-05
809,407,False,6.62646610562587e-05
810,888,True,5.476751191193384e-05
811,610,False,0.0002278942570647
811,1055,True,0.000273733101396
816,789,True,3.4857780256553265e-05
817,788,True,3.734966758795847e-05
819,379,False,0.0002187226596675
820,70,False,6.66045024643666e-05
820,705,True,1.865010537309536e-05
821,15,True,0.0001342822613132
822,478,True,3.85594200663222e-05
822,345,False,3.5369433735365894e-05
823,952,False,9.390553103577802e-05
823,890,True,0.0001368120655699
823,859,False,2.018693098088297e-05
824,19,True,3.819855609457963e-05
825,5,True,6.064649160046091e-05
826,935,True,5.918910920390648e-05
827,685,False,2.0774040758667967e-05
827,905,True,3.215763085963194e-05
828,507,True,0.000482304634035
829,534,False,2.040441551551756e-05
829,859,False,1.8896090398896468e-05
829,538,True,4.581061890146136e-05
830,836,True,0.0004486316733961
830,465,False,0.0002677713547655
831,169,True,0.000857129508892
832,936,False,0.0001018336143186
833,936,False,0.0001024309400971
833,1020,True,2.93797925786644e-05
834,329,False,0.0001574555188159
834,507,False,0.0004162775783895
835,799,False,8.329862557267805e-05
835,800,False,5.595970900951315e-05
835,801,False,7.394808844191378e-05
835,802,True,5.89171036351853e-05
835,664,False,0.000164338537387
835,665,False,0.0001210507202517
835,803,False,6.804572672836147e-05
835,804,False,0.000134970981239
835,805,False,8.007687379884689e-05
835,806,False,0.0003305785123966
835,807,False,6.167509559639817e-05
835,808,False,8.23519723297373e-05
835,810,False,0.000301750150875
835,811,False,7.548878991469766e-05
836,809,True,9.058791557206268e-05
836,515,False,8.525876033762469e-05
837,799,False,8.679048776254123e-05
837,800,False,5.751423477310634e-05
837,801,False,7.668711656441718e-05
837,802,False,6.0642813826561554e-05
837,664,False,0.000171027877544
837,665,False,0.0001246416552411
837,803,False,7.035812284528248e-05
837,804,False,0.0001399972000559
837,805,True,8.329862557267805e-05
837,806,False,0.0003441156228492
837,807,False,6.356874960269532e-05
837,808,False,8.576329331046313e-05
837,810,False,0.0003129890453834
838,952,False,9.050592813829308e-05
838,859,True,1.959209263141396e-05
838,918,False,7.438183383098323e-05
839,799,False,8.476012883539582e-05
839,800,False,5.6615523976674406e-05
839,801,False,7.509762691498949e-05
839,802,False,5.9644518668734345e-05
839,664,False,0.0001671402306535
839,665,False,0.0001225640397107
839,803,True,6.901787562978811e-05
839,804,False,0.0001370801919122
839,805,False,8.14265939255761e-05
839,806,False,0.0003362474781439
839,807,False,6.247266820765915e-05
839,808,False,8.378016085790885e-05
839,810,False,0.0003064664419246
839,811,False,7.668711656441718e-05
840,799,True,8.946944618412812e-05
840,803,False,7.210845111047015e-05
840,664,False,0.0001761493746697
840,804,False,0.0001438228102977
840,805,False,8.576329331046313e-05
840,806,False,0.0003544842254519
840,808,False,8.837825894829872e-05
840,811,False,8.052178114179885e-05
840,226,False,0.0004889975550122
841,799,False,8.426729586247578e-05
841,800,False,5.6395217685540266e-05
841,801,False,7.471049682480388e-05
841,802,False,5.94000594000594e-05
841,664,False,0.0001661957786272
841,665,False,0.0001220554131575
841,803,False,6.869075422448138e-05
841,804,False,0.0001363698349924
841,805,False,8.097165991902834e-05
841,806,False,0.0003343363423604
841,808,False,8.329862557267805e-05
841,807,True,6.220452848967405e-05
841,811,False,7.628346937218705e-05
841,810,False,0.0003048780487804
842,799,False,9.173470323823502e-05
842,800,False,5.9644518668734345e-05
842,801,False,8.052178114179885e-05
842,802,False,6.30159430335875e-05
842,664,False,0.0001804728388377
842,665,False,0.0001295840352468
842,803,False,7.357268981753973e-05
842,804,False,0.0001470372004117
842,807,False,6.618133686300464e-05
842,808,False,9.058791557206268e-05
842,805,False,8.784258608573436e-05
842,806,False,0.0003632401017072
842,811,False,8.23519723297373e-05
842,812,False,8.052178114179885e-05
842,810,True,0.0003287310979618
843,799,False,8.576329331046313e-05
843,800,False,5.7061340941512125e-05
843,801,True,7.588404917286387e-05
843,802,False,6.013952369497234e-05
843,664,False,0.0001690617075232
843,665,False,0.00012359411692
843,803,False,6.968155529231412e-05
843,804,False,0.0001385233411829
843,805,False,8.23519723297373e-05
843,806,False,0.0003401360544217
843,807,False,6.30159430335875e-05
843,808,False,8.476012883539582e-05
843,810,False,0.0003096934035305
843,811,False,7.750736319950395e-05
843,812,False,7.588404917286387e-05
844,984,True,0.0001016262681594
845,799,False,8.837825894829872e-05
845,800,False,5.820721769499418e-05
845,801,False,7.792410192472531e-05
845,802,False,6.141374439599583e-05
845,664,False,0.0001740644038294
845,665,True,0.0001262466860244
845,803,False,7.139797229758674e-05
845,804,False,0.0001422677479015
845,805,False,8.476012883539582e-05
845,806,False,0.0003502626970227
845,807,False,6.441638752898738e-05
845,808,False,8.731336767659129e-05
845,810,False,0.0003180661577608
845,811,False,7.963685593692761e-05
845,812,False,7.792410192472531e-05
845,227,False,0.0005885815185403
846,955,True,3.0063433845413825e-05
847,799,False,9.058791557206268e-05
847,800,False,5.915759583530525e-05
847,801,False,7.963685593692761e-05
847,664,False,0.000178284899269
847,803,False,7.283321194464675e-05
847,804,True,0.0001454122437109
847,805,False,8.679048776254123e-05
847,806,False,0.0003588087549336
847,807,False,6.558237145855194e-05
847,808,False,8.946944618412812e-05
847,810,False,0.0003250975292587
847,811,False,8.14265939255761e-05
847,226,False,0.0004997501249375
848,799,False,8.784258608573436e-05
848,800,False,5.797437532610586e-05
848,801,False,7.750736319950395e-05
848,802,False,6.11545988258317e-05
848,664,False,0.0001730403183941
848,665,False,0.0001257071024512
848,803,False,7.104795737122558e-05
848,804,False,0.0001415027593038
848,805,False,8.426729586247578e-05
848,806,False,0.0003481894150417
848,807,False,6.413134098634002e-05
848,808,True,8.679048776254123e-05
848,810,False,0.000316355583676
848,811,False,7.92016473942658e-05
848,812,False,7.750736319950395e-05
849,799,False,9.11577028258888e-05
849,992,False,0.0001150350857011
849,801,False,8.007687379884689e-05
849,664,True,0.0001793721973094
849,804,False,0.0001462202076326
849,805,False,8.731336767659129e-05
849,807,False,6.588049278608604e-05
849,810,False,0.0003269042170644
849,812,False,8.007687379884689e-05
850,956,True,2.2458283737956745e-05
851,364,True,0.0002904443799012
852,974,True,0.000241837968561
853,927,True,6.819421713038734e-05
854,997,False,2.133606434957008e-05
855,1011,True,3.826286588865506e-05
856,1016,False,0.0001756240680732
856,1010,True,4.216384871611081e-05
857,842,True,0.0002389746728772
858,842,False,0.0002389746728772
858,843,False,0.0001069404341781
858,844,True,0.0002203588369692
859,717,False,6.244146113019045e-05
859,672,True,5.2369730295888974e-05
859,1010,False,4.016548178495401e-05
859,661,False,5.189144310103264e-05
859,406,False,5.4244643341470026e-05
859,407,False,5.768676088837612e-05
860,491,True,5.05076013940098e-05
861,418,True,3.710712827934247e-05
862,922,False,2.215182863345369e-05
862,918,False,7.423216108378955e-05
863,922,False,2.5309407506770262e-05
863,923,True,5.546004104043037e-05
863,918,False,8.520505509419724e-05
863,524,False,3.0203267993596907e-05
864,986,False,4.0530134154744056e-05
864,206,False,0.0004750593824228
864,942,True,6.472910868017347e-05
865,921,True,2.8570612268220908e-05
866,843,True,7.186489399928134e-05
866,844,False,0.000146136234864
866,1071,False,2.864836990775225e-05
867,779,False,7.246901949416625e-05
867,780,True,6.67913438418381e-05
868,779,True,6.413134098634002e-05
868,780,False,5.9644518668734345e-05
869,596,True,0.0001047091614304
870,1045,True,0.00020116676725
871,922,True,2.428186387587112e-05
871,923,False,5.289605924358636e-05
872,1046,True,0.0001922337562475
873,111,False,0.000258064516129
873,916,True,0.0005672149744753
874,973,True,2.3097355352812103e-05
875,180,False,0.0001714469809049
875,1047,True,0.0001264382349222
876,1061,True,5.336116677761708e-05
877,835,True,0.0008779631255487
878,1062,False,5.3580320888032094e-05
879,896,True,4.915541616689299e-05
879,933,False,0.0001048327916972
879,170,False,4.096681687832855e-05
880,896,False,4.800604370823948e-05
881,420,False,4.4312491691407816e-05
881,971,False,0.0018008747105737
881,838,True,6.840413160954922e-05
882,575,False,3.4625015558870146e-05
883,677,True,0.0068965517241379
884,266,True,7.937137868084769e-05
885,964,True,3.3824922202678934e-05
886,963,True,0.0001204964453548
887,528,True,0.0001869600069175
888,489,True,0.0006115210567083
890,891,True,0.0006317119393556
891,908,True,5.5623539882078096e-05
892,930,True,0.0001697388641622
893,928,True,0.0003193200960929
894,929,True,0.0002846955968931
895,1050,True,2.8967035513585537e-05
896,928,False,0.0002786526275972
896,929,False,0.0002519166252157
896,931,True,5.893793835091648e-05
897,529,False,2.170421495854495e-05
897,562,False,2.087639088954301e-05
897,642,False,2.489977839197231e-05
898,945,True,3.024437454633438e-05
899,946,True,3.1427763286086926e-05
900,917,True,1.417253645885004e-05
901,951,False,2.497315385960093e-05
902,952,True,0.0001041775184915
903,928,False,0.0002593827576022
903,929,False,0.0002360619496919
903,930,False,0.0001395235162672
903,673,False,5.131626212346692e-05
904,907,True,9.071117561683598e-05
905,399,False,2.2219753360737697e-05
905,958,True,3.544967918040342e-05
905,219,False,4.357488343718681e-05
906,957,True,2.8388928317956e-05
907,1000,True,3.078249091916518e-05
908,1001,True,3.219782342713632e-05
909,987,True,2.984540082373306e-05
910,989,False,3.92480081635857e-05
910,990,False,5.595970900951315e-05
910,991,False,5.915759583530525e-05
910,992,False,6.08976310821509e-05
910,993,False,0.0002382086707956
910,995,False,3.92480081635857e-05
911,989,False,4.226721332262565e-05
911,990,True,6.0642813826561554e-05
911,991,False,6.441638752898738e-05
911,992,False,6.648494116082707e-05
911,993,False,0.0002592016588906
911,995,False,4.226721332262565e-05
912,989,False,4.146968565978271e-05
912,990,False,5.94000594000594e-05
912,991,False,6.30159430335875e-05
912,992,False,6.499415052645263e-05
912,993,False,0.0002536139994927
912,995,False,4.146968565978271e-05
913,989,False,4.226721332262565e-05
913,990,False,6.0642813826561554e-05
913,991,True,6.441638752898738e-05
913,992,False,6.648494116082707e-05
913,993,False,0.0002592016588906
913,995,False,4.226721332262565e-05
914,989,False,4.598123965422108e-05
914,990,False,6.648494116082707e-05
914,991,False,7.104795737122558e-05
914,992,False,7.357268981753973e-05
914,993,True,0.0002856326763781
914,995,False,4.598123965422108e-05
914,996,False,3.5140738658326595e-05
915,989,True,4.16267743412563e-05
915,990,False,5.9644518668734345e-05
915,991,False,6.329113924050633e-05
915,992,False,6.528693608408958e-05
915,993,False,0.0002547121752419
915,995,False,4.16267743412563e-05
916,989,False,3.776435045317221e-05
916,990,False,5.36797466315959e-05
916,991,False,5.6615523976674406e-05
916,992,False,5.820721769499418e-05
916,993,False,0.0002280501710376
916,995,True,3.776435045317221e-05
917,994,True,3.398355196085094e-05
917,988,False,1.9575600970949808e-05
918,994,False,3.3924754893645894e-05
918,988,True,1.9543082725869177e-05
919,419,False,2.781331701618735e-05
919,980,True,8.271982794275788e-05
919,991,False,6.247266820765915e-05
920,944,True,9.828009828009828e-05
921,1036,True,4.343671270958214e-05
922,953,False,0.000175845045346
923,959,True,3.4573364679850644e-05
923,399,False,2.343841556310793e-05
923,219,False,4.831151263346056e-05
924,925,True,7.828401440425864e-05
925,962,False,0.0001169055710632
926,972,True,0.0001370722803777
927,1016,True,0.0001787961758653
927,1017,False,0.0001760144124742
927,1071,False,3.856834310398025e-05
927,962,False,0.0001276690102515
927,1014,False,0.0001584101829792
927,1015,False,0.0001808375972002
928,1016,False,0.0001678089741607
928,1017,True,0.0001653562454405
928,1071,False,3.587958810232858e-05
928,962,False,0.0001213176372432
928,1014,False,0.0001497247706422
928,1015,False,0.0001696059488455
929,1016,False,0.0001800154601512
929,1017,False,0.0001771959265783
929,1071,False,3.886966999650173e-05
929,962,False,0.0001283642120576
929,1014,False,0.0001593665336528
929,1015,True,0.0001820849801313
930,1016,False,0.0001678089741607
930,1017,False,0.0001653562454405
930,1071,False,3.587958810232858e-05
930,962,False,0.0001213176372432
930,1014,True,0.0001497247706422
930,1015,False,0.0001696059488455
931,972,False,0.0001331996662997
931,975,True,3.912158990141359e-05
932,669,False,2.612398443010528e-05
932,1061,False,5.722305113900074e-05
932,1062,True,5.747514955328455e-05
933,914,True,1.996605770190676e-05
933,636,False,1.985348130794735e-05
934,431,False,6.491820306413918e-05
934,516,False,4.4025711015232896e-05
934,914,False,2.844626500540479e-05
934,554,True,8.01153661272232e-05
934,636,False,2.7343322760581868e-05
935,1002,False,0.0001090069704567
935,1003,True,3.470535156521135e-05
936,1002,False,0.0001071017902476
936,1003,False,3.416117241143716e-05
936,409,False,0.000113649278327
937,848,True,2.230300867587037e-05
938,1013,True,3.597898827084982e-05
939,939,True,2.6995653699754336e-05
939,971,False,0.0008846202451661
940,971,False,0.0007147232999795
940,940,True,6.614194060453734e-05
941,976,True,2.762049440684988e-05
941,918,False,7.968376926995438e-05
942,979,True,9.632950194207156e-05
943,985,False,2.546537981613996e-05
943,978,True,3.443644753607218e-05
943,977,False,2.580045924817461e-05
944,985,True,2.524678734631018e-05
944,978,False,3.412619868272873e-05
944,977,False,2.557610169058032e-05
945,841,False,0.0003537318712415
945,488,True,0.0003204101249599
946,841,False,0.0003780718336483
946,184,True,0.000396982929734
947,841,True,0.0003683241252302
947,184,False,0.0003862495171881
948,841,False,0.0003760812335464
948,731,True,0.000396982929734
949,305,True,8.01153661272232e-05
950,1024,False,0.0002991325157044
950,1025,False,0.0001555789884402
950,1042,False,2.863114495948693e-05
951,841,False,0.0003780718336483
951,417,True,0.0003992015968063
952,943,True,5.3885116930703737e-05
952,652,False,4.287429257417253e-05
953,13,True,0.0002808199943836
954,912,True,0.0001036054703688
955,953,True,0.0003960847027136
955,958,False,5.250997689561017e-05
955,959,False,4.606384448846101e-05
956,953,False,0.0003929890749037
956,949,True,0.0001763979537837
956,958,False,5.233136218535769e-05
956,959,False,4.592633416000735e-05
957,953,False,0.0003992294870899
957,958,False,5.268981505874915e-05
957,959,False,4.620218074293107e-05
957,87,False,6.88752668916592e-05
957,950,True,0.0001831837332844
958,953,False,0.0003445216747198
958,1035,True,0.000145327713995
958,924,False,0.000217533173809
959,924,False,0.0001394505647747
959,919,False,2.5241689173839515e-05
960,693,False,0.0014556040756914
960,157,False,7.237461098646594e-05
960,971,False,0.0025017869907076
960,676,True,0.0001221150323604
961,1053,True,0.0001926411096127
961,991,False,7.92016473942658e-05
962,1041,True,0.000273298715496
963,355,True,0.0003221649484536
964,1029,False,0.0059567632688575
965,670,False,0.000134970981239
965,391,False,9.640412609659692e-05
966,22,False,0.0004015544708482
967,666,True,0.0001056970721911
968,362,True,9.931472837421788e-05
969,1065,True,6.77185616577504e-05
969,844,False,0.0001927336049637
969,961,False,3.813446211341189e-05
969,1071,False,3.6945357815790445e-05
970,1065,False,6.712760958582265e-05
970,961,True,3.781719169534471e-05
971,960,True,8.289811821271657e-05
972,393,True,0.0001144295686005
973,1034,True,0.0002871912693854
974,1042,True,3.828337353087554e-05
974,560,False,3.764351590438547e-05
974,822,False,4.810236182596565e-05
975,1052,False,3.908845717859516e-05
975,1022,True,4.400827355542842e-05
976,960,False,7.512583577492301e-05
976,1052,False,3.6423238025860496e-05
976,1037,True,3.663137843877065e-05
976,1022,False,4.065867046147591e-05
977,960,False,7.512583577492301e-05
977,962,True,0.0001254050914467
977,955,False,3.443644753607218e-05
977,1037,False,3.663137843877065e-05
978,926,True,8.901548869503293e-05
979,1024,False,0.0003614022406938
979,1025,False,0.0001876815372011
979,541,False,2.71215860703534e-05
979,1028,False,5.722305113900074e-05
980,607,True,2.070179070489597e-05
980,595,False,2.29784691743836e-05
981,901,True,1.7318416404004016e-05
982,977,True,2.919367081216792e-05
983,1007,True,0.0001404691670178
984,1056,True,0.0001333511134817
985,541,False,2.731717977436009e-05
985,577,True,0.0001084951719648
985,563,False,5.8637636469783176e-05
985,1024,False,0.0003645643456069
985,1025,False,0.0001893091418286
985,1026,False,2.123999065440411e-05
985,1028,False,5.7602033571471695e-05
986,589,True,1.942539676372889e-05
987,938,True,2.185075931388616e-05
988,104,True,0.0005733944954128
989,918,True,9.709007184665316e-05
990,1004,True,5.229174879913319e-05
991,1024,False,0.0002809778027535
991,1025,False,0.0001462012053477
991,1042,False,2.7081922816519974e-05
991,822,False,3.3347784039750554e-05
992,531,True,3.336447350860804e-05
994,622,False,2.7208663238375097e-05
994,623,False,3.222583867745158e-05
994,174,False,2.434452369939382e-05
994,626,False,4.891724813970985e-05
994,50,False,2.792282132186636e-05
994,503,False,2.445645528137152e-05
994,631,False,3.6948087936449286e-05
994,1060,False,4.146108876819105e-05
994,57,False,2.784972289525719e-05
994,34,False,2.497315385960093e-05
994,35,False,2.440036112534465e-05
994,742,False,4.421061939077766e-05
994,614,False,2.445645528137152e-05
994,297,False,0.0001446968600781
994,620,True,0.0001875692727427
995,607,False,2.086942003881712e-05
995,595,True,2.315940619282521e-05
996,952,False,9.926543577526306e-05
996,890,False,0.0001450939973387
996,859,False,2.1108179419525063e-05
996,1002,True,0.0001181114115092
996,973,False,2.588594651963449e-05
996,1043,False,3.814893475677095e-05
996,408,False,3.82511570975022e-05
997,246,True,0.0001333155579256
998,4,True,0.0002370762872386
998,93,False,0.0001232893601282
999,484,True,3.377807802736024e-05
1000,360,False,5.296610169491525e-05
1000,1038,True,4.7950131862862616e-05
1001,1075,True,0.0008257638315441
1002,413,False,0.0001496110113704
1002,414,False,4.724335049841735e-05
1002,369,False,6.783858212619399e-05
1002,441,True,5.274261603375527e-05
1003,983,True,6.741270055278414e-05
1004,571,True,0.0002298362858456
1005,247,False,0.0001332977872567
1005,386,False,0.0003053435114503
1006,623,False,4.1461088768191055e-05
1006,505,False,5.3307745615437925e-05
1006,626,False,6.189058091052455e-05
1007,913,False,0.0001502629601803
1007,241,True,0.0002506893958385
1008,787,True,0.0001296512381693
1009,60,False,0.000233808744447
1009,1044,True,0.0034602076124567
1010,1042,False,4.758505829169641e-05
1010,584,False,4.171011470281544e-05
1010,585,False,4.171011470281544e-05
1010,1066,True,0.0001910450490757
1011,954,True,3.654035882632368e-05
1012,563,False,7.014529163791297e-05
1012,1024,False,0.000463177396943
1012,1025,False,0.0002399424138206
1012,1026,False,2.580045924817461e-05
1012,1028,True,6.866844725041461e-05
1012,541,False,3.313123281317298e-05
1012,545,False,3.1049150805725465e-05
1012,577,False,0.0001313887793982
1013,473,True,0.0001322576378785
1014,427,True,0.0001438419843177
1015,798,True,0.0001866716445771
1016,114,True,0.0002411027831647
1017,477,True,8.250144377526606e-05
1018,181,False,3.9826357083117606e-05
1018,472,True,0.0002208203012116
1019,1057,True,5.876476464711759e-05
1020,8,True,0.0003960019641697
1021,10,True,0.0001247349382562
1022,1,True,0.0004832692196168
1023,0,True,0.0002887897261643
1024,358,True,0.0206185567010309
1025,1039,True,0.0001965795164143
1026,438,True,0.000274197970935
1027,485,True,6.1005368472425575e-05
1027,719,False,5.116778335207648e-05
1028,906,True,0.0005595970900951
1029,451,True,0.0001866716445771
1030,1063,True,0.0001646090534979
1031,1040,True,4.052849152954527e-05
1032,834,False,0.0001687194196051
1033,1021,True,7.123014459719353e-05
1034,924,False,0.0001715560130382
1034,919,True,2.946028753240632e-05
1035,183,True,0.0083265836837103
1036,1008,True,0.0003042287800425
1037,837,True,0.0004555808656036
1038,1072,True,0.0003418803418803
1039,900,True,1.5955579666209275e-05
1040,514,True,0.0001336005344021
1041,947,True,0.0136518771331058
1042,293,True,2.375917698210934e-05
1043,722,True,4.044325810887325e-05
1044,913,False,0.0001490979573579
1044,241,False,0.0002483238142537
1045,328,True,4.177807486631016e-05
1045,329,False,0.0001905850962454
1046,294,True,2.7156202476645668e-05
1047,1059,True,5.4350779933692045e-05
1048,525,True,3.26253629571629e-05
1049,702,True,0.0048286962520119
1050,1071,True,2.875877142528472e-05
1051,557,False,0.0001808972503617
1052,764,False,1.596373040452093e-05
1052,765,False,1.5664405770767086e-05
1052,999,True,0.0001105373888137
1053,982,True,3.455783253274355e-05
1054,154,False,0.0002278942570647
1054,42,False,0.0001930874686232
1054,435,True,0.0001499865318216
1055,649,True,4.756702632476161e-05
1055,650,False,2.358880003774208e-05
1056,1070,True,0.0032467532467532
1057,989,False,5.135315565141479e-05
1057,990,False,7.509762691498949e-05
1057,991,False,8.097165991902834e-05
1057,992,True,8.426729586247578e-05
1057,993,False,0.0003250975292587
1057,995,False,5.135315565141479e-05
1057,838,False,5.9941257567583765e-05
1057,971,False,0.0014960461637101
1057,420,False,4.0402407983515824e-05
1058,832,True,0.0037414283679599
1058,224,False,0.003700277520814
1058,482,False,0.006123237166127
1059,366,False,3.175409627841992e-05
1059,94,True,4.123031252576895e-05
1059,153,False,3.797516424258536e-05
1060,981,True,3.510523538060322e-05
1061,791,False,4.47227191413238e-05
1061,724,False,5.989458552946814e-05
1062,1073,True,0.0030127361517461
1062,1074,False,0.0001967342120794
1063,1073,False,0.0024667171289906
1063,1074,True,0.0001646090534979
1064,506,True,0.0001755309812181
1065,787,False,0.0001454122437109
1065,375,True,0.0001840603718019
1066,102,False,5.492694716027683e-05
1066,65,True,6.127826459954654e-05
1067,611,True,0.0003580379520229
1069,1067,True,0.0024213075060532
1070,1024,False,0.000525486074619
1070,344,False,6.167889964843027e-05
1070,557,True,0.0001720282126268
1071,382,True,0.000175469380593
1071,465,False,0.0002462661702713
1072,827,False,0.0001698369565217
1072,883,False,0.0024225210926405
1072,869,True,0.000144885540423
1072,886,False,0.0023827130063265
1073,374,True,9.019572472264816e-05
1074,22,True,0.0007025440331102
1075,17,False,0.0044571270196356
