dataset_1,dataset_2,dataset,model,time (sec),precision,recall,f1,good_behavior_response_rate,examples,total_matches,weights_extracted_from
abt,buy,D2,gemma3n-z-p1,908.5394403934479,95.44468546637745,82.70676691729322,88.62034239677745,1.0,vector_based_examples_dict_1,922,TopKJoin
abt,buy,D2,gemma3n-z-p1,908.499162197113,93.01075268817203,81.296992481203,86.76028084252759,1.0,vector_based_examples_dict_1,930,distilroberta
abt,buy,D2,gemma3n-z-p2,889.3188676834106,94.81641468682506,82.5187969924812,88.24120603015075,1.0,vector_based_examples_dict_1,926,TopKJoin
abt,buy,D2,gemma3n-z-p2,889.3191773891449,91.97002141327623,80.73308270676691,85.98598598598599,1.0,vector_based_examples_dict_1,934,distilroberta
abt,buy,D2,qwen2.5-z-p1,528.8424377441406,98.2843137254902,75.37593984962406,85.31914893617021,1.0,vector_based_examples_dict_1,816,TopKJoin
abt,buy,D2,qwen2.5-z-p1,528.8425269126892,97.08383961117862,75.09398496240601,84.68468468468467,1.0,vector_based_examples_dict_1,823,distilroberta
abt,buy,D2,qwen2.5-z-p2,525.9362134933472,98.20359281437125,77.06766917293233,86.36124275934702,1.0,vector_based_examples_dict_1,835,TopKJoin
abt,buy,D2,qwen2.5-z-p2,525.9361572265625,97.03440094899169,76.8796992481203,85.78919769271107,1.0,vector_based_examples_dict_1,843,distilroberta
abt,buy,D2,llama3.1-z-p1,532.0684359073639,93.5195530726257,78.66541353383458,85.45176110260336,1.0,vector_based_examples_dict_1,895,TopKJoin
abt,buy,D2,llama3.1-z-p1,532.0689747333527,90.54505005561735,76.50375939849624,82.93428425878756,1.0,vector_based_examples_dict_1,899,distilroberta
abt,buy,D2,llama3.1-z-p2,529.7948794364929,93.6145952109464,77.16165413533834,84.59556929417825,1.0,vector_based_examples_dict_1,877,TopKJoin
abt,buy,D2,llama3.1-z-p2,529.7949566841125,91.35381114903299,75.46992481203007,82.65568708183223,1.0,vector_based_examples_dict_1,879,distilroberta
abt,buy,D2,orca2-z-p1,454.36736965179443,96.98067632850241,75.46992481203007,84.88372093023256,1.0,vector_based_examples_dict_1,828,TopKJoin
abt,buy,D2,orca2-z-p1,454.32044291496277,94.34416365824309,73.68421052631578,82.74406332453825,1.0,vector_based_examples_dict_1,831,distilroberta
abt,buy,D2,orca2-z-p2,451.16099739074707,96.29629629629629,75.75187969924812,84.79747501315097,1.0,vector_based_examples_dict_1,837,TopKJoin
abt,buy,D2,orca2-z-p2,451.1613509654999,94.6236559139785,74.43609022556392,83.32456601788533,1.0,vector_based_examples_dict_1,837,distilroberta
abt,buy,D2,openhermes-z-p1,456.9409260749817,96.14949037372594,79.79323308270678,87.21109399075499,1.0,vector_based_examples_dict_1,883,TopKJoin
abt,buy,D2,openhermes-z-p1,456.94195795059204,94.86607142857143,79.88721804511279,86.73469387755102,1.0,vector_based_examples_dict_1,896,distilroberta
abt,buy,D2,openhermes-z-p2,449.75052213668823,96.30459126539753,80.82706766917293,87.88962698007154,1.0,vector_based_examples_dict_1,893,TopKJoin
abt,buy,D2,openhermes-z-p2,449.7510175704956,94.01993355481729,79.79323308270678,86.32435180477887,1.0,vector_based_examples_dict_1,903,distilroberta
abt,buy,D2,zephyr-z-p1,491.3790073394776,94.44444444444444,81.48496240601504,87.48738647830474,0.9986059479553904,vector_based_examples_dict_1,918,TopKJoin
abt,buy,D2,zephyr-z-p1,491.37922239303595,92.24890829694323,79.4172932330827,85.35353535353535,0.9986059479553904,vector_based_examples_dict_1,916,distilroberta
abt,buy,D2,zephyr-z-p2,492.5422353744507,95.64220183486239,78.38345864661655,86.15702479338843,0.9948884758364313,vector_based_examples_dict_1,872,TopKJoin
abt,buy,D2,zephyr-z-p2,492.5896415710449,94.5516458569807,78.28947368421053,85.65552699228792,0.9948884758364313,vector_based_examples_dict_1,881,distilroberta
abt,buy,D2,gemma3n-ft-p1,1234.8361778259277,94.6236559139785,82.70676691729322,88.26479438314946,1.0,vector_based_examples_dict_1,930,TopKJoin
abt,buy,D2,gemma3n-ft-p1,1234.8363690376282,91.46211312700106,80.54511278195488,85.65717141429286,1.0,vector_based_examples_dict_1,937,distilroberta
abt,buy,D2,gemma3n-ft-p2,1142.6975619792938,95.35135135135135,82.89473684210526,88.68778280542988,1.0,vector_based_examples_dict_1,925,TopKJoin
abt,buy,D2,gemma3n-ft-p2,1142.6975450515747,92.94871794871796,81.76691729323309,87.0,1.0,vector_based_examples_dict_1,936,distilroberta
abt,buy,D2,gemma3n-tf-p1,1236.4174220561981,95.88888888888889,81.10902255639097,87.88187372708758,1.0,vector_based_examples_dict_1,900,TopKJoin
abt,buy,D2,gemma3n-tf-p1,1236.4177606105804,94.27312775330397,80.45112781954887,86.81541582150102,1.0,vector_based_examples_dict_1,908,distilroberta
abt,buy,D2,gemma3n-tf-p2,1142.8318665027618,96.09375,80.92105263157895,87.85714285714286,1.0,vector_based_examples_dict_1,896,TopKJoin
abt,buy,D2,gemma3n-tf-p2,1142.832068681717,94.8180815876516,80.82706766917293,87.26534753932013,1.0,vector_based_examples_dict_1,907,distilroberta
abt,buy,D2,qwen2.5-ft-p1,543.187876701355,98.16625916870416,75.46992481203007,85.33475026567481,1.0,vector_based_examples_dict_1,818,TopKJoin
abt,buy,D2,qwen2.5-ft-p1,543.1883177757263,97.46987951807229,76.03383458646617,85.42766631467794,1.0,vector_based_examples_dict_1,830,distilroberta
abt,buy,D2,qwen2.5-ft-p2,537.6003262996674,98.4126984126984,75.75187969924812,85.6080722251726,1.0,vector_based_examples_dict_1,819,TopKJoin
abt,buy,D2,qwen2.5-ft-p2,537.5528628826141,97.59326113116727,76.2218045112782,85.59366754617413,1.0,vector_based_examples_dict_1,831,distilroberta
abt,buy,D2,qwen2.5-tf-p1,536.7347302436829,98.0232558139535,79.22932330827066,87.62993762993763,1.0,vector_based_examples_dict_1,860,TopKJoin
abt,buy,D2,qwen2.5-tf-p1,536.7341969013214,97.01492537313433,79.4172932330827,87.33850129198966,1.0,vector_based_examples_dict_1,871,distilroberta
abt,buy,D2,qwen2.5-tf-p2,535.2306869029999,98.46698113207547,78.47744360902256,87.34309623430964,1.0,vector_based_examples_dict_1,848,TopKJoin
abt,buy,D2,qwen2.5-tf-p2,535.2309422492981,96.97322467986031,78.28947368421053,86.63546541861675,1.0,vector_based_examples_dict_1,859,distilroberta
abt,buy,D2,llama3.1-ft-p1,544.2402477264404,93.23562570462232,77.72556390977444,84.77703741670938,1.0,vector_based_examples_dict_1,887,TopKJoin
abt,buy,D2,llama3.1-ft-p1,544.2409317493439,88.56825749167592,75.0,81.22137404580153,1.0,vector_based_examples_dict_1,901,distilroberta
abt,buy,D2,llama3.1-ft-p2,540.7047681808472,92.75521405049396,79.4172932330827,85.56962025316454,1.0,vector_based_examples_dict_1,911,TopKJoin
abt,buy,D2,llama3.1-ft-p2,540.7052798271179,88.77995642701525,76.59774436090225,82.2401614530777,1.0,vector_based_examples_dict_1,918,distilroberta
abt,buy,D2,llama3.1-tf-p1,542.143424987793,88.59832635983264,79.60526315789474,83.86138613861385,1.0,vector_based_examples_dict_1,956,TopKJoin
abt,buy,D2,llama3.1-tf-p1,542.1440663337708,84.61538461538461,76.50375939849624,80.35538005923001,1.0,vector_based_examples_dict_1,962,distilroberta
abt,buy,D2,llama3.1-tf-p2,542.1931598186493,89.25964546402503,80.45112781954887,84.62679189322787,1.0,vector_based_examples_dict_1,959,TopKJoin
abt,buy,D2,llama3.1-tf-p2,542.1436851024628,85.4639175257732,77.91353383458647,81.51425762045231,1.0,vector_based_examples_dict_1,970,distilroberta
abt,buy,D2,orca2-ft-p1,474.9435789585113,91.60220994475138,77.91353383458647,84.20518029456576,0.9927973977695168,vector_based_examples_dict_1,905,TopKJoin
abt,buy,D2,orca2-ft-p1,474.94409489631647,86.25954198473282,74.3421052631579,79.85865724381627,0.9927973977695168,vector_based_examples_dict_1,917,distilroberta
abt,buy,D2,orca2-ft-p2,465.07204246520996,92.22096956031567,76.8796992481203,83.85443362378268,0.99953531598513,vector_based_examples_dict_1,887,TopKJoin
abt,buy,D2,orca2-ft-p2,465.07231092453003,88.43159065628477,74.71804511278195,80.99847172694855,0.99953531598513,vector_based_examples_dict_1,899,distilroberta
abt,buy,D2,orca2-tf-p1,473.048983335495,92.16867469879519,71.8984962406015,80.78141499472017,0.9932620817843866,vector_based_examples_dict_1,830,TopKJoin
abt,buy,D2,orca2-tf-p1,473.0496699810028,88.21428571428571,69.64285714285714,77.8361344537815,0.9932620817843866,vector_based_examples_dict_1,840,distilroberta
abt,buy,D2,orca2-tf-p2,465.0653119087219,94.16058394160584,72.74436090225564,82.07847295864262,1.0,vector_based_examples_dict_1,822,TopKJoin
abt,buy,D2,orca2-tf-p2,465.065190076828,91.56626506024097,71.42857142857143,80.2534318901795,1.0,vector_based_examples_dict_1,830,distilroberta
abt,buy,D2,openhermes-ft-p1,474.4293756484986,96.53979238754326,78.66541353383458,86.69083376488867,1.0,vector_based_examples_dict_1,867,TopKJoin
abt,buy,D2,openhermes-ft-p1,474.4296951293946,94.97716894977168,78.19548872180451,85.77319587628865,1.0,vector_based_examples_dict_1,876,distilroberta
abt,buy,D2,openhermes-ft-p2,468.1582946777344,95.54285714285714,78.57142857142857,86.23001547189271,1.0,vector_based_examples_dict_1,875,TopKJoin
abt,buy,D2,openhermes-ft-p2,468.1071467399597,93.7428896473265,77.44360902255639,84.81729284611426,1.0,vector_based_examples_dict_1,879,distilroberta
abt,buy,D2,openhermes-tf-p1,471.22727227211,96.46643109540636,76.97368421052632,85.62467328802929,1.0,vector_based_examples_dict_1,849,TopKJoin
abt,buy,D2,openhermes-tf-p1,471.22750067710876,94.50934579439252,76.03383458646617,84.27083333333333,1.0,vector_based_examples_dict_1,856,distilroberta
abt,buy,D2,openhermes-tf-p2,468.357146024704,96.17283950617283,73.21428571428571,83.1376734258271,1.0,vector_based_examples_dict_1,810,TopKJoin
abt,buy,D2,openhermes-tf-p2,468.3575258255005,93.12039312039312,71.2406015037594,80.72417465388709,1.0,vector_based_examples_dict_1,814,distilroberta
abt,buy,D2,zephyr-ft-p1,794.5964004993439,90.39301310043668,58.36466165413534,70.93089663049685,0.7946096654275093,vector_based_examples_dict_1,687,TopKJoin
abt,buy,D2,zephyr-ft-p1,794.5965104103088,87.3546511627907,56.484962406015036,68.60730593607306,0.7946096654275093,vector_based_examples_dict_1,688,distilroberta
abt,buy,D2,zephyr-ft-p2,821.2994337081909,80.62953995157385,31.296992481203006,45.091401489505756,0.6507899628252788,vector_based_examples_dict_1,413,TopKJoin
abt,buy,D2,zephyr-ft-p2,821.2994410991669,79.57244655581948,31.484962406015036,45.117845117845114,0.6507899628252788,vector_based_examples_dict_1,421,distilroberta
abt,buy,D2,zephyr-tf-p1,656.8755173683167,92.26519337016575,62.78195488721805,74.72035794183445,0.858503717472119,vector_based_examples_dict_1,724,TopKJoin
abt,buy,D2,zephyr-tf-p1,656.8756322860718,90.13698630136986,61.8421052631579,73.35562987736901,0.858503717472119,vector_based_examples_dict_1,730,distilroberta
abt,buy,D2,zephyr-tf-p2,691.5830271244049,84.77272727272728,35.056390977443606,49.601063829787236,0.7386152416356877,vector_based_examples_dict_1,440,TopKJoin
abt,buy,D2,zephyr-tf-p2,691.583235502243,81.30630630630631,33.92857142857143,47.87798408488065,0.7386152416356877,vector_based_examples_dict_1,444,distilroberta
abt,buy,D2,gemma3n-ft-p1,2347.60277056694,94.79392624728851,82.14285714285714,88.01611278952669,1.0,join_examples_dict_1,922,TopKJoin
abt,buy,D2,gemma3n-ft-p1,2347.650538682937,92.58064516129032,80.92105263157895,86.35907723169508,1.0,join_examples_dict_1,930,distilroberta
abt,buy,D2,gemma3n-ft-p2,2236.340401649475,96.02649006622516,81.76691729323309,88.3248730964467,1.0,join_examples_dict_1,906,TopKJoin
abt,buy,D2,gemma3n-ft-p2,2236.3410263061523,94.78260869565217,81.95488721804512,87.90322580645163,1.0,join_examples_dict_1,920,distilroberta
abt,buy,D2,gemma3n-tf-p1,2350.1085588932033,95.74944071588367,80.45112781954887,87.43615934627171,1.0,join_examples_dict_1,894,TopKJoin
abt,buy,D2,gemma3n-tf-p1,2350.1084849834438,93.46622369878183,79.32330827067669,85.81596339603458,1.0,join_examples_dict_1,903,distilroberta
abt,buy,D2,gemma3n-tf-p2,2233.478475570679,96.27539503386005,80.16917293233082,87.48717948717947,1.0,join_examples_dict_1,886,TopKJoin
abt,buy,D2,gemma3n-tf-p2,2233.4787590503697,94.21579532814238,79.60526315789474,86.29648497198166,1.0,join_examples_dict_1,899,distilroberta
abt,buy,D2,qwen2.5-ft-p1,552.7203691005707,98.56115107913669,77.25563909774436,86.61749209694415,1.0,join_examples_dict_1,834,TopKJoin
abt,buy,D2,qwen2.5-ft-p1,552.7200083732605,97.86982248520711,77.72556390977444,86.64222105814562,1.0,join_examples_dict_1,845,distilroberta
abt,buy,D2,qwen2.5-ft-p2,548.3544201850891,98.32335329341318,77.16165413533834,86.46656134807795,1.0,join_examples_dict_1,835,TopKJoin
abt,buy,D2,qwen2.5-ft-p2,548.3539347648621,97.40566037735849,77.63157894736842,86.40167364016737,1.0,join_examples_dict_1,848,distilroberta
abt,buy,D2,qwen2.5-tf-p1,548.271078824997,98.23113207547169,78.28947368421053,87.13389121338912,1.0,join_examples_dict_1,848,TopKJoin
abt,buy,D2,qwen2.5-tf-p1,548.3188345432281,97.21577726218096,78.7593984962406,87.01973001038421,1.0,join_examples_dict_1,862,distilroberta
abt,buy,D2,qwen2.5-tf-p2,549.4463396072388,98.23113207547169,78.28947368421053,87.13389121338912,1.0,join_examples_dict_1,848,TopKJoin
abt,buy,D2,qwen2.5-tf-p2,549.4461612701416,96.87137891077636,78.57142857142857,86.76699532952776,1.0,join_examples_dict_1,863,distilroberta
abt,buy,D2,llama3.1-ft-p1,554.8444015979767,92.46575342465754,76.12781954887218,83.50515463917525,1.0,join_examples_dict_1,876,TopKJoin
abt,buy,D2,llama3.1-ft-p1,554.8442265987396,88.62343572241184,73.21428571428571,80.18528049408133,1.0,join_examples_dict_1,879,distilroberta
abt,buy,D2,llama3.1-ft-p2,550.4080708026886,91.74917491749174,78.38345864661655,84.54130765331983,1.0,join_examples_dict_1,909,TopKJoin
abt,buy,D2,llama3.1-ft-p2,550.4083535671234,89.25438596491229,76.50375939849624,82.38866396761134,1.0,join_examples_dict_1,912,distilroberta
abt,buy,D2,llama3.1-tf-p1,553.2912957668304,89.30817610062893,80.07518796992481,84.4400396432111,1.0,join_examples_dict_1,954,TopKJoin
abt,buy,D2,llama3.1-tf-p1,553.2920358181,84.73520249221184,76.69172932330827,80.51307350764677,1.0,join_examples_dict_1,963,distilroberta
abt,buy,D2,llama3.1-tf-p2,549.594254732132,89.27444794952682,79.79323308270678,84.2679900744417,1.0,join_examples_dict_1,951,TopKJoin
abt,buy,D2,llama3.1-tf-p2,549.5951960086823,85.83333333333333,77.44360902255639,81.42292490118577,1.0,join_examples_dict_1,960,distilroberta
abt,buy,D2,orca2-ft-p1,484.53424644470215,90.16990291262135,69.83082706766918,78.70762711864407,0.9965148698884758,join_examples_dict_1,824,TopKJoin
abt,buy,D2,orca2-ft-p1,484.53435492515564,86.83574879227052,67.57518796992481,76.00422832980972,0.9965148698884758,join_examples_dict_1,828,distilroberta
abt,buy,D2,orca2-ft-p2,476.55551123619074,93.625,70.39473684210526,80.3648068669528,0.9990706319702602,join_examples_dict_1,800,TopKJoin
abt,buy,D2,orca2-ft-p2,476.55582380294794,90.1985111662531,68.32706766917293,77.75401069518718,0.9990706319702602,join_examples_dict_1,806,distilroberta
abt,buy,D2,orca2-tf-p1,476.7471754550934,90.49429657794677,67.10526315789474,77.06422018348623,0.99953531598513,join_examples_dict_1,789,TopKJoin
abt,buy,D2,orca2-tf-p1,476.74775195121765,86.4321608040201,64.66165413533834,73.9784946236559,0.99953531598513,join_examples_dict_1,796,distilroberta
abt,buy,D2,orca2-tf-p2,474.09171867370605,90.88669950738915,69.3609022556391,78.67803837953092,1.0,join_examples_dict_1,812,TopKJoin
abt,buy,D2,orca2-tf-p2,474.09198355674744,86.90330477356181,66.72932330827066,75.491759702286,1.0,join_examples_dict_1,817,distilroberta
abt,buy,D2,openhermes-ft-p1,485.10978388786316,95.02262443438913,78.94736842105263,86.24229979466119,1.0,join_examples_dict_1,884,TopKJoin
abt,buy,D2,openhermes-ft-p1,485.10972905158997,93.93258426966293,78.57142857142857,85.56806550665301,1.0,join_examples_dict_1,890,distilroberta
abt,buy,D2,openhermes-ft-p2,485.0520043373108,95.45454545454545,75.0,84.0,1.0,join_examples_dict_1,836,TopKJoin
abt,buy,D2,openhermes-ft-p2,485.0523729324341,93.84615384615384,74.53007518796993,83.08014667365113,1.0,join_examples_dict_1,845,distilroberta
abt,buy,D2,openhermes-tf-p1,487.20020842552185,96.20253164556962,78.57142857142857,86.49767201241593,1.0,join_examples_dict_1,869,TopKJoin
abt,buy,D2,openhermes-tf-p1,487.20059609413147,94.3117178612059,77.91353383458647,85.33196088522902,1.0,join_examples_dict_1,879,distilroberta
abt,buy,D2,openhermes-tf-p2,484.862975358963,96.0,74.43609022556392,83.85389094759132,1.0,join_examples_dict_1,825,TopKJoin
abt,buy,D2,openhermes-tf-p2,484.8628146648407,93.51740696278512,73.21428571428571,82.12967843964154,1.0,join_examples_dict_1,833,distilroberta
abt,buy,D2,zephyr-ft-p1,1442.7238581180573,64.82213438735178,15.413533834586465,24.905087319665906,0.3594330855018587,join_examples_dict_1,253,TopKJoin
abt,buy,D2,zephyr-ft-p1,1442.7238183021545,60.46511627906976,14.661654135338345,23.600605143721634,0.3594330855018587,join_examples_dict_1,258,distilroberta
abt,buy,D2,zephyr-ft-p2,1428.8962428569794,58.2089552238806,7.330827067669173,13.02170283806344,0.3078531598513011,join_examples_dict_1,134,TopKJoin
abt,buy,D2,zephyr-ft-p2,1428.8964974880219,55.714285714285715,7.330827067669173,12.956810631229235,0.3078531598513011,join_examples_dict_1,140,distilroberta
abt,buy,D2,zephyr-tf-p1,1206.9234511852264,74.58563535911603,12.687969924812032,21.68674698795181,0.3636152416356877,join_examples_dict_1,181,TopKJoin
abt,buy,D2,zephyr-tf-p1,1206.923565864563,68.04123711340206,12.406015037593985,20.985691573926868,0.3636152416356877,join_examples_dict_1,194,distilroberta
abt,buy,D2,zephyr-tf-p2,1266.9634459018707,66.84210526315789,11.936090225563909,20.25518341307815,0.3805762081784387,join_examples_dict_1,190,TopKJoin
abt,buy,D2,zephyr-tf-p2,1266.9633421897888,63.4020618556701,11.56015037593985,19.554848966613672,0.3805762081784387,join_examples_dict_1,194,distilroberta
abt,buy,D2,gemma3n-ft-p1,1699.501912355423,93.44086021505376,81.67293233082707,87.16148445336009,1.0,join_examples_dict_2,930,TopKJoin
abt,buy,D2,gemma3n-ft-p1,1699.5022943019867,89.76545842217483,79.13533834586465,84.11588411588411,1.0,join_examples_dict_2,938,distilroberta
abt,buy,D2,gemma3n-ft-p2,1456.3191215991974,93.02575107296137,81.48496240601504,86.87374749498997,1.0,join_examples_dict_2,932,TopKJoin
abt,buy,D2,gemma3n-ft-p2,1456.3196833133698,89.73262032085562,78.85338345864662,83.94197098549276,1.0,join_examples_dict_2,935,distilroberta
abt,buy,D2,gemma3n-tf-p1,1697.6994791030884,91.7910447761194,80.92105263157895,86.01398601398601,1.0,join_examples_dict_2,938,TopKJoin
abt,buy,D2,gemma3n-tf-p1,1697.7001283168793,87.36842105263159,78.00751879699249,82.42303872889772,1.0,join_examples_dict_2,950,distilroberta
abt,buy,D2,gemma3n-tf-p2,1456.4864766597748,92.0297555791711,81.39097744360903,86.38403990024936,1.0,join_examples_dict_2,941,TopKJoin
abt,buy,D2,gemma3n-tf-p2,1456.4365015029907,87.13080168776372,77.63157894736842,82.10735586481113,1.0,join_examples_dict_2,948,distilroberta
abt,buy,D2,qwen2.5-ft-p1,545.0383522510529,98.19711538461539,76.78571428571429,86.18143459915612,1.0,join_examples_dict_2,832,TopKJoin
abt,buy,D2,qwen2.5-ft-p1,545.0383422374725,97.9809976247031,77.5375939849624,86.56873032528857,1.0,join_examples_dict_2,842,distilroberta
abt,buy,D2,qwen2.5-ft-p2,540.2060542106628,98.43561973525873,76.8796992481203,86.33245382585753,1.0,join_examples_dict_2,831,TopKJoin
abt,buy,D2,qwen2.5-ft-p2,540.2058572769165,97.97859690844233,77.44360902255639,86.50918635170605,1.0,join_examples_dict_2,841,distilroberta
abt,buy,D2,qwen2.5-tf-p1,541.5930156707764,98.37962962962963,79.88721804511279,88.17427385892115,1.0,join_examples_dict_2,864,TopKJoin
abt,buy,D2,qwen2.5-tf-p1,541.593243598938,97.49144811858609,80.35714285714286,88.09891808346214,1.0,join_examples_dict_2,877,distilroberta
abt,buy,D2,qwen2.5-tf-p2,539.7258629798889,98.27387802071347,80.26315789473685,88.36006207966891,1.0,join_examples_dict_2,869,TopKJoin
abt,buy,D2,qwen2.5-tf-p2,539.7257354259491,97.28199320498301,80.73308270676691,88.23831535695943,1.0,join_examples_dict_2,883,distilroberta
abt,buy,D2,llama3.1-ft-p1,545.1975405216217,91.72043010752688,80.16917293233082,85.55667001003009,1.0,join_examples_dict_2,930,TopKJoin
abt,buy,D2,llama3.1-ft-p1,545.2456459999084,86.29117959617429,76.31578947368422,80.99750623441398,1.0,join_examples_dict_2,941,distilroberta
abt,buy,D2,llama3.1-ft-p2,541.4403712749481,90.2231668437832,79.79323308270678,84.68827930174564,1.0,join_examples_dict_2,941,TopKJoin
abt,buy,D2,llama3.1-ft-p2,541.4407072067261,86.61749209694415,77.25563909774436,81.66915052160955,1.0,join_examples_dict_2,949,distilroberta
abt,buy,D2,llama3.1-tf-p1,543.3665111064911,88.13735691987513,79.60526315789474,83.65432098765432,1.0,join_examples_dict_2,961,TopKJoin
abt,buy,D2,llama3.1-tf-p1,543.3669233322144,84.41692466460269,76.8796992481203,80.47220855878012,1.0,join_examples_dict_2,969,distilroberta
abt,buy,D2,llama3.1-tf-p2,541.1909427642822,88.80753138075313,79.79323308270678,84.05940594059406,1.0,join_examples_dict_2,956,TopKJoin
abt,buy,D2,llama3.1-tf-p2,541.1920485496521,84.33609958506224,76.40977443609023,80.1775147928994,1.0,join_examples_dict_2,964,distilroberta
abt,buy,D2,orca2-ft-p1,471.68542528152466,90.96916299559471,77.63157894736842,83.77281947261663,0.9974442379182156,join_examples_dict_2,908,TopKJoin
abt,buy,D2,orca2-ft-p1,471.68692803382874,85.12035010940919,73.1203007518797,78.66531850353893,0.9974442379182156,join_examples_dict_2,914,distilroberta
abt,buy,D2,orca2-ft-p2,463.9554958343506,91.35667396061268,78.47744360902256,84.42871587462083,1.0,join_examples_dict_2,914,TopKJoin
abt,buy,D2,orca2-ft-p2,464.00579738616943,87.17391304347825,75.37593984962406,80.84677419354837,1.0,join_examples_dict_2,920,distilroberta
abt,buy,D2,orca2-tf-p1,492.0468921661377,89.75225225225225,74.90601503759399,81.65983606557378,0.9714219330855018,join_examples_dict_2,888,TopKJoin
abt,buy,D2,orca2-tf-p1,492.0475401878357,85.90604026845638,72.18045112781954,78.44739530132787,0.9714219330855018,join_examples_dict_2,894,distilroberta
abt,buy,D2,orca2-tf-p2,467.2729208469391,91.15646258503402,75.56390977443608,82.63103802672148,0.9972118959107806,join_examples_dict_2,882,TopKJoin
abt,buy,D2,orca2-tf-p2,467.2731854915619,87.31762065095398,73.1203007518797,79.59079283887468,0.9972118959107806,join_examples_dict_2,891,distilroberta
abt,buy,D2,openhermes-ft-p1,479.3175184726715,94.90790899241604,82.33082706766918,88.17312531454455,1.0,join_examples_dict_2,923,TopKJoin
abt,buy,D2,openhermes-ft-p1,479.31778168678284,91.03671706263499,79.22932330827066,84.72361809045226,1.0,join_examples_dict_2,926,distilroberta
abt,buy,D2,openhermes-ft-p2,473.4673881530761,95.65217391304348,82.70676691729322,88.70967741935483,1.0,join_examples_dict_2,920,TopKJoin
abt,buy,D2,openhermes-ft-p2,473.46766018867487,91.92680301399353,80.26315789473685,85.69994982438536,1.0,join_examples_dict_2,929,distilroberta
abt,buy,D2,openhermes-tf-p1,477.2537612915039,95.83802024746907,80.07518796992481,87.25038402457757,1.0,join_examples_dict_2,889,TopKJoin
abt,buy,D2,openhermes-tf-p1,477.2537899017334,92.39373601789708,77.63157894736842,84.37180796731359,1.0,join_examples_dict_2,894,distilroberta
abt,buy,D2,openhermes-tf-p2,474.18105649948126,96.03729603729604,77.44360902255639,85.74401664932361,1.0,join_examples_dict_2,858,TopKJoin
abt,buy,D2,openhermes-tf-p2,474.181230545044,93.87990762124711,76.40977443609023,84.24870466321244,1.0,join_examples_dict_2,866,distilroberta
abt,buy,D2,zephyr-ft-p1,1001.4010205268859,82.23552894211576,38.721804511278194,52.651757188498394,0.6438197026022305,join_examples_dict_2,501,TopKJoin
abt,buy,D2,zephyr-ft-p1,1001.4011282920836,78.50098619329388,37.40601503759399,50.668364099299815,0.6438197026022305,join_examples_dict_2,507,distilroberta
abt,buy,D2,zephyr-ft-p2,1576.4513053894043,75.06702412868633,26.31578947368421,38.970076548364645,0.5504182156133829,join_examples_dict_2,373,TopKJoin
abt,buy,D2,zephyr-ft-p2,1576.4512929916382,71.91601049868767,25.75187969924812,37.92387543252595,0.5504182156133829,join_examples_dict_2,381,distilroberta
abt,buy,D2,zephyr-tf-p1,1194.4750707149506,86.51685393258427,57.89473684210527,69.36936936936937,0.7237453531598513,join_examples_dict_2,712,TopKJoin
abt,buy,D2,zephyr-tf-p1,1194.4761669635773,82.28021978021978,56.29699248120301,66.85267857142857,0.7237453531598513,join_examples_dict_2,728,distilroberta
abt,buy,D2,zephyr-tf-p2,1714.4448602199554,74.68085106382979,32.98872180451128,45.76271186440678,0.5343866171003717,join_examples_dict_2,470,TopKJoin
abt,buy,D2,zephyr-tf-p2,1714.4451353549957,68.60706860706861,31.015037593984964,42.71844660194174,0.5343866171003717,join_examples_dict_2,481,distilroberta
abt,buy,D2,gemma3n-ft-p1,1717.7751083374023,93.92624728850325,81.39097744360903,87.21047331319235,1.0,vector_based_examples_dict_2,922,TopKJoin
abt,buy,D2,gemma3n-ft-p1,1717.775274515152,90.36796536796537,78.47744360902256,84.00402414486922,1.0,vector_based_examples_dict_2,924,distilroberta
abt,buy,D2,gemma3n-ft-p2,1482.6630415916443,94.86338797814207,81.57894736842105,87.7210712481051,1.0,vector_based_examples_dict_2,915,TopKJoin
abt,buy,D2,gemma3n-ft-p2,1482.6634981632233,91.54929577464789,79.4172932330827,85.05284348263716,1.0,vector_based_examples_dict_2,923,distilroberta
abt,buy,D2,gemma3n-tf-p1,1729.6303577423096,93.33333333333333,81.57894736842105,87.06118355065196,1.0,vector_based_examples_dict_2,930,TopKJoin
abt,buy,D2,gemma3n-tf-p1,1729.6784641742706,89.33901918976545,78.7593984962406,83.71628371628373,1.0,vector_based_examples_dict_2,938,distilroberta
abt,buy,D2,gemma3n-tf-p2,1484.9917771816254,93.13304721030042,81.57894736842105,86.97394789579157,1.0,vector_based_examples_dict_2,932,TopKJoin
abt,buy,D2,gemma3n-tf-p2,1484.9921073913574,88.59275053304904,78.1015037593985,83.01698301698302,1.0,vector_based_examples_dict_2,938,distilroberta
abt,buy,D2,qwen2.5-ft-p1,548.8865051269531,98.32935560859188,77.44360902255639,86.64563617245005,1.0,vector_based_examples_dict_2,838,TopKJoin
abt,buy,D2,qwen2.5-ft-p1,548.8866944313049,97.16981132075472,77.44360902255639,86.19246861924687,1.0,vector_based_examples_dict_2,848,distilroberta
abt,buy,D2,qwen2.5-ft-p2,545.2539718151093,98.44311377245509,77.25563909774436,86.57187993680886,1.0,vector_based_examples_dict_2,835,TopKJoin
abt,buy,D2,qwen2.5-ft-p2,545.2538719177246,97.27810650887574,77.25563909774436,86.11838658983761,1.0,vector_based_examples_dict_2,845,distilroberta
abt,buy,D2,qwen2.5-tf-p1,546.6332638263702,98.5419198055893,76.2218045112782,85.95654478007418,1.0,vector_based_examples_dict_2,823,TopKJoin
abt,buy,D2,qwen2.5-tf-p1,546.6331346035004,97.36526946107784,76.40977443609023,85.62401263823065,1.0,vector_based_examples_dict_2,835,distilroberta
abt,buy,D2,qwen2.5-tf-p2,544.8780694007874,98.43561973525873,76.8796992481203,86.33245382585753,1.0,vector_based_examples_dict_2,831,TopKJoin
abt,buy,D2,qwen2.5-tf-p2,544.8779685497284,97.51184834123224,77.34962406015038,86.26834381551363,1.0,vector_based_examples_dict_2,844,distilroberta
abt,buy,D2,llama3.1-ft-p1,549.8704466819763,91.8827508455468,76.59774436090225,83.54689902614044,1.0,vector_based_examples_dict_2,887,TopKJoin
abt,buy,D2,llama3.1-ft-p1,549.8709602355957,88.11659192825113,73.87218045112782,80.3680981595092,1.0,vector_based_examples_dict_2,892,distilroberta
abt,buy,D2,llama3.1-ft-p2,545.570193529129,91.67567567567568,79.69924812030075,85.26897938662643,1.0,vector_based_examples_dict_2,925,TopKJoin
abt,buy,D2,llama3.1-ft-p2,545.5231130123138,87.44588744588745,75.93984962406014,81.28772635814889,1.0,vector_based_examples_dict_2,924,distilroberta
abt,buy,D2,llama3.1-tf-p1,546.582190990448,88.62212943632568,79.79323308270678,83.97626112759643,1.0,vector_based_examples_dict_2,958,TopKJoin
abt,buy,D2,llama3.1-tf-p1,546.582658290863,85.26970954356847,77.25563909774436,81.06508875739644,1.0,vector_based_examples_dict_2,964,distilroberta
abt,buy,D2,llama3.1-tf-p2,545.9436128139496,89.84126984126985,79.79323308270678,84.51966152314586,1.0,vector_based_examples_dict_2,945,TopKJoin
abt,buy,D2,llama3.1-tf-p2,545.9442574977875,86.02941176470588,76.97368421052632,81.24999999999999,1.0,vector_based_examples_dict_2,952,distilroberta
abt,buy,D2,orca2-ft-p1,477.0997650623321,91.22006841505132,75.18796992481202,82.4317362184441,0.9988382899628252,vector_based_examples_dict_2,877,TopKJoin
abt,buy,D2,orca2-ft-p1,477.10011124610895,85.40723981900452,70.95864661654136,77.51540041067761,0.9988382899628252,vector_based_examples_dict_2,884,distilroberta
abt,buy,D2,orca2-ft-p2,473.62656831741333,91.99057714958775,73.40225563909775,81.65185572399372,1.0,vector_based_examples_dict_2,849,TopKJoin
abt,buy,D2,orca2-ft-p2,473.6269392967224,87.77908343125735,70.20676691729322,78.01566579634465,1.0,vector_based_examples_dict_2,851,distilroberta
abt,buy,D2,orca2-tf-p1,479.0480399131775,89.4919168591224,72.83834586466166,80.31088082901555,0.9941914498141264,vector_based_examples_dict_2,866,TopKJoin
abt,buy,D2,orca2-tf-p1,479.0488085746765,86.22273249138921,70.5827067669173,77.62273901808786,0.9941914498141264,vector_based_examples_dict_2,871,distilroberta
abt,buy,D2,orca2-tf-p2,472.04234981536865,92.36111111111111,75.0,82.78008298755188,1.0,vector_based_examples_dict_2,864,TopKJoin
abt,buy,D2,orca2-tf-p2,472.04279828071594,88.51894374282435,72.4624060150376,79.68992248062015,1.0,vector_based_examples_dict_2,871,distilroberta
abt,buy,D2,openhermes-ft-p1,482.26342558860773,95.3125,80.26315789473685,87.14285714285714,1.0,vector_based_examples_dict_2,896,TopKJoin
abt,buy,D2,openhermes-ft-p1,482.2638857364654,92.37569060773481,78.57142857142857,84.91620111731844,1.0,vector_based_examples_dict_2,905,distilroberta
abt,buy,D2,openhermes-ft-p2,481.06018567085266,95.54285714285714,78.57142857142857,86.23001547189271,1.0,vector_based_examples_dict_2,875,TopKJoin
abt,buy,D2,openhermes-ft-p2,481.0605912208557,93.41657207718501,77.34962406015038,84.62724935732649,1.0,vector_based_examples_dict_2,881,distilroberta
abt,buy,D2,openhermes-tf-p1,483.01714515686035,93.65256124721604,79.04135338345864,85.72884811416922,1.0,vector_based_examples_dict_2,898,TopKJoin
abt,buy,D2,openhermes-tf-p1,483.0176315307617,91.41583054626533,77.06766917293233,83.6308006119327,1.0,vector_based_examples_dict_2,897,distilroberta
abt,buy,D2,openhermes-tf-p2,480.82274198532104,94.68085106382979,75.28195488721805,83.87434554973822,1.0,vector_based_examples_dict_2,846,TopKJoin
abt,buy,D2,openhermes-tf-p2,480.82270097732544,92.01877934272301,73.68421052631578,81.83716075156575,1.0,vector_based_examples_dict_2,852,distilroberta
abt,buy,D2,zephyr-ft-p1,1003.9661996364592,88.7878787878788,55.07518796992481,67.98143851508121,0.7511617100371747,vector_based_examples_dict_2,660,TopKJoin
abt,buy,D2,zephyr-ft-p1,1004.0146470069884,87.38738738738738,54.699248120300744,67.28323699421964,0.7511617100371747,vector_based_examples_dict_2,666,distilroberta
abt,buy,D2,zephyr-ft-p2,1185.6687133312225,82.30088495575221,43.703007518796994,57.0902394106814,0.6586895910780669,vector_based_examples_dict_2,565,TopKJoin
abt,buy,D2,zephyr-ft-p2,1185.6688826084137,81.3588850174216,43.890977443609025,57.02075702075703,0.6586895910780669,vector_based_examples_dict_2,574,distilroberta
abt,buy,D2,zephyr-tf-p1,1400.1589596271515,86.62092624356775,47.462406015037594,61.32361870066789,0.6340613382899628,vector_based_examples_dict_2,583,TopKJoin
abt,buy,D2,zephyr-tf-p1,1400.1594347953796,84.0947546531303,46.71052631578947,60.06042296072507,0.6340613382899628,vector_based_examples_dict_2,591,distilroberta
abt,buy,D2,zephyr-tf-p2,1252.321946144104,81.81818181818183,39.755639097744364,53.51043643263756,0.6047862453531598,vector_based_examples_dict_2,517,TopKJoin
abt,buy,D2,zephyr-tf-p2,1252.3221254348755,78.83895131086143,39.56766917293233,52.690863579474346,0.6047862453531598,vector_based_examples_dict_2,534,distilroberta
abt,buy,D2,gemma3n-ft-p2 U gemma3n-tf-p2,2285.5201456546783,95.35135135135135,82.89473684210526,88.68778280542988,1.0,vector_based_examples_dict_1,925,TopKJoin
abt,buy,D2,gemma3n-ft-p2 U gemma3n-tf-p2,2285.520211458206,92.94871794871796,81.76691729323309,87.0,1.0,vector_based_examples_dict_1,936,distilroberta
abt,buy,D2,gemma3n-ft-p2 ∩ gemma3n-tf-p2,2285.5191497802734,96.09375,80.92105263157895,87.85714285714286,1.0,vector_based_examples_dict_1,896,TopKJoin
abt,buy,D2,gemma3n-ft-p2 ∩ gemma3n-tf-p2,2285.5194466114044,94.8180815876516,80.82706766917293,87.26534753932013,1.0,vector_based_examples_dict_1,907,distilroberta
abt,buy,D2,gemma3n-ft-p2 U gemma3n-tf-p2,2967.644199848175,92.93361884368309,81.57894736842105,86.88688688688688,1.0,vector_based_examples_dict_2,934,TopKJoin
abt,buy,D2,gemma3n-ft-p2 U gemma3n-tf-p2,2967.644622564316,88.3919062832801,78.00751879699249,82.87568647029455,1.0,vector_based_examples_dict_2,939,distilroberta
abt,buy,D2,gemma3n-ft-p2 ∩ gemma3n-tf-p2,2967.6909675598145,95.07119386637459,81.57894736842105,87.80981284774911,1.0,vector_based_examples_dict_2,913,TopKJoin
abt,buy,D2,gemma3n-ft-p2 ∩ gemma3n-tf-p2,2967.6434078216553,91.65763813651138,79.51127819548873,85.15349773527932,1.0,vector_based_examples_dict_2,923,distilroberta
abt,buy,D2,gemma3n-ft-p2 U gemma3n-tf-p2,4469.8102123737335,95.92061742006615,81.76691729323309,88.28006088280061,1.0,join_examples_dict_1,907,TopKJoin
abt,buy,D2,gemma3n-ft-p2 U gemma3n-tf-p2,4469.810503721237,93.80434782608695,81.10902255639097,86.99596774193547,1.0,join_examples_dict_1,920,distilroberta
abt,buy,D2,gemma3n-ft-p2 ∩ gemma3n-tf-p2,4469.809387207031,96.38418079096044,80.16917293233082,87.5320677270395,1.0,join_examples_dict_1,885,TopKJoin
abt,buy,D2,gemma3n-ft-p2 ∩ gemma3n-tf-p2,4469.809482336044,95.21690767519466,80.45112781954887,87.2134488028528,1.0,join_examples_dict_1,899,distilroberta
abt,buy,D2,gemma3n-ft-p2 U gemma3n-tf-p2,2912.7445476055145,91.93205944798302,81.39097744360903,86.34097706879363,1.0,join_examples_dict_2,942,TopKJoin
abt,buy,D2,gemma3n-ft-p2 U gemma3n-tf-p2,2912.7448613643646,87.03898840885142,77.63157894736842,82.06656731246895,1.0,join_examples_dict_2,949,distilroberta
abt,buy,D2,gemma3n-ft-p2 ∩ gemma3n-tf-p2,2912.7429003715515,93.12567132116004,81.48496240601504,86.9172932330827,1.0,join_examples_dict_2,931,TopKJoin
abt,buy,D2,gemma3n-ft-p2 ∩ gemma3n-tf-p2,2912.743174791336,89.8286937901499,78.85338345864662,83.98398398398399,1.0,join_examples_dict_2,934,distilroberta
abt,buy,D2,qwen2.5-ft-p2 U qwen2.5-tf-p2,1072.7762532234192,98.46878680800943,78.57142857142857,87.40198640878202,1.0,vector_based_examples_dict_1,849,TopKJoin
abt,buy,D2,qwen2.5-ft-p2 U qwen2.5-tf-p2,1072.776279449463,96.97674418604652,78.38345864661655,86.6943866943867,1.0,vector_based_examples_dict_1,860,distilroberta
abt,buy,D2,qwen2.5-ft-p2 ∩ qwen2.5-tf-p2,1072.8237190246582,98.41075794621027,75.6578947368421,85.54729011689692,1.0,vector_based_examples_dict_1,818,TopKJoin
abt,buy,D2,qwen2.5-ft-p2 ∩ qwen2.5-tf-p2,1072.776133775711,97.59036144578313,76.12781954887218,85.53326293558608,1.0,vector_based_examples_dict_1,830,distilroberta
abt,buy,D2,qwen2.5-ft-p2 U qwen2.5-tf-p2,1090.124004840851,98.3451536643026,78.19548872180451,87.12041884816753,1.0,vector_based_examples_dict_2,846,TopKJoin
abt,buy,D2,qwen2.5-ft-p2 U qwen2.5-tf-p2,1090.124527692795,96.96969696969697,78.19548872180451,86.57648283038502,1.0,vector_based_examples_dict_2,858,distilroberta
abt,buy,D2,qwen2.5-ft-p2 ∩ qwen2.5-tf-p2,1090.1237747669222,98.53658536585365,75.93984962406014,85.77494692144374,1.0,vector_based_examples_dict_2,820,TopKJoin
abt,buy,D2,qwen2.5-ft-p2 ∩ qwen2.5-tf-p2,1090.1238703727724,97.83393501805054,76.40977443609023,85.8047493403694,1.0,vector_based_examples_dict_2,831,distilroberta
abt,buy,D2,qwen2.5-ft-p2 U qwen2.5-tf-p2,1097.792632341385,98.12865497076024,78.85338345864662,87.44137571651902,1.0,join_examples_dict_1,855,TopKJoin
abt,buy,D2,qwen2.5-ft-p2 U qwen2.5-tf-p2,1097.7925186157227,96.88940092165899,79.04135338345864,87.06004140786749,1.0,join_examples_dict_1,868,distilroberta
abt,buy,D2,qwen2.5-ft-p2 ∩ qwen2.5-tf-p2,1097.7921285629272,98.42995169082126,76.59774436090225,86.15221987315012,1.0,join_examples_dict_1,828,TopKJoin
abt,buy,D2,qwen2.5-ft-p2 ∩ qwen2.5-tf-p2,1097.7922368049622,97.3902728351127,77.16165413533834,86.10382800209754,1.0,join_examples_dict_1,843,distilroberta
abt,buy,D2,qwen2.5-ft-p2 U qwen2.5-tf-p2,1079.9239220619202,98.27784156142366,80.45112781954887,88.47545219638243,1.0,join_examples_dict_2,871,TopKJoin
abt,buy,D2,qwen2.5-ft-p2 U qwen2.5-tf-p2,1079.924134016037,97.28813559322033,80.92105263157895,88.35300153925091,1.0,join_examples_dict_2,885,distilroberta
abt,buy,D2,qwen2.5-ft-p2 ∩ qwen2.5-tf-p2,1079.9231495857239,98.43184559710495,76.69172932330827,86.21236133122028,1.0,join_examples_dict_2,829,TopKJoin
abt,buy,D2,qwen2.5-ft-p2 ∩ qwen2.5-tf-p2,1079.9235360622406,97.97377830750894,77.25563909774436,86.38991066736732,1.0,join_examples_dict_2,839,distilroberta
abt,buy,D2,llama3.1-ft-p2 U llama3.1-tf-p2,1082.8367187976835,89.0282131661442,80.07518796992481,84.3146956952004,1.0,vector_based_examples_dict_1,957,TopKJoin
abt,buy,D2,llama3.1-ft-p2 U llama3.1-tf-p2,1082.8391990661619,85.22727272727273,77.5375939849624,81.20078740157481,1.0,vector_based_examples_dict_1,968,distilroberta
abt,buy,D2,llama3.1-ft-p2 ∩ llama3.1-tf-p2,1082.8333060741422,93.30406147091108,79.88721804511279,86.0759493670886,1.0,vector_based_examples_dict_1,911,TopKJoin
abt,buy,D2,llama3.1-ft-p2 ∩ llama3.1-tf-p2,1082.8336362838743,89.11860718171926,76.97368421052632,82.60211800302571,1.0,vector_based_examples_dict_1,919,distilroberta
abt,buy,D2,llama3.1-ft-p2 U llama3.1-tf-p2,1091.4553129673004,89.19202518363065,79.88721804511279,84.2835894893406,1.0,vector_based_examples_dict_2,953,TopKJoin
abt,buy,D2,llama3.1-ft-p2 U llama3.1-tf-p2,1091.4560163021088,85.44698544698545,77.25563909774436,81.14511352418559,1.0,vector_based_examples_dict_2,962,distilroberta
abt,buy,D2,llama3.1-ft-p2 ∩ llama3.1-tf-p2,1091.4522678852081,92.88840262582056,79.79323308270678,85.84428715874621,1.0,vector_based_examples_dict_2,914,TopKJoin
abt,buy,D2,llama3.1-ft-p2 ∩ llama3.1-tf-p2,1091.4525737762451,88.17086527929902,75.6578947368421,81.43651997976731,1.0,vector_based_examples_dict_2,913,distilroberta
abt,buy,D2,llama3.1-ft-p2 U llama3.1-tf-p2,1100.040666103363,89.09853249475891,79.88721804511279,84.2418235877106,1.0,join_examples_dict_1,954,TopKJoin
abt,buy,D2,llama3.1-ft-p2 U llama3.1-tf-p2,1099.9921550750732,85.7736240913811,77.63157894736842,81.49975333004438,1.0,join_examples_dict_1,963,distilroberta
abt,buy,D2,llama3.1-ft-p2 ∩ llama3.1-tf-p2,1099.987958431244,91.95148842337376,78.38345864661655,84.62709284627094,1.0,join_examples_dict_1,907,TopKJoin
abt,buy,D2,llama3.1-ft-p2 ∩ llama3.1-tf-p2,1099.9887413978577,89.45054945054946,76.50375939849624,82.47213779128673,1.0,join_examples_dict_1,910,distilroberta
abt,buy,D2,llama3.1-ft-p2 U llama3.1-tf-p2,1082.618721961975,88.30897703549061,79.51127819548873,83.67952522255194,1.0,join_examples_dict_2,958,TopKJoin
abt,buy,D2,llama3.1-ft-p2 U llama3.1-tf-p2,1082.6196484565735,83.97104446742503,76.31578947368422,79.96061053668143,1.0,join_examples_dict_2,967,distilroberta
abt,buy,D2,llama3.1-ft-p2 ∩ llama3.1-tf-p2,1082.6155540943146,90.72494669509595,79.9812030075188,85.01498501498502,1.0,join_examples_dict_2,938,TopKJoin
abt,buy,D2,llama3.1-ft-p2 ∩ llama3.1-tf-p2,1082.6162078380585,87.08994708994709,77.34962406015038,81.93130910900945,1.0,join_examples_dict_2,945,distilroberta
abt,buy,D2,orca2-ft-p2 U orca2-tf-p2,930.1284041404724,91.54616240266962,77.34962406015038,83.8512480896587,0.999767657992565,vector_based_examples_dict_1,899,TopKJoin
abt,buy,D2,orca2-ft-p2 U orca2-tf-p2,930.1289641857147,87.85871964679912,74.81203007518798,80.81218274111676,0.999767657992565,vector_based_examples_dict_1,906,distilroberta
abt,buy,D2,orca2-ft-p2 ∩ orca2-tf-p2,930.1768870353699,94.69790382244143,72.18045112781954,81.91999999999999,0.999767657992565,vector_based_examples_dict_1,811,TopKJoin
abt,buy,D2,orca2-ft-p2 ∩ orca2-tf-p2,930.1258878707886,92.4390243902439,71.2406015037594,80.46709129511677,0.999767657992565,vector_based_examples_dict_1,820,distilroberta
abt,buy,D2,orca2-ft-p2 U orca2-tf-p2,945.6599225997926,91.54616240266962,77.34962406015038,83.8512480896587,1.0,vector_based_examples_dict_2,899,TopKJoin
abt,buy,D2,orca2-ft-p2 U orca2-tf-p2,945.6601231098176,87.0575221238938,73.96616541353383,79.97967479674797,1.0,vector_based_examples_dict_2,904,distilroberta
abt,buy,D2,orca2-ft-p2 ∩ orca2-tf-p2,945.6572070121766,93.00613496932515,71.2406015037594,80.68121341138902,1.0,vector_based_examples_dict_2,815,TopKJoin
abt,buy,D2,orca2-ft-p2 ∩ orca2-tf-p2,945.6573855876924,89.60880195599023,68.89097744360903,77.89585547290118,1.0,vector_based_examples_dict_2,818,distilroberta
abt,buy,D2,orca2-ft-p2 U orca2-tf-p2,950.6391923427582,91.90751445086705,74.71804511278195,82.42612752721618,0.99953531598513,join_examples_dict_1,865,TopKJoin
abt,buy,D2,orca2-ft-p2 U orca2-tf-p2,950.6394057273865,87.92710706150342,72.55639097744361,79.50566426364573,0.99953531598513,join_examples_dict_1,878,distilroberta
abt,buy,D2,orca2-ft-p2 ∩ orca2-tf-p2,950.6358799934387,94.00544959128065,64.84962406015038,76.7519466073415,0.99953531598513,join_examples_dict_1,734,TopKJoin
abt,buy,D2,orca2-ft-p2 ∩ orca2-tf-p2,950.6358397006989,91.44021739130434,63.25187969924813,74.77777777777777,0.99953531598513,join_examples_dict_1,736,distilroberta
abt,buy,D2,orca2-ft-p2 U orca2-tf-p2,931.2170360088348,90.56399132321042,78.47744360902256,84.08862034239677,0.9986059479553904,join_examples_dict_2,922,TopKJoin
abt,buy,D2,orca2-ft-p2 U orca2-tf-p2,931.2179028987885,86.1587982832618,75.46992481203007,80.46092184368737,0.9986059479553904,join_examples_dict_2,932,distilroberta
abt,buy,D2,orca2-ft-p2 ∩ orca2-tf-p2,931.2149040699005,92.18390804597702,75.37593984962406,82.93691830403309,0.9986059479553904,join_examples_dict_2,870,TopKJoin
abt,buy,D2,orca2-ft-p2 ∩ orca2-tf-p2,931.2146866321564,88.49658314350796,73.02631578947368,80.0205973223481,0.9986059479553904,join_examples_dict_2,878,distilroberta
abt,buy,D2,openhermes-ft-p2 U openhermes-tf-p2,936.457082271576,94.17040358744396,78.94736842105263,85.88957055214723,1.0,vector_based_examples_dict_1,892,TopKJoin
abt,buy,D2,openhermes-ft-p2 U openhermes-tf-p2,936.4572422504426,91.29464285714286,76.8796992481203,83.46938775510205,1.0,vector_based_examples_dict_1,896,distilroberta
abt,buy,D2,openhermes-ft-p2 ∩ openhermes-tf-p2,936.4553689956666,97.84537389100126,72.55639097744361,83.32433890987588,1.0,vector_based_examples_dict_1,789,TopKJoin
abt,buy,D2,openhermes-ft-p2 ∩ openhermes-tf-p2,936.4552896022798,96.46464646464646,71.80451127819549,82.32758620689656,1.0,vector_based_examples_dict_1,792,distilroberta
abt,buy,D2,openhermes-ft-p2 U openhermes-tf-p2,961.8750514984131,94.61538461538461,80.92105263157895,87.2340425531915,1.0,vector_based_examples_dict_2,910,TopKJoin
abt,buy,D2,openhermes-ft-p2 U openhermes-tf-p2,961.8753261566162,91.82115594329335,79.13533834586465,85.00757193336698,1.0,vector_based_examples_dict_2,917,distilroberta
abt,buy,D2,openhermes-ft-p2 ∩ openhermes-tf-p2,961.8729424476624,96.16336633663366,73.02631578947368,83.01282051282051,1.0,vector_based_examples_dict_2,808,TopKJoin
abt,buy,D2,openhermes-ft-p2 ∩ openhermes-tf-p2,961.8730068206787,94.22604422604422,72.08646616541353,81.68264110756124,1.0,vector_based_examples_dict_2,814,distilroberta
abt,buy,D2,openhermes-ft-p2 U openhermes-tf-p2,969.9075996875762,95.02262443438913,78.94736842105263,86.24229979466119,1.0,join_examples_dict_1,884,TopKJoin
abt,buy,D2,openhermes-ft-p2 U openhermes-tf-p2,969.9078698158263,91.93729003359462,77.16165413533834,83.90393459376597,1.0,join_examples_dict_1,893,distilroberta
abt,buy,D2,openhermes-ft-p2 ∩ openhermes-tf-p2,969.9540631771087,96.77835051546391,70.5827067669173,81.6304347826087,1.0,join_examples_dict_1,776,TopKJoin
abt,buy,D2,openhermes-ft-p2 ∩ openhermes-tf-p2,969.905826807022,95.79081632653062,70.5827067669173,81.27705627705627,1.0,join_examples_dict_1,784,distilroberta
abt,buy,D2,openhermes-ft-p2 U openhermes-tf-p2,947.6397531032563,95.02702702702702,82.61278195488721,88.38612368024133,1.0,join_examples_dict_2,925,TopKJoin
abt,buy,D2,openhermes-ft-p2 U openhermes-tf-p2,947.6400575637819,90.43010752688173,79.04135338345864,84.35305917753261,1.0,join_examples_dict_2,930,distilroberta
abt,buy,D2,openhermes-ft-p2 ∩ openhermes-tf-p2,947.6378355026246,97.41176470588235,77.81954887218046,86.52037617554859,1.0,join_examples_dict_2,850,TopKJoin
abt,buy,D2,openhermes-ft-p2 ∩ openhermes-tf-p2,947.638073205948,95.59164733178655,77.44360902255639,85.56593977154725,1.0,join_examples_dict_2,862,distilroberta
abt,buy,D2,zephyr-ft-p2 U zephyr-tf-p2,1512.8799362182617,88.14159292035399,46.804511278195484,61.141804788213626,0.6947026022304832,vector_based_examples_dict_1,565,TopKJoin
abt,buy,D2,zephyr-ft-p2 U zephyr-tf-p2,1512.8802585601807,84.92201039861352,46.05263157894737,59.71968312004874,0.6947026022304832,vector_based_examples_dict_1,577,distilroberta
abt,buy,D2,zephyr-ft-p2 ∩ zephyr-tf-p2,1512.8767669200897,77.39463601532567,18.984962406015036,30.490566037735846,0.6947026022304832,vector_based_examples_dict_1,261,TopKJoin
abt,buy,D2,zephyr-ft-p2 ∩ zephyr-tf-p2,1512.876626253128,75.37878787878788,18.703007518796994,29.96987951807229,0.6947026022304832,vector_based_examples_dict_1,264,distilroberta
abt,buy,D2,zephyr-ft-p2 U zephyr-tf-p2,2437.987240552902,85.83815028901735,55.82706766917293,67.65375854214125,0.6317379182156133,vector_based_examples_dict_2,692,TopKJoin
abt,buy,D2,zephyr-ft-p2 U zephyr-tf-p2,2437.9873461723328,84.1654778887304,55.45112781954887,66.8555240793201,0.6317379182156133,vector_based_examples_dict_2,701,distilroberta
abt,buy,D2,zephyr-ft-p2 ∩ zephyr-tf-p2,2437.9825835227966,81.05849582172702,27.349624060150372,40.899508081517915,0.6317379182156133,vector_based_examples_dict_2,359,TopKJoin
abt,buy,D2,zephyr-ft-p2 ∩ zephyr-tf-p2,2437.9828119277954,80.0,27.44360902255639,40.867739678096584,0.6317379182156133,vector_based_examples_dict_2,365,distilroberta
abt,buy,D2,zephyr-ft-p2 U zephyr-tf-p2,2695.8593394756317,66.92015209125475,16.541353383458645,26.52599849284099,0.3442146840148699,join_examples_dict_1,263,TopKJoin
abt,buy,D2,zephyr-ft-p2 U zephyr-tf-p2,2695.8593645095825,64.04494382022472,16.071428571428573,25.694966190833963,0.3442146840148699,join_examples_dict_1,267,distilroberta
abt,buy,D2,zephyr-ft-p2 ∩ zephyr-tf-p2,2695.857148885727,63.829787234042556,2.819548872180451,5.4005400540054005,0.3442146840148699,join_examples_dict_1,47,TopKJoin
abt,buy,D2,zephyr-ft-p2 ∩ zephyr-tf-p2,2695.8571054935455,60.86956521739131,2.631578947368421,5.045045045045045,0.3442146840148699,join_examples_dict_1,46,distilroberta
abt,buy,D2,zephyr-ft-p2 U zephyr-tf-p2,3290.8941571712494,78.80341880341881,43.32706766917293,55.91267434808975,0.5424024163568772,join_examples_dict_2,585,TopKJoin
abt,buy,D2,zephyr-ft-p2 U zephyr-tf-p2,3290.89403629303,74.70489038785834,41.63533834586467,53.470126735063374,0.5424024163568772,join_examples_dict_2,593,distilroberta
abt,buy,D2,zephyr-ft-p2 ∩ zephyr-tf-p2,3290.8898911476135,73.00884955752213,15.507518796992482,25.581395348837212,0.5424024163568772,join_examples_dict_2,226,TopKJoin
abt,buy,D2,zephyr-ft-p2 ∩ zephyr-tf-p2,3290.8896474838257,68.3982683982684,14.849624060150376,24.4015444015444,0.5424024163568772,join_examples_dict_2,231,distilroberta
