D1,D2,responses
1177,0,False
1977,1,False
4323,2,False
1616,3,False
2660,4,True
4967,5,False
882,6,False
1409,7,False
1618,8,True
1287,9,False
1346,10,True
677,11,True
1467,12,True
3768,13,False
4095,13,False
1040,14,False
4799,15,False
4994,16,False
3592,17,True
201,18,False
3256,19,True
1572,20,True
3143,21,False
82,22,False
4373,23,False
127,24,True
3764,25,True
1708,26,False
1241,27,True
2809,28,False
1177,29,False
4164,30,True
2333,31,True
4428,32,True
1731,33,False
1040,34,False
3955,35,False
201,35,False
2459,36,True
271,37,False
373,38,False
1929,39,True
4798,40,False
4095,41,False
1489,42,True
3990,43,True
1746,44,False
1040,45,False
1040,46,False
1287,48,False
3883,49,False
4095,50,False
1334,51,True
639,52,False
1740,53,False
1028,54,True
180,55,True
3226,56,False
4252,57,False
3609,58,False
4798,59,False
1040,60,False
1114,61,True
4688,62,True
3451,63,True
1916,64,False
3732,65,True
4395,66,False
4868,67,False
898,68,True
1877,69,True
4840,70,True
2338,71,False
2549,72,False
2259,73,True
3449,74,True
3449,75,True
4759,77,False
2486,78,False
109,78,False
3412,80,False
3072,81,False
4771,82,False
3256,83,True
3955,84,True
1616,85,False
1040,86,False
2605,87,True
3730,88,True
596,89,False
779,90,True
2214,91,False
3381,92,True
2272,93,False
4772,94,False
3226,95,False
3734,96,False
898,98,True
846,99,False
2319,100,False
4840,101,True
2464,102,False
2472,103,False
4920,104,False
1404,106,True
179,107,False
854,108,True
4077,109,True
3205,110,True
2534,111,False
2203,112,False
3057,113,False
2263,114,False
896,115,True
4071,116,False
3006,117,False
2340,118,False
31,119,True
3675,120,False
1899,121,True
3059,122,False
3044,123,False
1040,123,False
3764,124,True
2397,125,True
1478,126,False
3194,127,True
1507,128,True
4009,129,True
1864,130,False
910,131,False
2608,132,True
2886,133,True
4800,134,False
3352,135,False
1845,136,False
1040,137,False
4683,138,False
3076,139,False
1821,140,False
2861,141,True
2427,143,False
69,144,True
4017,145,False
4251,146,True
3380,147,True
1521,148,False
4095,149,False
201,150,False
4095,151,False
1756,152,False
1478,153,False
2914,154,True
1040,155,False
66,156,False
1115,157,True
3226,158,False
3272,159,False
2928,160,False
676,162,False
3399,163,True
520,164,True
918,165,True
4907,166,True
2353,167,True
2650,168,False
4237,169,False
2249,171,True
4095,172,False
1657,173,False
4341,174,False
13,175,False
4373,176,False
2609,177,False
2897,178,False
3477,180,True
2867,181,False
2632,182,False
1715,183,False
2549,184,False
3102,185,False
614,187,False
1320,188,False
4690,189,False
3757,190,True
2237,191,False
161,192,True
3451,193,True
1570,194,True
3205,195,True
559,196,False
3067,198,True
1895,199,False
2846,200,True
845,201,True
4608,203,True
313,204,True
318,205,True
5013,206,True
854,208,True
1799,209,False
1705,210,False
1124,212,True
779,213,True
3524,214,True
4359,215,True
693,216,True
4143,218,True
4882,219,True
4547,220,False
3000,222,False
4402,223,True
4095,224,False
4095,225,False
4596,226,True
1040,227,False
4095,228,False
2287,229,False
3622,230,True
4959,231,True
1891,232,False
437,233,False
676,234,False
271,235,False
2968,236,True
192,237,True
2970,238,False
1797,239,True
432,240,False
1022,241,False
339,242,True
2305,243,False
959,244,False
4840,245,True
3567,246,False
2985,247,False
1357,248,False
3945,249,True
751,250,False
2549,251,False
1110,252,False
4519,253,True
3708,254,False
4563,255,False
4201,256,True
2363,257,False
3256,258,True
1294,259,False
1962,260,True
2340,261,False
759,262,True
4602,263,True
4373,264,False
881,265,False
3924,267,True
4095,268,False
3228,269,False
1040,270,False
276,271,False
5001,272,True
3525,274,True
3732,276,False
5054,277,False
931,278,True
1884,279,True
4095,280,False
2022,281,True
3315,282,False
1571,283,False
3546,284,True
3985,285,True
4547,286,False
2970,287,False
1040,288,False
1626,289,False
1091,290,True
1168,292,False
4095,293,False
3009,294,True
182,296,True
705,297,False
4095,298,False
4851,300,False
3315,301,False
2467,302,True
3743,303,True
4922,304,False
3388,305,False
4098,306,True
1640,307,True
2771,308,True
3850,310,False
5090,311,False
1421,312,False
3262,314,False
2003,315,False
5039,316,True
2296,317,True
3622,318,True
4095,319,False
3230,320,False
2079,321,False
2373,322,False
4520,324,False
345,325,True
1186,327,False
69,328,False
274,329,False
2985,330,True
2810,331,True
115,332,True
1161,333,True
1040,334,False
2928,335,False
706,336,False
789,337,True
3958,338,True
1735,339,True
4808,340,False
1040,342,False
3990,343,True
461,344,True
1019,345,False
4864,345,False
4883,346,True
3179,347,False
3226,348,False
405,349,True
4776,350,False
3191,351,False
1973,351,False
2549,352,True
2305,353,False
619,354,False
4311,355,True
4811,356,True
2827,357,False
823,358,True
3157,361,True
985,363,False
247,364,True
2163,365,False
2479,366,False
1932,367,True
4707,368,False
1086,369,False
1040,370,False
2745,371,False
2147,372,True
4095,374,False
5107,375,False
2422,376,False
4237,377,False
2498,378,False
4840,380,True
3226,381,False
305,382,False
2132,383,True
4095,384,False
1501,385,False
3441,386,False
106,387,True
4095,388,False
2585,390,True
4598,393,False
3995,394,True
1572,395,True
4560,396,True
2721,397,True
1664,398,False
1626,399,False
2760,401,False
4095,402,False
201,403,False
854,404,True
1416,405,False
2165,405,False
1040,407,False
4660,408,True
1759,410,False
562,411,False
2244,413,False
1592,414,False
4095,415,False
3256,416,True
3202,417,False
4811,418,True
1464,421,True
1177,422,False
1986,423,False
3938,424,False
4402,427,True
2124,428,True
4613,429,True
3218,430,True
96,433,False
439,434,True
686,436,False
608,438,False
1705,439,False
4095,440,False
4658,442,False
615,443,False
1548,444,True
1458,445,False
2487,446,True
705,448,False
2001,449,True
345,450,False
3995,451,False
1151,452,False
3546,453,True
123,455,True
1916,457,False
2199,457,False
1955,458,False
4768,459,True
4367,460,False
3698,461,True
1868,462,False
4965,463,False
1040,464,False
2124,466,True
3844,467,False
4292,468,True
180,469,True
747,470,False
1251,471,True
405,473,True
4688,475,True
432,477,False
1277,479,True
4660,480,False
1349,481,False
4125,482,False
4095,483,False
2426,484,True
1064,485,False
1797,486,True
1040,487,False
3454,488,False
4165,489,False
1059,491,False
1457,491,False
4095,492,False
3253,493,False
4368,494,True
2745,495,False
2373,496,False
1040,497,False
3438,499,False
2630,499,False
2227,499,False
2549,501,False
298,502,True
3102,504,False
1756,505,False
4095,507,False
1551,509,False
1186,510,False
2743,510,False
5101,510,False
1694,510,False
4202,511,True
2477,513,False
1040,514,False
4095,515,False
3837,516,False
1694,517,False
1868,518,False
4600,519,True
1501,520,False
2352,521,False
3415,523,True
1616,524,False
2031,525,False
4165,526,False
522,527,True
4991,528,True
1601,529,True
1821,530,True
676,532,False
4373,533,False
3444,534,True
1336,535,False
4441,536,False
2980,537,True
4842,538,False
66,539,False
2079,540,False
1089,541,False
481,542,False
614,543,True
392,544,True
3546,545,True
1509,546,False
3226,547,False
676,548,False
1583,549,False
3076,550,False
4838,551,True
3598,553,True
1223,554,True
4095,555,False
4311,556,True
4036,557,False
968,558,False
1404,559,False
1420,560,True
4095,562,False
1750,563,False
3121,564,True
4598,566,False
1040,569,False
2125,570,True
4395,571,False
2202,572,False
4095,573,False
5056,574,True
13,575,False
3044,576,False
1040,576,False
1006,577,True
4095,578,False
1986,579,False
1634,580,False
1694,581,False
1571,582,False
3748,583,False
1019,584,False
4864,584,False
4938,585,False
1139,586,False
737,587,False
4849,588,False
3197,589,True
3226,590,False
3041,591,False
3525,592,True
4002,593,True
2773,595,False
4583,596,False
4257,597,False
4165,599,False
4095,600,False
3142,601,True
2244,602,False
2079,603,False
734,604,False
3093,606,False
3560,607,True
3609,608,False
481,612,False
494,613,True
3643,614,True
4788,615,False
278,616,False
3529,619,False
2036,620,False
1955,621,False
4260,622,False
4095,624,False
2837,625,True
2752,626,False
2009,627,True
2504,628,True
4239,629,True
562,630,False
345,631,True
1121,632,False
2270,633,False
4395,634,False
3193,635,True
3009,636,True
3099,638,False
4146,639,False
4135,639,False
5054,639,False
4184,640,False
4864,641,False
1019,641,False
570,642,False
3217,643,False
1459,647,True
3873,648,False
4725,651,False
788,652,False
4095,654,False
437,655,False
2083,656,False
1626,657,False
3597,658,True
1460,659,False
4546,660,False
2866,661,True
4095,662,False
1685,663,False
4095,666,False
4095,667,False
1493,669,False
3023,670,False
1228,671,True
3958,673,False
2606,675,True
4449,676,False
1022,676,False
4143,677,True
1501,678,False
212,679,False
3730,680,True
1869,681,False
3939,685,False
2766,687,True
683,688,True
1357,690,False
1040,692,False
3893,693,True
4373,695,False
505,696,False
3082,697,True
1305,698,True
4095,699,False
3901,700,True
4095,701,False
4095,702,False
4095,703,False
1040,704,False
4757,705,False
4095,706,False
3226,707,False
1657,708,False
4386,710,False
2893,711,True
590,713,True
4143,714,True
1730,715,False
345,716,False
4371,717,False
1040,719,False
4436,720,True
1177,721,False
298,722,False
3683,723,False
160,724,False
157,725,True
4178,726,True
1228,727,False
2924,728,True
1186,729,False
2743,729,False
5101,729,False
1694,729,False
83,729,False
3913,730,False
4301,731,True
2954,732,True
960,733,False
2398,734,False
1758,736,False
1177,737,False
4840,739,True
2249,741,False
3923,742,False
3212,743,False
4400,744,True
1418,745,False
4972,746,True
824,747,False
2202,748,True
910,749,False
3003,750,False
2770,752,True
1040,753,False
471,754,False
1605,756,False
1137,757,False
1889,758,True
1766,759,True
2991,760,True
1844,760,True
2162,761,True
2408,762,False
2472,763,False
4799,764,False
1977,765,False
2249,766,True
4124,767,True
3172,768,True
3226,769,False
1428,771,False
3565,773,False
3260,774,False
4095,776,False
4607,777,True
1868,778,False
1892,779,True
4095,780,False
1524,781,False
786,782,True
388,783,True
4095,784,False
1597,785,False
2865,787,True
2743,788,False
4922,790,True
2424,791,False
3834,792,True
271,793,False
1250,795,False
2087,796,False
1186,797,False
2743,797,False
5101,797,False
1694,797,False
22,798,True
4439,800,False
2549,801,False
2923,803,False
260,804,True
116,805,True
276,807,True
3226,809,False
2467,810,False
1835,812,False
1997,813,True
4516,814,False
1853,816,False
663,817,True
3465,818,False
3749,819,False
4095,820,False
4150,821,False
33,822,False
4565,824,False
2477,825,False
3131,826,True
2446,827,False
4274,827,False
2752,829,True
2620,830,False
4512,831,False
4373,832,False
4252,833,False
1694,834,False
1186,834,False
3701,836,True
1955,838,False
2632,840,False
1657,841,False
4095,842,False
955,844,True
1186,845,False
2743,845,False
5101,845,False
1694,845,False
4279,847,False
3305,849,True
5083,850,True
4165,852,False
1357,854,False
3222,856,False
3777,859,False
2302,860,False
3565,861,False
2543,862,False
1431,863,False
1486,864,False
3573,865,False
4707,866,False
3345,867,False
2376,868,False
3479,870,True
4270,871,True
2810,872,True
4253,873,False
4767,875,False
4095,877,False
1040,878,False
4116,879,False
1040,880,False
4479,883,True
2305,884,False
722,884,False
352,885,True
4987,886,True
1955,887,False
1040,888,False
5057,889,False
3215,890,True
189,891,True
4672,892,False
4707,894,False
1650,895,False
963,896,True
1177,897,False
2486,898,False
818,899,False
1186,900,False
1694,900,False
536,901,False
82,903,False
4547,904,False
2079,905,False
4563,906,False
1891,907,True
3059,908,False
1445,909,False
118,910,True
2220,912,True
1868,913,False
3099,916,False
432,917,False
4607,919,False
5108,920,False
910,921,False
1960,923,True
3181,924,True
1378,925,False
1556,928,False
290,929,True
798,930,True
3032,932,False
1524,932,False
2079,933,False
4971,934,False
4095,935,False
5113,936,True
1785,937,False
2095,938,False
1310,940,False
5029,941,False
3381,942,False
5051,947,False
1040,949,False
1530,951,True
1721,952,False
3689,953,True
3513,954,True
4798,955,False
672,956,True
4949,958,True
481,959,False
4725,960,False
4936,961,False
2287,962,True
4095,963,False
4885,964,False
5096,965,False
5046,966,False
4819,968,False
1996,969,True
2038,971,True
2651,972,True
638,973,False
2773,974,False
2589,975,False
948,976,True
2494,977,True
4393,978,False
4932,979,False
13,980,False
1794,981,False
161,982,False
3148,983,True
2746,984,True
2221,985,True
201,986,False
855,987,False
4332,989,True
3002,991,True
3557,993,False
3226,994,False
3337,995,False
4287,996,False
4095,998,False
3923,999,False
3762,1000,False
2079,1001,False
1972,1002,True
907,1003,False
3064,1005,False
1630,1006,False
201,1008,False
3226,1009,False
3466,1010,True
4373,1011,False
246,1012,True
629,1013,False
4868,1014,False
2541,1015,True
3226,1018,False
4121,1019,True
2016,1020,False
2428,1021,False
4095,1022,False
1412,1023,True
255,1024,True
3459,1025,True
3200,1026,False
3325,1027,True
4095,1028,False
1664,1029,False
1921,1030,True
1850,1033,True
2146,1035,True
1177,1036,False
2889,1037,True
2110,1038,False
25,1039,False
2510,1040,True
1828,1041,True
4095,1042,False
4324,1043,True
3871,1044,True
1759,1045,False
2327,1046,False
3609,1048,False
2983,1049,False
2669,1050,False
3784,1051,False
175,1052,False
4095,1053,False
1140,1054,False
193,1055,False
3856,1056,True
4130,1057,False
424,1058,False
3857,1060,False
1257,1061,False
4095,1063,False
3802,1065,False
5097,1068,True
1818,1070,False
4637,1071,True
2752,1073,True
3037,1074,True
1357,1075,False
1463,1076,False
1619,1077,True
3908,1078,True
4793,1081,True
3229,1082,False
505,1083,False
3173,1085,True
2632,1086,False
2631,1087,True
4109,1088,True
42,1090,False
3226,1091,False
4095,1097,False
4095,1098,False
1986,1099,False
276,1100,True
1204,1101,False
3096,1102,True
3492,1103,False
4356,1104,True
3993,1105,True
1968,1106,False
544,1107,False
1373,1108,False
3103,1110,True
1022,1111,False
127,1112,True
1705,1113,True
4150,1114,False
2486,1115,False
109,1115,False
1040,1116,True
3438,1117,False
2630,1117,False
2227,1117,False
4229,1118,False
1353,1120,False
676,1121,False
2892,1122,False
2773,1123,False
4095,1124,False
4547,1125,False
2333,1126,False
3286,1127,True
1759,1129,False
2385,1130,False
1040,1131,False
4695,1132,False
1694,1133,False
2201,1134,True
4767,1135,False
2986,1136,True
4520,1138,False
1907,1139,True
201,1140,False
8,1142,True
1375,1143,False
2505,1144,False
481,1146,False
2030,1148,False
4651,1149,False
253,1149,False
1177,1150,False
2263,1153,False
4393,1154,False
2108,1156,False
5059,1157,True
2833,1159,False
1563,1160,True
907,1161,False
1040,1162,False
3977,1163,True
3090,1164,False
4621,1165,False
2970,1167,True
1705,1168,False
4493,1169,False
4965,1170,False
4165,1173,False
1151,1174,False
4095,1176,False
438,1177,False
3312,1178,True
2827,1179,False
910,1180,False
1051,1181,True
4125,1183,False
3432,1184,False
4517,1186,False
2906,1187,True
4245,1188,False
4499,1189,True
1583,1190,False
1592,1191,False
2486,1192,False
109,1192,False
1614,1194,False
1320,1195,False
3480,1197,False
77,1198,False
2800,1199,False
292,1200,True
1783,1201,True
3944,1202,False
3609,1203,False
505,1206,False
263,1206,False
1746,1208,False
4095,1210,False
4393,1212,False
1357,1213,False
4713,1215,False
2852,1217,True
618,1218,True
2468,1219,True
4095,1220,False
2019,1222,False
3910,1223,False
74,1224,False
2380,1225,False
4646,1227,False
4560,1229,False
3166,1230,False
4095,1233,False
1471,1234,False
1626,1235,False
4095,1236,False
3200,1237,False
4095,1239,False
5107,1240,False
2652,1241,True
3995,1243,False
3671,1244,True
1224,1246,True
1916,1247,False
4371,1248,False
3583,1250,False
4252,1253,False
1643,1254,False
1384,1255,True
4270,1256,True
481,1258,False
4458,1259,False
1040,1261,False
1177,1262,False
701,1264,True
3202,1265,False
2162,1266,False
733,1267,False
2746,1268,False
4095,1269,False
4237,1271,False
2495,1271,False
4883,1272,True
677,1274,True
3305,1275,True
910,1276,False
2510,1277,True
1734,1278,False
4607,1280,True
2732,1281,False
3351,1283,True
4095,1284,False
4938,1285,False
4095,1286,False
3609,1287,False
1040,1288,False
46,1290,False
77,1291,True
1915,1292,True
1158,1294,False
4967,1295,True
1672,1296,False
4245,1300,False
2878,1302,True
4416,1303,False
290,1304,False
3299,1305,True
4487,1306,True
4405,1307,False
1973,1309,False
1976,1311,False
505,1312,False
263,1312,False
1367,1313,False
3884,1314,True
1051,1315,False
4705,1316,False
4993,1318,False
3683,1319,False
3549,1322,False
4095,1324,False
3683,1326,False
2692,1327,True
481,1328,True
3098,1329,False
2930,1330,False
481,1331,False
4725,1332,False
26,1333,False
4095,1335,False
2069,1336,False
1277,1337,True
3733,1338,False
3923,1339,False
1102,1340,True
1478,1341,False
2648,1342,False
2852,1343,True
3256,1345,True
4095,1346,False
4842,1348,False
4529,1350,True
4454,1351,True
1708,1355,True
3403,1357,True
3038,1358,False
1177,1359,False
335,1360,False
4728,1361,True
896,1363,False
910,1364,False
3200,1365,False
3569,1366,False
3181,1368,True
4362,1369,True
3513,1370,True
4757,1371,True
2909,1372,True
2632,1373,False
3857,1374,False
1400,1375,False
2682,1376,True
45,1377,False
1572,1378,True
3471,1382,False
2858,1383,True
959,1385,False
959,1386,False
3005,1387,True
3733,1388,False
5092,1389,False
5095,1390,True
3781,1391,False
1407,1392,True
345,1393,False
1442,1394,True
201,1397,False
4625,1398,True
3533,1400,False
1174,1401,False
46,1403,False
5001,1404,False
2395,1405,False
3426,1405,False
3133,1407,True
1428,1408,False
907,1410,False
4237,1411,False
2669,1412,True
2632,1413,False
1073,1414,False
3802,1416,False
2889,1418,False
4065,1419,False
3477,1420,False
1859,1421,False
639,1423,False
2412,1424,False
874,1426,True
2797,1427,True
3529,1429,False
2395,1432,True
1916,1433,False
2930,1434,False
1177,1435,False
1988,1436,True
3256,1437,True
4252,1440,False
4389,1441,True
3737,1442,False
3784,1445,False
4095,1447,False
4612,1448,False
3609,1448,False
2019,1452,False
4822,1454,False
4165,1456,False
1974,1457,True
505,1460,False
263,1460,False
58,1461,False
1040,1462,False
4880,1463,False
4095,1464,False
4682,1466,True
2080,1467,True
1040,1468,False
109,1469,False
2618,1471,False
4095,1473,False
8,1474,False
2340,1475,False
345,1476,True
74,1478,False
2743,1479,False
4095,1480,False
4736,1481,True
4392,1482,True
4371,1485,True
4077,1486,True
2302,1487,False
4136,1488,False
2792,1489,False
1409,1490,False
1022,1491,False
1124,1492,False
1809,1493,True
2070,1495,False
295,1496,True
1941,1497,False
2133,1500,True
3586,1503,False
1777,1505,False
2044,1507,False
2167,1508,True
1131,1509,True
3946,1510,False
1986,1511,False
2509,1512,False
3988,1513,True
3737,1514,False
4184,1516,False
631,1517,False
3513,1522,True
3253,1523,False
3253,1524,False
1064,1525,False
3940,1526,False
3556,1527,True
4923,1528,False
5109,1529,True
4058,1530,True
3441,1531,True
3272,1532,False
2799,1533,False
4678,1534,True
3262,1535,False
4187,1536,False
1361,1537,False
3403,1538,False
1424,1540,False
3962,1541,False
2246,1542,True
3588,1544,True
1177,1545,False
345,1546,False
4928,1547,True
2510,1548,True
3609,1549,False
3976,1550,False
656,1551,True
1963,1554,False
4288,1556,True
3772,1558,True
4072,1559,True
4658,1560,False
1460,1561,False
1015,1562,True
4859,1564,False
910,1565,False
3009,1566,True
2095,1568,False
4656,1569,False
3021,1570,True
3013,1572,False
639,1573,False
4257,1575,False
4577,1576,True
1568,1577,False
2636,1578,False
1040,1579,False
4246,1581,True
2109,1583,False
4547,1584,False
2109,1586,False
1568,1587,False
5023,1588,False
1783,1589,True
2905,1590,False
936,1591,False
4178,1592,False
3159,1593,True
4250,1594,True
1330,1595,False
2872,1596,False
4327,1598,True
1169,1599,True
1392,1600,True
3341,1601,False
4095,1602,False
3625,1603,False
74,1604,False
1177,1605,False
5051,1606,False
4095,1607,False
2724,1609,True
1267,1610,True
1040,1611,False
25,1612,False
4478,1614,False
723,1615,True
3200,1617,False
3137,1618,True
3159,1625,True
2727,1628,False
1028,1629,True
3267,1630,True
66,1631,False
4095,1632,False
3438,1633,False
2630,1633,False
2227,1633,False
3939,1634,True
2597,1637,False
1395,1638,False
3148,1639,True
3004,1640,False
1320,1640,False
3818,1641,True
4607,1642,True
1873,1644,True
201,1646,False
1433,1647,False
481,1648,False
1883,1649,False
1035,1650,False
2324,1650,False
1040,1651,False
3199,1652,False
2814,1653,True
1035,1654,True
1007,1655,False
2385,1656,False
131,1657,False
1916,1658,False
3698,1659,True
1058,1661,False
4095,1662,False
4920,1664,False
4252,1665,False
416,1668,False
4077,1669,True
3166,1670,False
3272,1671,False
4367,1672,False
837,1673,True
3857,1674,True
2319,1676,False
1040,1679,False
2734,1680,False
1177,1683,False
162,1684,True
2388,1685,True
4057,1687,True
481,1688,False
1522,1689,False
4095,1690,False
1040,1691,False
1660,1692,False
4362,1695,True
298,1696,False
3357,1697,True
3471,1698,True
2547,1703,False
1086,1704,False
4612,1705,False
4612,1706,False
3609,1706,False
2384,1706,False
2214,1707,False
1258,1709,True
311,1710,False
2083,1711,False
4185,1712,True
2708,1714,False
2965,1715,True
2108,1716,True
3938,1717,False
1572,1718,True
3367,1719,True
520,1720,True
481,1721,False
764,1723,True
633,1724,True
3059,1726,False
2162,1728,True
2829,1729,False
3194,1730,True
2675,1731,True
893,1732,False
1121,1733,True
4920,1735,False
4237,1736,False
2495,1736,False
3009,1737,False
4252,1738,False
3438,1741,False
2630,1741,False
2227,1741,False
269,1742,False
2403,1743,False
3229,1744,False
761,1744,False
1548,1745,True
2587,1746,True
1602,1748,False
2597,1751,False
1478,1753,False
4428,1754,True
1557,1755,False
3116,1756,True
3508,1757,False
5087,1758,False
3546,1759,False
2315,1760,True
4937,1761,True
3003,1762,False
4095,1763,False
3549,1764,False
3257,1765,True
2329,1766,True
106,1767,True
1821,1768,True
716,1771,True
4612,1772,False
1139,1774,True
4612,1775,False
3609,1775,False
4095,1777,False
5105,1778,True
3656,1779,False
3471,1781,False
3939,1783,False
1180,1784,False
3902,1786,False
2648,1787,False
1328,1788,False
4965,1789,False
5029,1792,True
3246,1793,False
2476,1794,True
77,1795,True
2343,1796,False
2632,1798,False
1169,1801,True
2269,1802,False
1177,1805,False
2589,1806,False
1838,1806,False
1769,1807,True
1177,1808,False
3580,1809,False
4193,1810,False
4041,1811,True
1073,1812,False
381,1813,False
3486,1814,False
2079,1815,True
564,1816,False
3272,1817,False
5048,1818,True
1901,1819,False
1040,1820,False
4914,1821,True
2052,1822,True
591,1823,False
3707,1825,False
82,1826,True
3091,1827,False
202,1827,False
3598,1828,True
4827,1829,False
1375,1831,False
1064,1833,False
201,1833,False
4995,1834,True
1662,1835,True
4946,1836,True
1568,1837,False
2597,1838,False
1511,1839,True
1644,1840,True
3060,1841,False
1756,1842,False
2587,1843,False
4213,1844,False
2031,1845,True
4688,1847,True
1555,1848,True
4252,1851,False
2996,1852,True
3999,1853,False
4788,1855,False
2632,1856,False
3923,1857,False
2812,1858,False
1533,1859,True
616,1860,False
2746,1861,False
4095,1862,False
481,1866,False
138,1867,False
676,1868,False
82,1869,False
5054,1870,False
4146,1870,False
4135,1870,False
509,1873,True
2520,1874,False
2931,1876,True
201,1877,False
2552,1879,True
3226,1881,False
814,1883,False
557,1884,False
2226,1885,True
3272,1886,False
3784,1887,True
2246,1888,False
4520,1889,False
1630,1890,False
4152,1893,False
3647,1896,False
2398,1898,False
5041,1899,True
3868,1901,False
477,1902,True
202,1903,False
3933,1904,False
1561,1905,True
366,1906,False
4095,1907,False
2952,1909,True
3262,1910,False
345,1912,False
1143,1913,False
2255,1914,False
1212,1915,True
3552,1916,False
2622,1920,True
79,1921,True
2308,1924,False
1367,1927,False
1891,1929,True
2799,1931,True
3476,1932,False
833,1933,True
13,1934,False
3597,1935,False
4844,1937,False
2963,1938,True
1899,1939,True
2428,1940,True
3603,1941,False
676,1942,False
1715,1943,False
2659,1945,False
1000,1945,False
1040,1946,False
3307,1947,True
3419,1948,False
262,1949,True
1395,1950,False
5033,1951,False
4938,1952,False
2337,1954,True
2374,1957,False
4095,1958,False
3609,1959,False
3098,1961,True
3072,1962,False
4095,1964,False
5083,1966,False
404,1967,False
2246,1968,False
4373,1969,False
2592,1970,True
3757,1972,False
62,1973,False
2493,1974,False
1464,1976,True
4643,1978,True
398,1982,True
4762,1983,False
4095,1983,False
806,1985,False
158,1986,True
2463,1988,False
2286,1990,False
492,1991,False
4373,1992,False
3830,1993,False
1177,1994,False
1634,1995,False
3112,1996,False
1040,1997,False
4625,1998,True
1357,1999,False
4386,2002,False
4164,2003,True
3480,2004,False
4095,2004,False
4252,2005,False
1759,2006,False
3451,2008,True
2597,2009,True
82,2011,True
2683,2014,False
1281,2017,True
3336,2018,False
74,2019,False
4095,2022,False
2977,2024,False
3434,2025,True
271,2027,False
4938,2028,False
290,2029,False
3348,2030,True
4607,2031,True
3226,2033,False
1040,2034,False
440,2035,False
1538,2037,False
1430,2038,False
4768,2039,False
4766,2043,True
1209,2048,False
481,2048,False
162,2048,False
1901,2049,False
676,2050,False
2552,2051,False
1478,2052,False
201,2054,False
1039,2059,False
3225,2060,False
1177,2061,False
1868,2062,False
3679,2064,False
705,2065,False
3360,2067,False
1377,2069,False
303,2070,False
3059,2071,True
4524,2073,False
2282,2074,False
4341,2075,False
4650,2076,True
2122,2078,True
3252,2080,False
2479,2081,True
910,2082,False
3438,2084,False
2630,2084,False
2227,2084,False
2549,2085,False
2486,2089,False
109,2089,False
4167,2090,False
346,2091,True
2615,2092,False
1593,2093,False
2520,2094,True
4788,2095,False
2477,2096,False
2728,2097,False
4608,2098,False
1507,2099,False
4165,2100,False
1890,2101,False
1836,2102,True
2410,2105,True
3763,2106,True
4698,2107,False
4095,2109,False
2814,2114,False
910,2117,False
4771,2118,False
1287,2119,False
2137,2120,False
609,2122,True
1431,2124,False
3749,2125,False
1266,2127,False
1421,2128,False
609,2129,False
676,2131,False
4866,2134,True
3305,2135,False
1984,2136,True
1782,2137,False
3937,2138,False
2032,2139,True
1903,2140,False
596,2141,False
3566,2142,True
2872,2143,False
3116,2144,False
4598,2146,False
2632,2147,False
3082,2149,False
4095,2151,False
459,2152,True
1494,2153,True
4938,2155,False
1186,2156,False
2743,2156,False
5101,2156,False
1694,2156,False
4248,2158,False
4705,2159,False
3609,2161,False
2079,2162,False
4064,2163,False
2622,2165,False
4007,2167,False
158,2168,True
3913,2169,False
1973,2170,False
737,2171,False
1395,2174,False
3200,2175,False
616,2176,True
4095,2180,False
2342,2182,False
4095,2183,False
2460,2184,True
2383,2185,False
2095,2186,False
2137,2187,False
3381,2188,False
852,2190,False
4935,2191,False
4700,2192,False
2146,2193,True
3341,2194,False
4095,2195,False
4527,2196,False
5068,2197,True
4771,2198,False
1756,2199,False
4095,2200,False
4758,2201,True
432,2203,False
151,2205,True
2927,2206,True
4598,2208,False
4150,2209,True
3191,2210,False
1973,2210,False
4165,2212,False
1686,2213,True
345,2214,False
3325,2215,True
4808,2216,False
1917,2217,False
4146,2218,False
4135,2218,False
5054,2218,False
5051,2219,False
3060,2220,False
2872,2222,False
1527,2223,False
2518,2225,True
3594,2226,True
4510,2229,False
1096,2230,False
3289,2231,False
2938,2232,True
1921,2233,True
3109,2238,False
1362,2239,False
2709,2240,True
4117,2241,False
3138,2242,True
3995,2243,False
1492,2244,False
1604,2245,True
3166,2246,False
1488,2247,True
66,2248,True
4223,2249,False
3477,2250,False
2045,2253,False
907,2254,False
526,2255,False
4095,2257,False
3777,2258,False
4095,2259,False
4257,2260,False
1268,2261,False
4165,2264,False
1089,2266,True
4095,2267,False
4667,2268,True
953,2268,True
2190,2269,False
4393,2270,False
2575,2271,True
224,2275,True
1109,2276,True
2829,2278,False
4095,2280,False
2069,2281,False
3226,2282,False
2066,2283,False
3333,2287,True
4521,2288,True
2226,2289,False
3345,2290,False
2920,2295,True
3868,2296,False
2670,2297,False
1694,2298,False
2732,2299,False
3753,2300,False
2030,2300,False
4112,2302,False
4201,2304,True
1510,2305,False
5051,2306,True
261,2307,False
4563,2313,False
701,2314,False
2271,2315,True
3705,2316,False
4095,2318,False
4254,2319,False
4237,2320,False
3535,2321,True
1559,2323,True
1092,2327,True
5090,2328,True
1700,2329,True
4381,2330,False
4583,2331,False
907,2332,False
3178,2333,False
3565,2334,False
3191,2335,False
1973,2335,False
2669,2336,False
4607,2338,True
4095,2339,False
4095,2340,False
1666,2342,True
3835,2343,False
4077,2344,True
3471,2345,False
3234,2347,False
3550,2348,True
806,2349,True
4582,2350,True
4607,2351,True
201,2352,False
3329,2353,False
3990,2355,True
4064,2358,False
1384,2359,True
2713,2361,True
3328,2362,False
4095,2363,False
3943,2364,False
2142,2365,True
330,2366,False
3265,2369,False
843,2370,False
1694,2371,False
959,2372,False
3939,2373,False
4852,2376,True
3250,2378,True
3711,2380,False
3601,2381,False
1326,2387,False
2653,2388,True
2079,2389,False
2133,2391,True
2633,2392,True
4598,2394,False
2398,2396,False
3868,2399,False
2282,2400,False
1250,2401,False
907,2403,False
4914,2405,False
2910,2407,True
4607,2408,True
4864,2410,False
1019,2410,False
4095,2411,False
1694,2415,False
1521,2416,False
3859,2418,True
2878,2419,True
1527,2420,False
4317,2421,False
3006,2423,True
4844,2424,False
2422,2425,False
4202,2426,False
1562,2427,False
3779,2428,True
3254,2430,True
3666,2431,False
766,2432,False
2683,2433,False
2895,2435,True
4117,2436,False
2827,2439,False
4095,2441,False
4948,2442,False
3543,2443,True
1598,2445,True
4349,2447,True
2045,2448,False
1293,2450,False
3164,2451,True
3755,2452,True
581,2454,True
4165,2456,False
2804,2456,False
4095,2457,False
3939,2458,False
4095,2459,False
1694,2460,True
3226,2461,False
1148,2462,True
1219,2464,True
2079,2465,False
2470,2471,True
4095,2474,False
767,2476,False
391,2479,False
1915,2480,False
2095,2482,False
1865,2483,False
3303,2485,True
4027,2486,False
5000,2487,False
1887,2488,True
3345,2489,True
391,2491,False
3058,2493,False
2748,2494,True
3796,2495,False
4920,2496,False
461,2498,False
1309,2499,False
52,2500,True
4095,2502,False
2153,2503,False
1917,2509,False
545,2510,True
1253,2511,False
3120,2512,False
1977,2513,False
1421,2515,True
4930,2516,True
4778,2517,True
4991,2518,False
576,2520,True
2966,2521,False
2606,2522,True
1853,2523,False
2190,2524,True
4199,2525,True
2069,2527,False
3441,2528,False
3471,2529,False
2743,2532,True
5076,2536,True
1285,2537,False
4607,2538,True
1433,2539,False
4763,2540,True
2672,2541,True
845,2542,True
151,2543,False
2773,2545,False
2554,2546,False
1486,2547,False
1040,2548,False
2333,2550,False
3426,2553,False
1568,2554,False
2149,2555,True
1982,2556,False
4811,2557,False
1040,2558,False
3399,2559,False
4890,2561,True
345,2566,False
3998,2567,True
2632,2570,False
4690,2571,False
1614,2572,True
1202,2573,True
1818,2575,False
4736,2577,True
1786,2578,True
3095,2579,False
1065,2580,True
1475,2581,True
4095,2583,False
1474,2585,True
3609,2587,False
4996,2588,True
2711,2591,False
2453,2593,True
4819,2597,False
859,2601,True
5086,2602,True
4890,2605,True
3609,2606,False
2022,2607,False
1701,2607,False
3002,2608,True
2827,2609,False
1040,2610,False
3435,2612,True
1392,2613,True
1626,2614,False
907,2615,True
2261,2616,False
3256,2617,True
914,2618,False
4095,2619,False
3185,2620,False
1040,2621,False
3826,2623,True
4464,2626,True
631,2627,True
3909,2628,False
4095,2630,False
619,2631,False
4679,2632,False
773,2636,False
200,2638,False
2732,2640,False
1823,2641,False
4598,2643,False
2704,2646,True
3226,2648,False
4802,2650,False
4544,2651,False
2398,2652,False
4184,2653,False
4214,2655,False
4165,2656,False
4683,2657,True
696,2658,False
1177,2659,False
4095,2661,False
2961,2662,False
533,2664,False
2269,2668,False
1115,2669,True
828,2671,True
3226,2673,False
716,2675,False
3784,2676,False
2745,2678,False
4992,2680,False
2841,2681,False
3609,2682,False
4099,2683,True
3737,2685,False
1250,2686,False
4095,2688,False
4077,2689,True
4935,2690,False
4944,2691,True
3784,2692,True
1982,2693,False
4776,2694,False
4573,2695,True
843,2697,True
4318,2698,True
2139,2699,False
529,2699,False
4393,2700,False
2980,2701,True
4095,2702,False
3987,2703,True
2967,2704,True
1855,2706,True
2302,2707,False
4095,2708,False
2053,2710,True
344,2711,False
786,2714,False
2988,2715,False
1432,2716,True
1247,2717,False
3333,2720,False
1010,2721,False
1838,2722,False
1868,2723,False
1209,2725,False
4095,2726,False
3868,2727,False
2928,2728,False
4393,2729,False
452,2730,False
4095,2733,False
2795,2734,False
3857,2735,False
4095,2736,False
1289,2738,False
4027,2739,True
3465,2740,False
2368,2741,True
4164,2743,True
1977,2744,True
2822,2746,False
4607,2747,True
2549,2748,False
88,2752,False
4202,2753,True
1063,2754,False
832,2756,False
3226,2757,False
1756,2759,False
3753,2759,False
2030,2759,False
707,2761,True
4847,2762,False
1127,2763,False
4184,2763,False
97,2763,False
914,2764,False
2079,2765,False
4373,2770,False
910,2771,False
3554,2772,False
3226,2773,False
3023,2774,False
4095,2775,False
4252,2776,False
676,2778,False
162,2778,False
4095,2779,False
1339,2781,False
5084,2781,False
3408,2782,True
4486,2783,False
1715,2784,False
3306,2785,True
1223,2786,True
5107,2787,False
4393,2788,False
4679,2789,True
1232,2790,False
1272,2794,True
1266,2795,True
1310,2796,False
591,2797,False
287,2798,False
2562,2799,False
767,2800,False
5021,2802,False
75,2803,False
5001,2806,True
3061,2807,False
27,2808,True
1977,2811,False
4829,2812,False
4962,2813,False
3555,2813,False
4319,2814,False
985,2815,False
1040,2816,False
1040,2817,False
1571,2819,False
1715,2821,False
1851,2822,True
1364,2824,True
3573,2824,False
1287,2826,False
4095,2828,False
4607,2830,True
4771,2832,False
288,2833,False
1843,2834,True
1035,2836,False
4808,2836,False
4095,2837,False
25,2838,False
1571,2841,False
4095,2842,False
3117,2843,False
2576,2846,True
705,2847,False
4854,2849,True
605,2850,False
4416,2851,False
3619,2854,False
910,2855,False
4607,2857,False
4095,2858,False
1040,2859,False
345,2860,False
2424,2862,False
3796,2863,False
3186,2864,True
676,2866,False
2572,2868,True
4393,2871,False
934,2872,True
5087,2873,False
4231,2874,True
3773,2875,False
3939,2877,False
3256,2878,True
1254,2881,False
910,2884,False
2305,2885,False
1545,2886,False
2373,2887,False
4077,2888,True
2922,2889,False
4095,2891,False
4095,2893,False
3754,2898,True
2745,2900,False
3749,2901,False
1911,2903,False
1564,2905,False
2919,2906,True
1821,2910,True
4607,2911,True
2970,2912,True
3529,2913,False
548,2914,False
3984,2915,True
3808,2916,True
1568,2917,False
4725,2918,False
4030,2921,False
2324,2922,False
1227,2924,True
4122,2926,False
2943,2927,False
5000,2928,False
960,2930,True
1486,2932,False
1845,2934,False
1868,2935,False
2095,2936,False
4965,2938,False
4594,2940,False
3552,2942,False
481,2943,False
69,2944,True
2342,2945,True
885,2946,True
2632,2950,False
1472,2951,False
2612,2953,True
4725,2956,False
2136,2957,True
1320,2959,False
2342,2961,True
4095,2962,False
3995,2963,False
5016,2965,False
1040,2966,False
4656,2967,False
4415,2969,True
5023,2970,True
2479,2971,False
4629,2973,True
4294,2975,False
4892,2977,True
2574,2978,False
4847,2979,False
1576,2981,True
2632,2982,False
3484,2984,False
427,2987,False
907,2988,True
524,2989,False
631,2991,False
896,2993,False
2095,2994,False
1803,2995,False
1776,2996,False
3000,2999,False
591,3001,False
2095,3003,False
4087,3004,True
3164,3005,False
1484,3006,False
2545,3007,True
2358,3009,False
2030,3010,False
2669,3011,False
4122,3014,True
4264,3015,True
631,3016,True
2107,3017,False
915,3017,False
1266,3018,True
404,3019,False
1353,3020,True
2282,3021,False
4800,3022,False
125,3023,True
310,3024,False
585,3025,True
798,3027,False
2606,3028,True
2741,3029,True
2354,3030,False
2773,3031,False
994,3032,False
3546,3033,False
1580,3036,True
3890,3037,False
455,3038,True
3817,3039,True
2997,3041,False
4229,3043,False
2486,3045,False
109,3045,False
3706,3047,False
271,3048,False
3470,3049,True
3411,3050,True
1264,3051,True
3153,3053,False
97,3053,False
1174,3053,False
895,3053,False
3980,3053,False
1326,3056,True
4909,3058,False
2586,3061,False
1369,3063,True
713,3064,False
1701,3065,True
2101,3066,False
2551,3067,False
907,3069,False
4395,3071,False
1365,3073,True
3166,3074,False
3995,3075,True
627,3076,False
4252,3078,False
2382,3079,False
4847,3081,False
620,3082,False
4130,3083,False
3480,3084,False
3010,3085,False
1438,3086,True
1409,3087,False
4768,3092,False
1275,3092,False
2760,3092,False
4034,3092,False
2109,3092,False
2256,3093,True
1868,3094,False
2069,3101,False
1493,3102,False
932,3104,False
3737,3106,False
1341,3107,False
65,3108,False
3376,3110,False
1275,3111,False
2312,3113,False
4656,3115,False
4965,3116,False
3403,3117,False
4847,3119,False
3322,3122,False
2809,3124,True
3335,3126,True
4525,3129,True
3802,3132,False
3614,3133,True
3389,3134,False
2095,3136,False
5051,3137,False
398,3138,False
1504,3140,True
3044,3141,False
3779,3144,True
4078,3146,False
287,3147,False
2477,3148,False
4608,3149,False
433,3150,False
4330,3150,False
3708,3152,True
3678,3154,True
2472,3157,True
266,3158,True
2383,3159,False
2333,3162,False
2639,3164,True
1112,3166,True
2016,3168,False
4202,3171,False
1177,3172,False
4788,3174,False
3111,3175,True
1916,3177,False
2403,3178,True
25,3181,False
2438,3184,False
959,3185,False
3253,3186,True
1568,3189,False
2269,3192,False
1177,3195,False
1425,3197,False
4413,3198,False
3099,3199,False
2249,3200,False
2857,3202,True
960,3203,False
668,3205,True
735,3207,True
3226,3208,False
1186,3210,False
2743,3210,False
5101,3210,False
1694,3210,False
3000,3211,False
3923,3213,False
1608,3214,True
2226,3215,False
1177,3216,False
4842,3218,False
1836,3220,True
4069,3222,True
850,3223,False
1685,3226,False
2477,3228,False
782,3229,False
3573,3230,True
3226,3231,False
3381,3232,True
3251,3233,False
1357,3234,False
2887,3236,True
2734,3238,True
2378,3242,True
4936,3247,True
990,3248,False
2700,3250,False
3191,3251,False
1973,3251,False
4319,3252,False
2911,3255,False
74,3256,False
1746,3258,False
1040,3259,False
4755,3260,False
3598,3261,False
5013,3262,True
536,3263,False
1399,3264,False
3191,3265,False
1973,3265,False
3059,3268,False
2852,3269,True
228,3270,False
453,3271,True
3889,3272,True
3508,3273,False
2548,3274,False
1440,3275,False
4004,3277,True
4095,3278,False
2732,3279,False
2606,3280,True
2056,3281,True
2368,3282,True
2329,3283,True
2950,3284,False
4184,3285,False
1486,3286,False
3939,3287,False
1613,3289,False
2202,3290,False
3388,3291,False
103,3293,False
3565,3295,False
3241,3299,True
2164,3301,True
629,3304,False
4521,3305,False
4847,3306,False
2445,3307,True
2669,3308,False
1609,3310,False
1486,3311,False
3076,3312,False
481,3314,False
2669,3317,False
686,3319,True
2202,3320,False
2998,3321,True
1096,3322,False
25,3323,False
1933,3324,True
3619,3325,False
2398,3326,False
2734,3327,False
4253,3328,False
4560,3329,False
3456,3330,True
1265,3331,False
2203,3332,False
4095,3333,False
1821,3336,True
4997,3338,True
634,3339,False
5053,3340,False
3649,3341,True
4289,3342,True
4165,3345,False
4030,3346,False
4187,3347,False
3441,3348,True
929,3349,True
1076,3351,True
5033,3352,True
458,3354,False
4609,3355,True
2802,3357,True
3166,3358,False
3226,3360,False
3526,3361,True
1715,3362,False
3835,3363,False
201,3365,False
4165,3366,False
226,3368,False
3502,3369,True
5054,3370,False
722,3372,False
2713,3374,False
2172,3377,True
1315,3378,False
3757,3381,True
1040,3383,False
2484,3384,True
4165,3385,False
1435,3388,True
4941,3389,False
1253,3390,True
4462,3391,False
1568,3392,False
345,3394,False
4143,3396,True
202,3397,False
3972,3399,True
2897,3400,False
823,3402,True
3938,3403,False
91,3404,True
25,3405,False
4095,3406,False
4858,3407,True
3104,3408,True
2340,3409,False
4095,3410,False
675,3410,False
1359,3411,False
1955,3413,False
187,3414,True
3262,3415,False
1670,3416,True
2897,3418,False
1696,3419,True
3324,3420,False
4095,3423,False
3009,3424,True
218,3425,False
4095,3431,False
1428,3432,False
4165,3433,False
1129,3434,True
1579,3436,False
884,3437,True
4095,3438,False
3419,3439,True
3009,3440,False
4788,3441,False
4095,3442,False
2398,3444,False
3802,3445,False
4663,3446,True
3682,3447,False
1486,3448,False
3511,3449,True
994,3451,False
603,3453,False
1395,3456,True
4257,3458,False
5050,3460,False
4095,3461,False
179,3463,False
4095,3465,False
2922,3466,False
1090,3467,False
3313,3469,False
3132,3470,False
4770,3472,False
345,3473,False
2221,3474,True
4305,3475,False
3751,3476,True
3961,3478,True
3529,3479,False
2189,3480,False
3079,3482,True
1474,3483,True
17,3485,False
4095,3486,False
2121,3488,True
1054,3490,False
4326,3491,True
1431,3492,False
910,3494,False
3471,3495,False
4,3496,False
4373,3497,False
2384,3498,False
1119,3499,False
1481,3500,False
4373,3501,False
4607,3504,False
4772,3505,False
2964,3507,False
569,3508,True
3440,3510,True
964,3512,False
1540,3515,False
2798,3516,True
3297,3519,False
3818,3520,True
3883,3522,False
4095,3523,False
3363,3525,True
4397,3526,True
4132,3527,True
4914,3528,False
676,3529,False
298,3530,False
2898,3531,True
1315,3532,False
2760,3533,False
1633,3534,False
2773,3536,False
693,3537,True
1705,3539,True
1550,3540,False
4039,3541,True
4907,3542,True
3226,3544,False
647,3549,False
4605,3550,False
3684,3551,True
907,3552,False
3234,3553,False
1024,3555,False
2253,3556,True
2734,3557,False
2983,3558,False
1177,3559,False
1040,3560,False
1173,3561,False
2858,3563,True
3552,3566,False
2493,3567,False
149,3568,True
4992,3569,False
3337,3570,False
4371,3571,False
2931,3572,True
3009,3574,True
2456,3577,False
4045,3580,False
949,3581,False
3653,3582,True
200,3583,False
3212,3584,False
5110,3585,True
1840,3586,False
3974,3589,True
5044,3590,False
3438,3592,False
4391,3593,False
3226,3596,False
2095,3597,False
201,3602,False
2159,3607,False
1478,3608,False
4399,3610,True
1407,3611,True
1401,3613,False
834,3613,False
4466,3614,False
1010,3616,False
1977,3617,False
676,3619,False
3052,3620,False
461,3622,True
4095,3624,False
3059,3625,False
2613,3627,True
3601,3628,False
4095,3629,False
992,3630,False
2403,3631,False
4095,3634,False
3774,3635,False
4868,3635,False
1186,3636,False
2743,3636,False
5101,3636,False
1694,3636,False
83,3636,False
3619,3637,True
4231,3638,True
596,3641,False
4095,3642,False
3912,3643,True
2016,3644,False
992,3646,False
4920,3647,False
1793,3648,False
345,3649,True
1218,3650,False
699,3650,False
4184,3651,False
4355,3652,False
3138,3653,True
2154,3654,True
2822,3655,False
1040,3656,False
886,3659,True
4253,3660,False
4690,3662,True
3837,3663,False
452,3664,False
3289,3665,True
4095,3666,False
4607,3667,True
2932,3668,True
3705,3670,False
1510,3671,False
4095,3672,False
634,3673,True
4095,3674,False
4851,3677,False
2981,3679,True
345,3681,False
959,3682,False
1040,3684,True
196,3686,False
2669,3687,False
1821,3688,False
986,3689,False
3492,3690,False
1241,3692,False
1177,3693,False
266,3694,False
2087,3696,True
3235,3698,True
4729,3699,False
4229,3701,False
4190,3702,True
2776,3703,True
4095,3704,False
4095,3705,False
4095,3706,False
1708,3707,False
3683,3708,False
217,3709,True
1040,3710,False
1582,3712,False
4135,3713,False
3178,3715,False
2954,3716,True
168,3722,True
3244,3724,False
4315,3727,True
3059,3729,False
4200,3730,False
3082,3733,False
4095,3735,False
290,3736,False
3683,3737,False
1040,3739,False
3964,3740,False
2171,3742,True
1992,3743,False
1658,3744,True
762,3747,False
1411,3748,False
723,3750,False
2079,3752,False
4776,3753,False
907,3753,False
1705,3754,False
611,3755,False
4071,3757,False
3180,3758,False
4165,3759,False
3337,3760,False
3699,3761,True
994,3764,False
907,3765,False
3044,3766,False
1630,3767,False
4319,3768,True
2245,3769,True
3699,3774,True
1605,3778,False
4862,3780,False
3350,3781,False
4920,3782,True
2853,3784,False
4095,3785,False
2732,3786,True
1264,3789,False
1527,3791,False
4815,3792,False
1300,3793,False
4823,3794,True
2069,3795,False
3841,3796,False
3112,3798,False
3737,3799,False
3669,3801,True
4394,3802,True
4371,3803,False
1177,3804,False
3438,3805,False
2630,3805,False
2227,3805,False
2373,3806,False
1784,3807,True
701,3808,True
1698,3809,True
3861,3810,True
4399,3811,False
1802,3812,True
4171,3813,False
1527,3814,False
1040,3816,False
5075,3822,False
3388,3823,False
418,3824,False
2566,3826,False
3296,3827,True
1781,3829,True
2803,3830,True
663,3831,True
3226,3833,False
2907,3834,True
2005,3835,False
813,3836,True
3009,3838,True
3922,3840,True
907,3841,False
3534,3843,True
881,3845,False
3492,3846,True
2327,3848,False
4416,3851,False
810,3853,False
676,3854,False
1626,3855,False
2240,3856,False
25,3858,False
2374,3859,True
3546,3860,False
4553,3862,True
5078,3863,False
1147,3864,True
4061,3865,True
2382,3866,False
427,3867,False
5075,3869,False
3995,3870,False
3138,3871,True
3034,3873,False
3565,3876,False
4798,3877,False
1241,3878,True
4820,3879,True
1049,3882,True
1177,3884,False
107,3885,False
4393,3886,False
4847,3887,False
154,3888,False
3136,3890,True
2810,3893,True
2485,3895,True
3225,3896,False
526,3897,False
4613,3901,False
2988,3902,False
4396,3904,True
390,3905,True
4798,3907,True
1321,3908,False
1040,3909,True
3868,3910,False
2477,3911,False
4093,3912,True
3180,3914,False
4607,3916,True
2394,3917,False
4165,3918,False
1746,3920,False
345,3921,False
4962,3922,False
1315,3923,False
2803,3924,True
1767,3927,True
3023,3928,False
2950,3929,False
2543,3932,False
471,3935,False
2930,3937,False
1799,3938,False
751,3939,False
3995,3941,False
1433,3942,False
3677,3943,False
1855,3946,False
1592,3947,True
4252,3948,False
2705,3949,True
1568,3950,False
2957,3951,True
481,3952,False
1766,3953,False
3547,3954,True
3204,3955,False
3784,3957,False
4809,3959,False
1577,3963,False
1454,3964,True
2322,3967,False
559,3968,True
3471,3969,False
1040,3970,False
1531,3971,True
4510,3973,True
4708,3974,True
4373,3977,True
1626,3978,False
2380,3979,False
1694,3980,False
4798,3982,False
4938,3984,False
4121,3986,True
481,3989,False
620,3990,False
2079,3991,False
4747,3994,True
2313,3997,True
1630,3998,False
3519,3999,False
4542,3999,False
907,4001,False
4095,4003,False
4036,4004,True
481,4006,False
41,4007,False
3796,4008,True
910,4010,False
1997,4012,True
2602,4013,True
4829,4014,False
2930,4017,False
4373,4018,False
1004,4019,True
4393,4023,False
3489,4024,False
654,4025,True
4406,4026,False
941,4027,True
495,4028,True
2282,4030,False
609,4032,False
3609,4033,False
2403,4035,False
4393,4039,False
1538,4041,False
2964,4042,False
3802,4043,False
5101,4045,False
1092,4046,False
3868,4047,False
2838,4049,False
2079,4051,False
3737,4052,False
3059,4053,False
2026,4054,True
3395,4055,True
4174,4058,True
4967,4059,False
4211,4060,True
5016,4062,False
638,4064,False
4894,4065,False
3459,4068,False
5107,4069,False
2901,4070,True
3459,4072,False
3492,4073,False
2284,4074,True
3255,4076,False
629,4078,False
1764,4079,False
3121,4083,True
1142,4084,True
2382,4085,False
2446,4087,True
4184,4091,False
74,4092,False
1524,4097,False
437,4101,False
2371,4102,True
4859,4103,True
1177,4104,False
3681,4105,True
4165,4107,False
4809,4109,False
4030,4110,False
2844,4111,True
4728,4112,False
4560,4113,False
2249,4114,True
2069,4117,False
4411,4120,False
2509,4124,True
3392,4125,False
452,4126,False
2597,4128,False
1453,4131,True
1266,4132,False
2427,4133,False
4095,4134,False
3565,4136,False
4261,4140,True
4095,4142,False
2058,4143,False
4967,4148,False
4827,4149,False
2150,4150,True
5107,4151,False
4095,4152,False
4847,4153,False
4095,4154,False
4399,4155,False
4252,4160,False
1040,4161,False
2060,4162,False
3575,4163,True
1812,4164,True
201,4168,False
183,4169,True
1824,4170,False
2534,4171,False
1799,4172,False
4373,4173,False
4165,4174,False
4565,4175,False
4095,4176,False
591,4178,False
4361,4179,True
1756,4180,False
1633,4181,False
1662,4182,True
4661,4183,True
1177,4184,False
4077,4185,True
2996,4187,False
4347,4187,False
649,4188,False
2669,4189,False
2079,4190,False
4365,4193,True
1493,4195,False
64,4196,True
2069,4197,False
2747,4199,True
4166,4200,True
4791,4203,False
2662,4205,True
1634,4206,True
3440,4207,True
1803,4209,False
1429,4210,False
907,4211,False
3014,4212,True
4095,4213,False
1938,4214,False
341,4214,False
1699,4216,True
2249,4217,False
5088,4219,False
2745,4220,False
4237,4222,False
2632,4223,False
4119,4224,False
2223,4225,False
4844,4226,False
1552,4227,False
345,4228,True
734,4229,False
881,4230,True
2608,4231,True
3574,4232,True
3465,4234,False
3704,4235,False
4095,4236,False
4607,4237,True
1430,4238,False
4196,4240,False
3096,4242,True
1205,4243,False
3191,4244,False
1973,4244,False
4163,4245,False
1809,4247,False
4563,4248,False
1756,4249,False
4463,4251,True
895,4252,False
4625,4253,True
4808,4254,False
2203,4256,False
2162,4257,False
3256,4260,True
503,4264,False
3149,4266,True
1318,4267,True
1705,4268,False
3253,4272,False
3939,4275,False
4994,4277,False
2597,4279,False
3023,4283,False
3343,4287,False
1434,4290,True
4095,4291,False
4807,4295,False
2202,4296,False
4373,4299,True
1177,4300,False
74,4303,False
105,4305,False
4095,4310,False
1040,4311,False
651,4312,True
1287,4314,False
1177,4315,False
2340,4316,False
631,4318,False
1177,4319,False
83,4320,False
3000,4321,False
4095,4322,False
3580,4323,False
2340,4324,False
2632,4325,False
1395,4329,False
447,4333,False
2955,4335,False
481,4338,False
1929,4339,False
3003,4341,False
4607,4343,True
3471,4345,False
3404,4346,False
4384,4347,True
2587,4348,True
1527,4349,False
2079,4351,False
4030,4352,False
710,4355,False
1672,4357,False
1521,4358,True
3573,4361,False
4869,4362,True
2364,4364,True
3513,4366,False
3471,4367,False
96,4368,False
4095,4369,False
2806,4370,True
4630,4371,False
4095,4372,False
4095,4375,False
2648,4376,False
1557,4377,True
1066,4379,False
1868,4380,False
4255,4381,True
1472,4382,False
1615,4383,False
138,4385,False
481,4386,False
2612,4387,True
4213,4388,True
969,4389,False
2776,4390,True
2131,4392,True
4077,4394,True
776,4395,False
3984,4396,True
1294,4398,False
4095,4399,False
1371,4401,True
2954,4402,True
3174,4406,True
201,4407,False
201,4408,False
832,4409,True
4607,4411,True
760,4413,True
1474,4415,True
1982,4417,False
43,4418,False
4880,4419,False
4740,4420,True
1721,4421,False
4798,4422,False
4095,4424,False
1894,4425,False
2930,4426,True
2203,4427,False
3662,4428,False
2597,4430,False
4718,4432,True
2263,4433,False
3540,4434,False
510,4436,True
1040,4437,False
3517,4438,False
3471,4439,False
1588,4440,False
982,4441,True
2376,4443,False
348,4444,True
4095,4445,False
1433,4451,False
2517,4452,True
4077,4453,True
4095,4454,False
1040,4455,False
1040,4456,False
3060,4457,False
4095,4458,False
4095,4459,False
4252,4461,False
1040,4462,False
4542,4467,False
3519,4467,False
3199,4468,False
1123,4469,False
1919,4471,True
3706,4472,False
3577,4475,False
4847,4476,False
4095,4477,False
1478,4478,False
562,4479,False
3529,4480,True
4520,4481,False
1556,4482,False
4285,4483,True
2746,4484,False
481,4486,False
1040,4487,False
2343,4488,False
2534,4489,True
778,4491,True
4174,4492,False
2563,4493,True
4122,4494,True
1177,4495,False
3821,4496,True
1186,4497,False
4095,4498,False
4612,4500,False
4095,4503,False
1697,4504,False
1756,4505,False
4393,4507,False
994,4508,False
2950,4509,False
481,4511,False
1476,4513,False
4799,4514,False
3438,4516,False
2630,4516,False
2227,4516,False
3908,4518,True
3857,4519,False
3000,4520,False
5110,4521,False
1732,4522,False
4965,4525,False
3280,4526,True
1556,4531,False
3150,4532,True
2648,4533,False
4965,4534,False
4859,4535,False
2780,4536,True
4551,4537,False
1007,4539,False
2162,4542,False
3121,4545,True
3108,4546,True
4725,4548,True
5040,4550,True
4095,4551,False
1260,4552,True
3617,4554,False
1143,4555,True
4513,4558,True
2168,4559,True
1433,4560,False
3426,4563,False
3229,4565,False
1571,4569,False
481,4570,False
1869,4574,False
3812,4575,True
4897,4576,False
5051,4577,False
2486,4578,False
3153,4579,False
1174,4579,False
1127,4579,False
895,4579,False
3980,4579,False
4095,4583,False
4165,4584,False
546,4589,True
4095,4590,False
977,4592,True
4253,4593,True
4522,4594,True
287,4597,False
4510,4598,False
3643,4599,True
688,4600,False
357,4601,True
3637,4603,True
4095,4604,False
3471,4605,False
4077,4606,True
4373,4607,False
1517,4608,True
4095,4609,False
2477,4610,True
4095,4612,False
2274,4615,True
74,4618,False
2275,4621,True
2657,4622,True
193,4625,False
4978,4626,True
3785,4627,True
3010,4628,False
1177,4630,False
1750,4631,True
4547,4632,False
1177,4633,False
1389,4636,False
5051,4637,False
1375,4641,False
4598,4642,False
604,4645,True
3845,4648,False
994,4652,False
1133,4653,False
4095,4655,False
664,4656,False
3003,4657,False
1493,4658,False
4527,4659,False
3023,4660,False
4851,4661,False
1265,4663,False
2597,4664,False
2774,4666,True
3600,4668,False
4095,4669,False
4165,4671,False
92,4672,True
2302,4678,False
2827,4679,False
1835,4684,True
4406,4685,False
3327,4686,False
4520,4688,False
266,4689,False
910,4692,False
3096,4694,False
4095,4697,False
271,4699,False
3957,4702,True
4095,4703,False
3661,4704,True
1880,4705,True
4553,4706,False
4416,4708,False
3226,4710,False
2263,4713,False
3101,4714,False
1859,4716,True
1040,4717,False
4847,4718,False
1139,4719,False
4126,4720,False
2202,4722,False
2472,4723,True
3953,4725,False
2897,4728,False
2675,4729,True
1986,4731,False
2340,4732,False
4418,4734,False
2732,4735,False
4503,4738,True
3476,4743,False
4808,4744,False
1177,4746,False
3200,4747,False
2753,4748,True
2385,4749,False
1675,4752,True
1864,4753,False
1799,4754,False
2734,4755,False
25,4759,False
1405,4759,False
3598,4761,True
1657,4763,True
1803,4766,False
1429,4767,False
4095,4768,False
3737,4771,False
2203,4772,False
1759,4773,False
3381,4774,True
46,4775,False
1871,4776,False
2734,4779,False
1196,4780,True
1478,4781,False
2226,4782,True
1885,4783,True
595,4784,False
1478,4785,False
2069,4789,False
2587,4791,True
2157,4792,True
821,4793,True
3857,4794,False
3321,4796,True
1821,4797,True
4184,4800,False
3661,4801,True
1524,4802,False
1265,4803,False
2109,4804,False
1976,4806,False
3060,4807,False
303,4809,False
4095,4811,False
629,4814,False
345,4817,False
203,4822,True
4965,4824,False
907,4825,True
3553,4828,False
676,4830,False
3341,4832,False
4165,4834,False
1336,4838,False
3877,4840,True
1277,4841,False
3191,4842,False
3873,4843,False
2319,4844,False
4428,4850,False
3082,4851,False
3222,4853,True
3977,4854,False
1186,4855,False
2743,4855,False
5101,4855,False
1694,4855,False
5056,4857,True
3678,4858,False
2922,4860,True
5001,4861,False
3707,4862,False
4540,4864,False
4870,4865,False
2300,4866,False
4362,4868,True
4095,4869,False
341,4870,True
2827,4871,False
3701,4872,True
4547,4874,False
4399,4876,False
1375,4877,False
3542,4881,False
318,4882,True
3483,4883,False
208,4886,True
2942,4888,False
4815,4889,False
3451,4892,True
2619,4894,True
4656,4895,False
2233,4896,False
1731,4897,True
1040,4898,False
2928,4899,True
1675,4902,True
4598,4903,False
1838,4907,True
5073,4910,True
676,4911,False
4166,4912,True
4095,4913,False
798,4916,False
64,4918,False
476,4922,False
1749,4925,False
2743,4926,False
1186,4926,False
5101,4926,False
1694,4926,False
992,4927,False
4418,4928,False
1608,4929,True
2415,4934,True
4783,4935,True
4095,4937,False
1465,4938,False
1655,4939,True
4992,4940,True
1162,4941,True
1367,4942,False
3753,4944,False
2030,4944,False
481,4949,False
1288,4950,True
492,4953,True
2282,4954,False
3688,4955,False
3218,4959,True
3136,4961,False
4095,4964,False
608,4965,False
17,4967,True
4026,4967,True
3009,4968,True
2009,4969,False
4095,4970,False
2250,4972,True
2118,4973,True
1320,4974,False
2966,4975,True
3047,4978,True
2073,4979,True
1746,4981,False
798,4986,False
713,4994,False
900,4995,True
2749,4996,False
4095,4997,False
2305,4998,False
345,4999,False
631,5000,False
3261,5001,False
1463,5002,False
4322,5003,False
1864,5004,True
2649,5005,True
1098,5006,False
434,5010,False
1064,5013,False
201,5013,False
1486,5014,False
1626,5015,False
2897,5016,False
1630,5017,False
3345,5019,False
1346,5020,True
4829,5021,False
4190,5022,True
2620,5024,False
1177,5025,False
4373,5027,False
5107,5028,False
4607,5029,True
2137,5031,True
1976,5031,True
4095,5032,False
4095,5033,False
4932,5034,True
3896,5035,False
3778,5036,True
1349,5041,False
83,5044,True
2988,5050,False
1458,5051,True
2343,5053,False
2079,5054,False
1962,5055,False
2263,5056,False
3392,5057,False
2574,5060,False
4768,5061,False
2188,5064,False
2745,5066,False
4833,5067,False
4841,5068,True
5050,5069,False
1608,5071,False
345,5072,False
1521,5076,False
1995,5077,True
3609,5078,False
4935,5079,False
1759,5080,False
4395,5081,False
3289,5082,True
4923,5083,True
4395,5084,False
2438,5085,False
3082,5086,False
369,5087,True
3023,5088,False
1832,5089,False
1916,5091,False
3694,5092,False
737,5093,False
481,5093,False
340,5096,False
791,5097,True
1761,5098,False
3778,5100,False
2333,5101,False
2486,5102,False
109,5102,False
4529,5103,False
876,5107,True
2712,5108,True
4996,5111,True
4095,5112,False
3711,5113,False
4525,5114,True
4366,5115,True
2633,5117,False
1908,5119,False
545,5120,True
4057,5127,True
3923,5132,False
941,5132,False
1172,5133,True
2743,5135,False
3229,5136,False
3704,5139,True
608,5140,False
3412,5142,False
490,5144,False
2669,5148,False
345,5149,False
591,5150,False
4095,5151,False
4397,5152,True
1421,5153,False
2734,5154,False
1648,5156,True
2396,5158,False
980,5160,False
4607,5162,True
2319,5165,False
4065,5166,False
3438,5167,False
2630,5167,False
2227,5167,False
4074,5169,False
2538,5170,False
2401,5171,False
2261,5172,False
1012,5172,False
4008,5173,False
3337,5175,False
4547,5176,False
2312,5176,False
5110,5177,False
4038,5178,False
3522,5180,False
1145,5182,True
4095,5185,False
2156,5186,False
25,5188,False
4141,5189,True
3837,5191,False
4656,5193,False
1411,5194,False
58,5195,False
4095,5197,False
1574,5198,False
1040,5200,False
4095,5202,False
1557,5203,False
782,5204,False
718,5205,False
2669,5206,True
391,5208,False
2079,5209,False
1901,5212,False
2961,5213,True
4826,5214,True
1395,5216,False
4651,5217,False
253,5217,False
4095,5218,False
2479,5219,False
3226,5221,False
595,5224,True
2376,5226,False
1557,5228,False
4550,5229,True
1395,5230,False
3580,5231,False
1304,5232,False
639,5234,False
4165,5235,False
3273,5236,True
3269,5237,False
4013,5241,True
2099,5244,True
1731,5245,False
82,5245,False
2479,5248,False
1433,5249,False
5027,5253,False
4166,5254,True
3381,5256,True
954,5257,True
4762,5258,False
2791,5261,True
3026,5263,False
4527,5263,False
1124,5265,False
1177,5268,False
2938,5269,True
733,5270,False
4984,5271,True
3191,5272,False
1973,5272,False
4791,5273,False
1467,5275,False
1887,5276,True
3226,5277,False
1283,5278,False
534,5279,True
228,5280,True
5044,5281,True
2403,5283,False
486,5286,True
2079,5287,False
4184,5289,False
3790,5290,False
4794,5292,False
4134,5293,False
3102,5294,False
2996,5296,True
4330,5297,False
1262,5298,True
1336,5299,False
3813,5300,True
4393,5301,False
2950,5303,False
1045,5305,True
3009,5307,True
759,5309,False
1967,5311,False
1899,5312,True
4510,5313,False
3072,5314,False
4095,5315,False
1250,5316,False
3380,5317,True
239,5318,False
3226,5319,False
3585,5320,False
4607,5321,True
2898,5325,False
4529,5327,False
1139,5328,False
481,5330,False
2168,5331,True
876,5333,False
1486,5334,False
4,5336,False
3341,5337,False
3164,5338,False
3061,5339,False
1118,5340,True
4959,5341,False
631,5342,True
340,5343,False
3191,5344,False
1973,5344,False
79,5346,True
481,5348,False
4165,5352,False
2814,5354,False
18,5355,False
4700,5357,False
1344,5358,True
1395,5359,False
4570,5361,True
3775,5362,True
2629,5363,False
1299,5365,False
1292,5366,False
907,5367,False
582,5368,True
310,5369,True
3009,5370,False
3102,5372,False
3097,5374,True
3262,5375,False
932,5376,True
3784,5379,False
264,5381,False
4607,5382,True
4095,5383,False
1853,5384,False
3234,5387,False
371,5388,False
3939,5390,False
3459,5392,False
1369,5393,False
524,5394,True
4253,5395,False
4663,5396,False
218,5398,False
4165,5399,False
201,5404,False
2120,5405,True
4351,5406,False
358,5407,True
2887,5408,True
2650,5409,True
3205,5410,True
3586,5412,True
676,5413,False
2486,5414,False
4393,5422,False
426,5423,True
179,5424,False
2358,5425,False
3777,5428,True
1186,5430,False
4612,5431,False
1868,5435,False
1844,5439,True
1177,5440,False
2894,5441,False
1973,5442,False
2914,5443,True
3580,5444,True
3573,5445,False
112,5446,True
3236,5449,True
4987,5450,True
2688,5451,False
2549,5453,True
4607,5454,True
1177,5456,False
4967,5457,False
2036,5458,False
3166,5460,False
1177,5461,False
4914,5462,False
676,5463,False
162,5463,False
4607,5464,True
910,5465,False
4501,5466,True
1800,5467,True
994,5468,False
2016,5469,False
4095,5470,False
1040,5472,False
4379,5474,False
1429,5475,False
3384,5476,True
2848,5478,True
4095,5482,False
1177,5483,False
345,5484,False
3775,5485,False
4630,5487,True
1920,5489,False
2485,5491,True
4095,5492,False
4303,5493,True
2867,5495,True
3508,5496,False
274,5496,False
2471,5497,False
3868,5498,False
1601,5502,False
2752,5503,False
2773,5504,False
487,5508,True
4095,5509,False
4232,5512,False
5107,5513,False
2135,5514,False
3937,5515,True
340,5516,True
2193,5517,False
3169,5521,True
2384,5523,False
1486,5525,False
1855,5529,False
155,5530,False
4052,5532,True
1579,5533,False
1040,5535,False
3661,5536,False
3133,5538,False
1700,5539,False
1177,5542,False
1367,5543,False
4700,5546,False
690,5547,True
3251,5548,False
83,5550,False
2340,5551,False
694,5553,False
1935,5554,False
3096,5556,False
173,5558,False
3598,5559,True
2967,5560,True
941,5561,False
1556,5567,False
2734,5568,True
1510,5570,False
1039,5571,False
1694,5573,False
1127,5574,False
4184,5574,False
97,5574,False
1886,5576,False
4547,5577,False
4920,5578,False
4253,5579,False
3059,5580,False
690,5581,True
4859,5586,True
4095,5587,False
3315,5591,False
791,5592,False
4906,5593,True
3502,5596,True
3891,5597,True
2308,5598,False
1040,5602,False
1096,5607,False
1747,5608,True
1903,5610,False
4072,5611,True
2438,5612,False
2268,5613,True
452,5615,False
345,5618,True
2515,5624,False
3366,5625,True
2446,5627,True
4754,5631,False
3779,5635,False
994,5636,False
836,5638,True
4095,5639,False
4095,5640,False
227,5641,True
1058,5642,True
2079,5643,False
3125,5644,False
4095,5645,False
3503,5646,True
1977,5648,False
322,5650,True
4532,5651,False
2398,5652,False
4102,5654,False
3185,5656,False
992,5658,False
2988,5659,False
139,5660,True
3882,5661,True
2773,5662,False
3923,5663,False
2746,5664,False
1040,5666,False
4809,5669,False
3345,5670,False
531,5671,True
353,5672,False
4095,5674,False
3873,5679,False
824,5679,False
72,5682,False
1899,5683,True
853,5684,True
4095,5685,False
2668,5686,True
2085,5687,True
1977,5689,False
2741,5691,False
3683,5693,False
907,5694,False
4119,5695,False
4548,5699,False
1431,5702,False
2814,5703,False
1868,5704,False
2054,5705,True
1968,5706,False
663,5707,True
2204,5708,True
1647,5709,True
1413,5710,False
3657,5712,True
1357,5713,False
2220,5714,True
2596,5716,True
3609,5717,False
1677,5719,True
1590,5721,False
3520,5722,False
5106,5723,True
253,5724,False
2109,5726,False
4095,5727,False
2515,5728,False
3648,5731,True
4179,5732,True
1797,5733,False
1216,5735,True
2153,5736,False
1405,5737,True
3268,5740,False
3199,5741,False
1264,5742,True
2079,5744,False
1922,5746,False
298,5747,False
2795,5750,True
3696,5751,True
736,5752,True
3226,5753,False
74,5755,False
3381,5756,True
1920,5757,False
1429,5759,True
2425,5760,True
1040,5761,False
3396,5762,True
4095,5764,False
1769,5765,False
2632,5766,False
3868,5767,False
1040,5769,False
2081,5770,False
4237,5771,False
3825,5772,True
4920,5773,False
1865,5775,True
631,5777,False
3495,5778,True
2427,5779,False
4537,5781,True
3226,5782,False
2883,5784,True
481,5785,False
3565,5788,False
3732,5789,True
3616,5790,False
3938,5791,False
2754,5792,False
3975,5792,False
2919,5793,True
4560,5794,True
3153,5796,False
1174,5796,False
895,5796,False
4095,5797,False
1326,5798,True
3476,5799,False
2708,5803,True
100,5805,False
4743,5806,True
4095,5807,False
1963,5809,False
1759,5812,False
676,5815,False
202,5818,False
994,5819,False
4577,5821,True
3915,5824,False
481,5825,False
2589,5827,False
1593,5828,False
2566,5829,False
228,5831,True
2087,5832,False
1973,5834,False
4662,5835,False
1177,5836,False
4252,5837,False
2745,5838,False
4345,5839,True
4393,5841,False
1040,5842,False
3246,5843,True
2529,5844,True
1693,5846,False
1189,5846,False
3096,5850,False
4173,5852,True
5048,5853,False
4607,5854,True
1040,5855,False
3048,5858,True
2751,5861,True
1875,5862,False
554,5863,False
2079,5868,False
1006,5869,True
505,5870,False
4252,5872,False
994,5877,False
3939,5879,False
1339,5880,False
4798,5881,False
1087,5882,True
1219,5883,False
3617,5886,False
2246,5889,False
4419,5893,False
755,5894,False
3897,5896,False
4373,5897,False
570,5898,False
1351,5899,True
1040,5900,True
2645,5901,True
1715,5902,False
5043,5903,True
1328,5905,False
4607,5908,True
1527,5909,False
2788,5910,True
2741,5911,False
4095,5913,False
3272,5914,False
3287,5915,True
2477,5916,False
3426,5918,True
2302,5919,False
3565,5921,False
1258,5922,True
661,5923,False
633,5925,False
2547,5926,False
2109,5929,False
4793,5932,True
4077,5934,True
1552,5939,True
1428,5940,False
3226,5941,False
4607,5942,True
3554,5943,True
2399,5944,True
4428,5945,True
2220,5946,True
4126,5947,False
1043,5948,True
2476,5950,True
2579,5953,False
1776,5954,False
4347,5957,False
4108,5958,True
2594,5960,False
4095,5961,False
431,5962,False
645,5963,True
4095,5965,False
2930,5966,False
2809,5969,True
1040,5970,False
3191,5971,False
1916,5972,False
1755,5973,False
3601,5975,False
3471,5977,False
1562,5979,True
1349,5981,False
1040,5983,False
4393,5985,False
1040,5986,False
2263,5987,True
1776,5988,True
907,5990,False
3938,5992,True
910,5993,False
4920,5995,False
2152,5996,False
4077,5997,True
4165,5999,False
4373,6001,False
3900,6002,True
2269,6003,False
4317,6004,False
2632,6006,False
3923,6007,False
661,6014,False
2102,6017,False
2506,6018,True
1040,6021,False
3251,6022,True
5071,6024,True
1625,6025,False
3802,6027,False
715,6028,True
312,6029,True
481,6030,False
4898,6031,True
572,6033,False
1186,6035,False
1339,6036,False
5084,6036,False
2690,6037,True
4373,6039,False
2745,6040,False
3857,6041,False
966,6042,False
4211,6044,True
4252,6046,False
367,6047,True
3525,6048,False
2196,6049,True
3772,6051,True
2581,6053,False
2162,6055,False
3784,6059,False
5092,6062,True
345,6063,True
4393,6064,False
3226,6065,False
2648,6066,False
138,6067,True
4528,6068,False
3696,6069,True
481,6070,False
2427,6071,False
1328,6074,False
2289,6075,True
910,6076,False
2566,6079,False
4754,6086,False
3166,6087,True
1177,6089,False
2817,6090,True
481,6092,False
3904,6093,True
4809,6094,True
4607,6097,True
2505,6098,False
1868,6101,False
2312,6103,False
1357,6104,False
2014,6109,True
2282,6110,False
1756,6111,False
2422,6122,True
241,6125,True
2340,6126,False
2957,6127,False
2087,6128,False
1177,6130,False
2906,6131,False
1365,6135,True
4538,6136,False
1093,6138,True
1110,6141,False
247,6142,False
4967,6143,False
773,6144,True
4077,6145,True
4837,6146,False
1930,6147,False
4666,6148,True
2549,6150,False
1538,6151,False
4095,6152,False
4530,6153,True
4596,6154,True
2897,6155,False
4095,6156,False
4625,6158,True
2751,6160,False
3100,6162,False
602,6166,False
1712,6167,True
4095,6169,False
829,6174,True
1174,6175,False
2815,6176,True
1568,6177,False
1883,6178,True
1040,6179,False
1234,6180,False
1694,6183,False
2773,6185,True
819,6186,True
2518,6187,True
1257,6188,True
4486,6190,True
1868,6191,False
111,6192,False
4395,6193,True
4962,6195,False
4994,6198,False
283,6199,False
4390,6200,True
2267,6201,True
2549,6202,False
1868,6203,False
2275,6205,True
2403,6207,False
1336,6208,False
207,6209,False
5107,6210,False
4656,6214,False
1782,6215,True
1478,6219,True
3491,6221,True
5016,6223,False
846,6226,False
3784,6227,False
2203,6232,False
3201,6233,False
13,6236,False
3810,6237,False
3326,6240,False
3812,6241,True
3459,6242,False
4991,6244,False
1300,6245,False
776,6247,False
3873,6248,False
1246,6249,True
2170,6250,True
4393,6251,False
1010,6252,False
570,6253,False
2282,6255,True
1986,6258,False
3272,6260,False
2965,6261,False
1040,6262,False
1232,6264,False
4883,6265,True
1977,6267,False
1657,6271,False
2353,6274,True
2764,6277,False
2683,6278,True
3245,6282,False
2831,6283,True
1258,6284,True
1626,6286,False
1460,6288,True
3458,6289,True
1630,6291,False
1177,6293,False
1438,6295,True
1571,6297,False
4524,6298,False
1700,6300,False
1601,6304,True
2622,6305,False
4416,6310,False
603,6312,False
133,6312,False
2486,6313,False
109,6313,False
2463,6314,False
290,6317,False
1177,6322,False
1478,6323,False
3206,6324,True
2669,6325,True
2267,6326,True
2548,6327,False
3102,6329,False
1708,6330,False
1832,6332,False
554,6333,True
5024,6334,True
3122,6335,True
4405,6336,False
636,6339,True
3191,6340,False
1973,6340,False
4095,6341,False
4184,6342,False
3661,6343,False
4095,6345,False
4356,6346,False
3753,6347,False
2030,6347,False
2477,6348,False
606,6350,False
3471,6351,False
3226,6353,False
2661,6354,False
3226,6356,False
4165,6358,False
4276,6360,True
2427,6361,False
1691,6369,False
1486,6370,False
4979,6371,True
959,6373,False
4095,6375,False
4095,6377,False
2805,6378,True
4122,6382,False
2131,6383,True
2398,6385,False
2957,6386,False
4399,6390,False
2343,6392,False
173,6393,True
2475,6394,True
2227,6395,False
2597,6396,False
1301,6397,False
3381,6398,False
1838,6399,False
910,6400,False
2791,6401,True
4948,6402,True
4971,6403,False
743,6404,False
3749,6405,False
3403,6408,False
302,6412,True
4964,6415,True
3191,6416,False
4095,6417,False
3741,6419,True
4095,6423,False
969,6424,False
1040,6426,False
3796,6427,False
2543,6429,True
4095,6431,False
900,6433,True
629,6434,False
3102,6435,False
2760,6436,False
1275,6436,False
3226,6437,False
2426,6438,True
670,6441,True
615,6442,False
4373,6443,False
2632,6446,False
3082,6447,False
2589,6450,True
4844,6451,False
3471,6453,False
3107,6454,False
1124,6455,False
940,6457,True
2295,6461,False
3166,6462,False
3824,6464,False
3753,6465,False
2030,6465,False
2042,6467,True
978,6469,False
4237,6470,False
626,6471,False
3747,6472,False
1973,6473,True
4095,6475,False
1366,6476,False
5054,6477,True
649,6479,True
1040,6480,False
4665,6481,False
3697,6482,True
4095,6483,False
3867,6484,True
2272,6485,True
3096,6486,False
4928,6487,False
3753,6489,False
2030,6489,False
1055,6494,True
907,6496,False
602,6500,True
2632,6502,False
4547,6503,True
1249,6504,False
3551,6505,False
17,6506,True
4026,6506,True
3009,6507,True
4030,6508,False
2741,6509,False
3073,6510,True
1297,6512,True
843,6514,False
4827,6515,True
1524,6516,False
3506,6517,True
337,6518,False
3272,6521,False
4095,6523,False
1977,6525,False
4028,6527,True
4707,6528,False
1467,6529,False
4592,6530,False
2305,6531,False
1495,6531,False
4598,6532,False
3412,6535,False
4095,6536,False
1032,6537,True
909,6539,False
2547,6540,True
2343,6543,True
1347,6544,False
4248,6545,False
152,6546,True
4066,6547,True
4808,6549,False
3796,6550,False
4371,6552,False
1593,6555,True
4095,6558,False
1833,6559,False
758,6561,False
4165,6563,False
798,6564,False
4095,6567,False
4829,6570,False
2137,6572,True
2305,6573,False
3386,6574,False
852,6576,True
4702,6579,True
4222,6581,True
4612,6586,False
1177,6587,False
4819,6588,False
4030,6589,True
1174,6593,False
83,6594,False
4607,6600,False
4658,6603,True
345,6605,True
2495,6607,False
4237,6607,False
4587,6608,False
2509,6609,False
4095,6610,False
5,6612,False
4095,6615,False
3480,6616,False
1368,6618,True
22,6619,True
4607,6620,True
2002,6621,True
1552,6623,False
1917,6625,False
4008,6625,False
4983,6625,False
3583,6626,False
134,6627,False
1287,6628,False
4391,6629,False
2393,6630,True
1177,6632,False
33,6633,False
4800,6634,False
1177,6635,False
1626,6639,False
4406,6639,False
1291,6640,True
2892,6643,False
2174,6644,True
3064,6645,False
2101,6646,True
4527,6647,False
2143,6648,False
4393,6650,True
1110,6651,False
2079,6655,False
4662,6656,False
4401,6659,False
2185,6664,True
1929,6666,True
2669,6667,True
2358,6671,False
1245,6672,True
1040,6673,False
4024,6674,False
1705,6675,False
4034,6679,True
1775,6681,True
633,6685,False
2615,6687,False
1958,6690,True
4425,6693,True
2358,6694,False
1287,6697,False
4165,6698,False
4095,6700,False
4868,6701,False
2922,6702,False
4842,6703,False
1177,6704,False
1856,6705,True
2322,6706,False
2255,6708,False
608,6709,False
4959,6710,False
2203,6712,False
3202,6715,False
1845,6716,False
2363,6717,False
1094,6717,False
117,6718,True
2957,6722,False
4095,6723,False
2016,6724,False
5,6725,True
2486,6726,False
109,6726,False
1073,6727,False
5002,6728,False
1843,6729,False
505,6731,False
3059,6732,False
1659,6734,True
4,6738,True
953,6739,True
3953,6740,False
3842,6741,True
2732,6742,False
4095,6744,False
1506,6745,False
4095,6748,False
3784,6750,False
1524,6753,False
3032,6753,False
4165,6754,False
432,6756,False
4607,6761,True
5053,6763,False
1814,6764,True
2681,6765,True
852,6766,False
2039,6768,True
1484,6769,False
3938,6771,False
3955,6772,True
1909,6774,False
3403,6776,False
658,6778,False
3565,6779,False
3951,6784,True
781,6785,False
3059,6786,False
1616,6787,False
4261,6788,False
481,6789,False
4386,6792,False
3273,6793,True
4598,6795,False
480,6799,True
3879,6801,True
4336,6805,True
2560,6806,False
4351,6811,False
4547,6814,False
1855,6815,False
2734,6816,False
72,6818,False
25,6819,False
2418,6821,True
2485,6822,False
5100,6824,True
1759,6826,False
3814,6827,False
3225,6831,False
2897,6832,False
887,6833,True
1486,6834,False
1433,6836,False
3706,6837,False
970,6839,False
1986,6840,False
2418,6841,True
4719,6844,False
3345,6845,False
2122,6846,True
3072,6848,False
1571,6850,False
4800,6854,False
221,6856,True
4095,6857,False
882,6858,True
4703,6860,True
2136,6863,False
539,6864,True
4237,6865,False
1977,6868,False
2062,6869,True
634,6872,False
5054,6873,False
4146,6873,False
4135,6873,False
1053,6875,False
1982,6876,False
1040,6877,False
4095,6878,False
1749,6879,True
4399,6884,False
1040,6885,False
3829,6885,False
4598,6886,False
4273,6887,False
667,6888,True
3503,6889,False
3114,6893,True
4095,6898,False
4077,6899,True
4095,6900,False
4967,6902,False
4822,6904,True
3026,6904,False
4165,6906,False
4847,6910,True
4614,6911,True
614,6912,False
1730,6913,True
1186,6914,False
2743,6914,False
5101,6914,False
1694,6914,False
2249,6915,False
4598,6918,False
1495,6929,False
4538,6930,False
2312,6931,False
2969,6931,False
4184,6931,False
555,6932,True
4818,6933,True
3708,6934,False
3390,6936,False
2917,6939,True
1403,6944,True
1258,6945,True
3061,6946,True
1059,6949,True
4936,6950,False
4640,6951,False
4095,6953,False
3023,6954,False
4095,6955,False
4095,6956,False
3225,6957,False
361,6960,False
539,6961,True
4077,6964,True
4598,6965,False
3262,6966,False
170,6972,True
1624,6974,True
1009,6975,True
1004,6978,True
676,6981,False
1915,6982,False
3656,6984,False
2240,6985,True
295,6986,False
4860,6988,True
2645,6992,True
3486,6994,False
3229,6994,False
761,6994,False
2534,6995,False
3230,6998,True
3923,6999,False
4095,7000,False
1626,7001,False
3525,7003,False
862,7006,True
2303,7007,True
4095,7009,False
1040,7012,False
3529,7014,False
1476,7015,False
4373,7017,False
676,7018,False
4607,7020,True
2997,7024,False
199,7025,True
910,7026,False
3784,7031,False
1186,7032,False
1847,7033,True
2225,7038,False
676,7041,False
4095,7045,False
4405,7046,True
5047,7047,False
1040,7048,False
4623,7049,True
3594,7050,False
2283,7052,False
1012,7053,False
3779,7054,False
3465,7055,False
1357,7056,False
4521,7059,False
2922,7064,False
1581,7067,True
4798,7068,False
619,7069,True
4373,7070,False
2153,7071,False
1433,7075,False
2925,7080,False
4469,7081,True
2016,7082,False
4095,7086,False
907,7090,False
453,7094,True
4607,7095,True
4227,7096,False
1064,7097,False
432,7102,False
2669,7103,False
1700,7111,False
190,7112,False
828,7115,True
481,7116,False
2248,7120,True
2109,7121,False
3082,7121,False
1177,7122,False
4013,7123,True
443,7125,False
1756,7127,False
3101,7131,False
1573,7135,True
1302,7139,True
1395,7147,False
3923,7148,False
941,7148,False
3939,7149,False
69,7150,True
3661,7151,False
4768,7152,False
1986,7157,False
3059,7159,False
2430,7160,True
679,7166,True
3403,7167,False
4121,7168,False
3385,7169,False
201,7170,False
1244,7172,False
3726,7173,False
2726,7174,False
725,7175,True
4810,7176,True
4386,7179,True
2015,7180,True
3960,7184,False
3269,7185,True
201,7186,False
3048,7187,False
3280,7190,False
4598,7191,False
2340,7192,False
3565,7193,False
4184,7195,False
841,7199,False
2815,7200,True
1931,7203,True
1756,7204,False
4565,7205,True
3463,7207,False
1581,7209,True
4784,7210,False
4095,7213,False
4486,7215,False
3471,7216,False
1906,7217,True
1218,7218,True
2359,7220,True
1375,7221,False
340,7223,False
3725,7225,True
3923,7226,False
4862,7227,False
2263,7228,False
4095,7229,False
4095,7230,False
3006,7231,False
1895,7231,False
4990,7233,False
2058,7235,True
2598,7236,True
14,7237,True
4095,7239,False
907,7240,False
3957,7241,False
3381,7244,False
1168,7245,True
2767,7251,False
278,7252,False
767,7255,True
2179,7257,False
4025,7258,False
1799,7259,False
471,7260,True
1025,7261,True
589,7262,True
1982,7263,True
1021,7264,True
4664,7266,False
3393,7268,True
522,7269,False
4641,7270,True
714,7271,False
4095,7273,False
3009,7275,True
4179,7276,True
4780,7278,False
566,7280,False
1986,7281,False
3535,7282,False
4294,7283,False
4268,7284,True
2503,7288,True
4563,7289,False
1040,7290,False
1401,7291,True
3226,7294,False
3609,7296,False
1039,7297,False
950,7300,False
4077,7301,True
4631,7302,False
2083,7304,False
3796,7307,False
4798,7308,False
523,7311,True
3721,7314,True
3749,7315,False
2082,7316,False
608,7318,True
773,7321,False
2726,7322,False
1472,7324,False
1364,7326,True
1900,7327,False
641,7328,False
283,7329,False
1040,7330,False
3911,7332,True
2554,7333,False
5083,7335,False
3234,7337,False
2983,7339,True
600,7340,True
910,7341,False
4547,7342,False
4095,7344,False
3752,7345,False
4800,7346,False
4860,7350,True
4393,7351,False
1866,7355,False
773,7356,True
1040,7358,False
731,7359,True
696,7360,False
572,7361,True
1433,7364,False
1315,7365,False
4771,7366,False
4235,7368,False
3153,7369,False
4800,7370,False
2430,7373,False
3242,7375,False
1103,7376,True
1397,7378,True
693,7379,True
3197,7383,False
4420,7386,True
168,7387,True
2794,7388,True
4095,7390,False
3923,7394,False
740,7397,False
70,7398,False
4984,7399,False
2263,7402,False
2365,7404,True
2734,7406,False
208,7408,False
3585,7409,False
2263,7410,True
5048,7411,False
4395,7414,False
100,7415,True
3600,7417,False
1265,7418,False
686,7419,False
411,7424,False
1300,7425,False
3023,7428,False
4393,7434,False
500,7436,True
4086,7437,True
1777,7440,False
4095,7442,False
1935,7443,False
5029,7444,False
5051,7445,False
1110,7446,False
1249,7447,True
3422,7448,True
4373,7452,False
4095,7456,False
1433,7457,False
1955,7458,False
134,7460,False
2746,7461,False
2505,7466,False
2674,7467,True
950,7468,False
2294,7469,False
4095,7470,False
3122,7471,False
3679,7472,True
676,7473,False
1552,7474,False
3868,7476,False
2179,7478,False
4478,7479,False
4393,7480,False
2786,7484,True
3341,7487,False
1040,7489,False
3101,7490,False
2484,7491,True
3061,7492,False
4222,7492,False
2423,7496,True
2669,7497,False
3057,7498,False
1799,7499,False
4076,7500,True
4097,7504,True
3226,7506,False
4095,7507,False
734,7508,True
1040,7509,False
1186,7510,True
2467,7511,False
1315,7512,True
2669,7513,True
1212,7514,False
1218,7516,False
699,7516,False
4592,7519,False
1177,7520,False
1429,7521,False
69,7525,True
3786,7526,True
2445,7529,True
4607,7531,True
3397,7532,False
3679,7533,False
2819,7534,True
4095,7535,False
1657,7536,False
2377,7537,True
1877,7538,True
676,7539,False
1626,7540,False
2804,7541,True
4253,7542,False
1756,7543,False
1818,7545,False
3082,7546,False
2109,7546,False
3477,7547,False
3477,7551,False
3737,7552,False
1571,7554,False
2823,7555,False
4095,7557,False
3549,7558,False
186,7560,True
1139,7562,False
2149,7564,False
290,7565,False
2732,7568,False
494,7569,True
1522,7571,True
3226,7573,False
1557,7574,True
676,7575,False
201,7577,False
1977,7579,False
1242,7580,True
3939,7581,False
4598,7582,False
290,7583,False
5053,7584,False
799,7586,False
3229,7591,False
4077,7592,True
4187,7593,False
2058,7596,False
3438,7597,False
2630,7597,False
2227,7597,False
63,7598,False
5110,7599,True
2632,7602,False
3923,7604,False
3923,7610,False
3381,7615,True
2080,7616,False
963,7618,True
4132,7619,True
250,7622,True
387,7623,True
3191,7624,False
1973,7624,False
2162,7626,False
1038,7627,True
717,7628,False
567,7632,True
2315,7633,True
1821,7637,True
1003,7638,True
1759,7639,True
1073,7640,False
2669,7642,True
3200,7644,True
4780,7648,False
2328,7650,False
4208,7651,True
3565,7655,False
1832,7657,False
2219,7658,True
751,7661,False
609,7662,True
3499,7664,False
4030,7667,False
1777,7670,False
3079,7671,False
3939,7672,False
2864,7673,True
550,7674,True
4264,7675,False
1538,7677,True
4260,7678,False
1292,7678,False
1982,7679,False
2340,7680,False
3476,7681,False
2606,7685,True
464,7687,True
644,7690,True
3226,7691,False
5075,7692,False
4095,7694,False
4057,7695,True
1011,7696,True
74,7697,False
4154,7699,True
2214,7700,True
4923,7703,True
1907,7706,False
4844,7707,False
3424,7709,False
4249,7710,False
2312,7711,False
420,7715,False
3845,7716,False
1331,7717,False
5048,7720,False
4184,7721,False
1127,7721,False
97,7721,False
334,7722,False
4967,7726,False
3020,7728,False
1684,7730,True
2964,7731,True
2994,7734,True
2517,7735,False
294,7736,False
2322,7737,False
3101,7738,False
1040,7743,False
3923,7745,False
4565,7748,False
4077,7750,True
3460,7752,False
2639,7754,False
2450,7755,True
798,7756,False
1774,7757,False
2997,7758,False
114,7762,True
933,7763,False
914,7764,False
1040,7767,False
4095,7769,False
168,7772,True
1977,7773,False
3293,7775,True
2730,7776,True
3153,7777,True
2109,7778,False
4909,7780,True
1433,7781,False
1777,7785,False
1895,7786,True
3971,7788,True
2202,7790,False
4645,7791,False
669,7791,False
4819,7792,False
345,7793,False
2345,7794,False
3549,7795,False
1127,7798,False
3746,7800,False
1177,7801,False
4844,7802,False
907,7804,False
4164,7806,True
3862,7807,False
2726,7808,False
