,D1,D2,responses,s-weight
0,0,886,False,0.0
1,1,151,True,0.8500992059707642
2,2,33,True,0.693985104560852
3,2,426,False,0.0
4,3,192,True,0.7924919128417969
5,4,150,False,0.5674326419830322
6,5,188,True,0.9115794897079468
7,6,210,True,0.8805310726165771
8,7,158,True,0.7725402116775513
9,8,37,False,0.8073380589485168
10,9,174,False,0.6565989255905151
11,9,144,False,0.7141516208648682
12,9,176,True,0.7359963655471802
13,9,742,False,0.6219945549964905
14,9,57,False,0.6162020564079285
15,9,138,False,0.7511587142944336
16,10,174,False,0.6132847666740417
17,10,144,False,0.6753526926040649
18,10,176,False,0.6258257031440735
19,11,174,False,0.6582702398300171
20,11,144,False,0.7146449685096741
21,11,176,False,0.7147384881973267
22,11,743,False,0.5217571258544922
23,11,57,False,0.6112827062606812
24,12,58,True,0.7346283793449402
25,13,194,True,0.743789792060852
26,13,58,False,0.7357203960418701
27,14,333,False,0.0
28,15,333,False,0.0
29,16,832,False,0.8209410309791565
30,16,482,False,0.7645244002342224
31,17,830,True,0.8626929521560669
32,17,564,False,0.0
33,18,208,True,0.7650308012962341
34,19,39,False,0.8561871647834778
35,19,40,True,0.8691810369491577
36,20,40,False,0.8674687147140503
37,21,193,True,0.6827123761177063
38,22,62,True,0.6304551362991333
39,22,737,False,0.5001057386398315
40,23,969,False,0.0
41,23,479,True,0.7294721007347107
42,23,1029,False,0.7374861240386963
43,24,42,True,0.790092945098877
44,25,21,True,0.7583839893341064
45,26,198,True,0.8161170482635498
46,27,47,True,0.7969740629196167
47,28,48,True,0.8102511167526245
48,29,41,False,0.784993052482605
49,29,43,False,0.7356923818588257
50,30,41,False,0.7894056439399719
51,30,43,False,0.716267466545105
52,31,631,True,0.7312018275260925
53,32,174,True,0.7174170613288879
54,32,50,False,0.6605406403541565
55,32,1060,False,0.7275676727294922
56,32,57,False,0.673052966594696
57,32,34,False,0.6927186250686646
58,32,35,False,0.6772329807281494
59,32,742,False,0.7066041827201843
60,32,234,False,0.0
61,33,195,True,0.725104570388794
62,35,196,True,0.7402787804603577
63,36,225,False,0.798897922039032
64,37,167,True,0.8396669030189514
65,37,385,False,0.7564424276351929
66,38,189,False,0.7716789841651917
67,39,969,True,0.7901579141616821
68,40,54,False,0.7005805373191833
69,40,33,False,0.0
70,41,796,True,0.8279972076416016
71,41,797,False,0.7762863636016846
72,42,796,False,0.835773766040802
73,42,385,False,0.5077804327011108
74,42,797,True,0.8006364107131958
75,43,220,False,0.5663771033287048
76,43,342,False,0.8675163984298706
77,43,175,True,0.8614248037338257
78,43,820,False,0.0
79,44,191,False,0.79584801197052
80,45,762,False,0.6060732007026672
81,45,219,False,0.6991748809814453
82,46,214,False,0.0
83,46,1058,False,0.6175200343132019
84,46,209,True,0.6802927851676941
85,47,79,True,0.7082990407943726
86,47,521,False,0.0
87,48,63,True,0.7347062230110168
88,49,101,True,0.8277039527893066
89,50,55,True,0.7652076482772827
90,51,350,True,0.8364444971084595
91,52,61,True,0.6943966746330261
92,53,116,False,0.6049063205718994
93,53,124,True,0.778295636177063
94,54,64,False,0.7369710206985474
95,55,101,False,0.7622973918914795
96,56,106,True,0.7171605825424194
97,57,105,True,0.7479636073112488
98,57,539,False,0.0
99,58,20,False,0.0
100,59,165,False,0.0
101,59,166,False,0.0
102,59,16,True,0.6251752376556396
103,60,157,False,0.6632593870162964
104,60,676,False,0.4905269742012024
105,61,77,True,0.8169856071472168
106,62,59,True,0.8184784650802612
107,63,1024,False,0.0
108,63,344,False,0.0
109,64,72,True,0.7331671714782715
110,65,74,True,0.7328221797943115
111,66,312,True,0.8849096298217773
112,66,724,False,0.0
113,67,221,False,0.6715171933174133
114,68,1058,False,0.6325357556343079
115,69,571,False,0.4760621190071106
116,70,937,True,0.7889299392700195
117,71,342,False,0.6987338066101074
118,71,175,False,0.7028117179870605
119,71,1058,False,0.0
120,72,76,True,0.8339613080024719
121,72,77,False,0.801327109336853
122,73,682,False,0.0
123,73,219,False,0.7048252820968628
124,74,781,False,0.0
125,74,219,False,0.6863584518432617
126,75,224,True,0.6533671617507935
127,76,286,False,0.0
128,76,111,True,0.6049408912658691
129,77,342,False,0.6686807870864868
130,77,175,False,0.6977222561836243
131,77,1058,False,0.0
132,78,80,True,0.7866072654724121
133,79,146,True,0.8757666349411011
134,80,75,True,0.8476784825325012
135,81,647,False,0.6510844230651855
136,81,254,False,0.5280560851097107
137,82,68,True,0.8094321489334106
138,83,197,True,0.7920063734054565
139,84,145,True,0.8819739818572998
140,84,146,False,0.5515085458755493
141,85,152,True,0.598901093006134
142,85,555,False,0.0
143,86,207,True,0.7462651133537292
144,87,71,True,0.766067624092102
145,87,272,False,0.0
146,87,676,False,0.5147364139556885
147,88,49,True,0.7770602107048035
148,89,20,True,0.598453164100647
149,90,84,False,0.7572855353355408
150,91,85,False,0.7366805672645569
151,92,85,False,0.7275736927986145
152,93,86,False,0.7677082419395447
153,93,924,False,0.7541616559028625
154,93,96,True,0.8087298274040222
155,94,924,False,0.7666954398155212
156,94,97,True,0.8226574659347534
157,94,83,False,0.785091757774353
158,95,85,False,0.7745356559753418
159,96,84,False,0.783025324344635
160,97,38,True,0.8124895095825195
161,98,190,False,0.6320429444313049
162,99,18,True,0.7716753482818604
163,100,26,True,0.8034623861312866
164,101,133,True,0.7378460764884949
165,102,206,False,0.7313820123672485
166,102,320,False,0.6062846183776855
167,102,386,False,0.5994738340377808
168,103,165,False,0.5373536348342896
169,103,166,False,0.5951519012451172
170,104,112,True,0.7497797012329102
171,105,465,False,0.7465401887893677
172,105,466,True,0.8178670406341553
173,106,91,True,0.7025622129440308
174,107,313,True,0.8574084043502808
175,108,121,True,0.7680976390838623
176,109,84,False,0.7287731766700745
177,109,100,False,0.7662501335144043
178,109,98,True,0.8837992548942566
179,109,83,False,0.6442035436630249
180,110,84,False,0.7647364735603333
181,110,100,True,0.8848183155059814
182,110,98,False,0.8171926736831665
183,111,351,False,0.7851802110671997
184,111,354,False,0.7298637628555298
185,111,243,False,0.6347457766532898
186,112,51,True,0.8761059045791626
187,113,222,False,0.5782669186592102
188,113,476,False,0.6108832359313965
189,114,122,True,0.8187698721885681
190,116,25,True,0.7404458522796631
191,117,509,False,0.7056658267974854
192,117,142,True,0.7077754735946655
193,118,129,True,0.8157883882522583
194,119,119,False,0.5422106385231018
195,120,173,False,0.7708468437194824
196,120,265,True,0.7892615795135498
197,121,126,True,0.7238704562187195
198,122,135,True,0.6986919045448303
199,122,331,False,0.0
200,123,78,False,0.8026598691940308
201,124,82,True,0.5886571407318115
202,125,127,True,0.7808743119239807
203,126,29,True,0.5628272891044617
204,127,27,False,0.6499035954475403
205,128,27,True,0.6683498024940491
206,129,856,True,0.7123980522155762
207,129,349,False,0.6555378437042236
208,129,904,False,0.6466189622879028
209,130,200,False,0.7379722595214844
210,131,172,True,0.7805088758468628
211,132,148,True,0.8548662066459656
212,133,199,True,0.6505180597305298
213,133,273,False,0.0
214,134,9,True,0.8006414175033569
215,135,143,True,0.6635006666183472
216,136,356,True,0.5968942642211914
217,137,401,False,0.4422243237495422
218,137,235,True,0.8381183743476868
219,138,28,False,0.455936074256897
220,139,904,False,0.7011639475822449
221,140,856,False,0.7035985589027405
222,140,349,True,0.8473646640777588
223,141,933,True,0.720308780670166
224,141,170,False,0.676654577255249
225,142,933,False,0.7581043243408203
226,142,170,True,0.7534628510475159
227,143,463,False,0.4800814986228943
228,143,242,True,0.7821688652038574
229,144,1030,False,0.597403883934021
230,144,275,True,0.8359684348106384
231,146,173,False,0.6854788064956665
232,146,138,True,0.8182699680328369
233,147,331,False,0.7762038111686707
234,148,351,False,0.6263883709907532
235,148,354,False,0.6919370889663696
236,148,243,False,0.7030038833618164
237,149,221,False,0.5406694412231445
238,149,267,False,0.5989943742752075
239,150,205,True,0.8115053176879883
240,151,186,False,0.564881443977356
241,152,173,True,0.8608263731002808
242,152,265,False,0.7798459529876709
243,153,244,False,0.7035458087921143
244,154,237,True,0.813781201839447
245,155,134,True,0.6508843898773193
246,156,187,True,0.666939914226532
247,157,560,False,0.0
248,157,501,False,0.0
249,157,897,False,0.0
250,157,700,False,0.6111193299293518
251,157,62,False,0.5960884094238281
252,157,739,False,0.0
253,157,710,False,0.0
254,157,1042,False,0.0
255,158,204,True,0.6781685948371887
256,158,236,False,0.6156083941459656
257,159,236,True,0.7026991844177246
258,159,408,False,0.0
259,160,4,True,0.8291702270507812
260,161,234,False,0.5641891956329346
261,162,110,False,0.7097240686416626
262,163,232,True,0.8063901662826538
263,164,73,True,0.7770768404006958
264,165,32,True,0.6983532905578613
265,166,814,True,0.7590185403823853
266,168,938,False,0.0
267,168,255,True,0.5865597724914551
268,169,245,True,0.8020297884941101
269,169,932,False,0.0
270,170,156,False,0.7383576035499573
271,170,155,False,0.7030324935913086
272,171,45,True,0.7078772783279419
273,172,257,True,0.8578674793243408
274,172,354,False,0.7280300855636597
275,174,276,False,0.7129070162773132
276,174,179,False,0.6867880821228027
277,175,180,False,0.6295668482780457
278,175,277,False,0.6359174847602844
279,175,276,False,0.7390397787094116
280,175,611,False,0.0
281,176,156,False,0.789877712726593
282,176,157,False,0.698984682559967
283,176,631,False,0.0
284,176,155,False,0.8007745742797852
285,177,445,True,0.669906735420227
286,178,165,False,0.5132242441177368
287,179,166,False,0.4732512831687927
288,179,291,False,0.5614051222801208
289,180,130,True,0.7111300230026245
290,181,132,False,0.7604963183403015
291,181,130,False,0.7378539443016052
292,181,131,False,0.6356878876686096
293,182,160,True,0.8452868461608887
294,183,278,True,0.7050655484199524
295,184,206,False,0.6765068769454956
296,184,527,False,0.6746906638145447
297,184,272,True,0.7271506786346436
298,184,291,False,0.6732511520385742
299,184,299,False,0.7227591872215271
300,185,314,True,0.8145135641098022
301,186,424,False,0.6998208165168762
302,186,352,False,0.761021614074707
303,187,311,True,0.8192003965377808
304,187,274,False,0.7560970783233643
305,188,854,True,0.8179047107696533
306,189,557,False,0.0
307,189,264,True,0.8317571878433228
308,190,137,True,0.6862815618515015
309,191,136,True,0.7118828892707825
310,192,261,True,0.7803084850311279
311,192,439,False,0.7227944135665894
312,193,260,True,0.8615767359733582
313,194,81,True,0.7271955013275146
314,195,279,True,0.7592740654945374
315,196,116,True,0.6571053266525269
316,197,240,False,0.6658772826194763
317,198,89,True,0.7958704829216003
318,199,61,False,0.5409802198410034
319,199,31,False,0.0
320,199,233,True,0.7594427466392517
321,200,131,True,0.7311109900474548
322,201,276,True,0.7608685493469238
323,202,253,True,0.6418148875236511
324,203,164,False,0.7950785756111145
325,203,527,False,0.7422751188278198
326,204,271,True,0.7450088858604431
327,205,263,True,0.7221934795379639
328,205,432,False,0.0
329,206,487,False,0.4452716708183288
330,206,216,True,0.7038413882255554
331,207,182,True,0.7374477386474609
332,207,216,False,0.0
333,208,290,True,0.6372753381729126
334,208,353,False,0.5791305899620056
335,208,242,False,0.6489250063896179
336,209,469,True,0.6860988140106201
337,209,240,False,0.5429131388664246
338,209,121,False,0.5616345405578613
339,210,318,False,0.7595664858818054
340,211,316,False,0.6829016804695129
341,211,317,False,0.6833008527755737
342,212,321,True,0.7510684132575989
343,213,323,True,0.8621847629547119
344,214,14,False,0.769241988658905
345,214,3,True,0.7839476466178894
346,215,197,False,0.7108594179153442
347,215,608,False,0.0
348,215,365,True,0.7493919730186462
349,216,197,False,0.6176981329917908
350,216,366,False,0.6073674559593201
351,217,282,True,0.8304803371429443
352,218,12,True,0.8291523456573486
353,219,281,True,0.8066270351409912
354,220,310,True,0.7211761474609375
355,221,249,True,0.7495889663696289
356,222,251,False,0.7102886438369751
357,223,357,True,0.7159044146537781
358,224,140,True,0.677237331867218
359,224,259,False,0.5840214490890503
360,225,433,True,0.7214452028274536
361,226,434,True,0.7441840767860413
362,227,123,True,0.7804573178291321
363,228,317,False,0.73388671875
364,228,512,False,0.5714870691299438
365,228,322,False,0.8253598213195801
366,228,315,False,0.6937851905822754
367,229,317,True,0.8041282892227173
368,229,322,False,0.8647451400756836
369,229,323,False,0.8571798801422119
370,230,347,True,0.7823329567909241
371,231,182,False,0.6198631525039673
372,231,250,True,0.7081522345542908
373,232,181,True,0.8345986008644104
374,233,287,True,0.7207770347595215
375,234,483,True,0.8537476062774658
376,235,215,True,0.7795270085334778
377,236,760,False,0.5936354398727417
378,236,367,False,0.5984522104263306
379,236,758,False,0.6472185254096985
380,236,759,False,0.5050212740898132
381,237,14,True,0.8026229739189148
382,237,3,False,0.8210386037826538
383,238,530,False,0.0
384,238,363,True,0.8572145700454712
385,239,399,False,0.5904525518417358
386,239,361,True,0.73319411277771
387,240,333,False,0.6950273513793945
388,240,690,False,0.5890934467315674
389,241,404,True,0.7739138603210449
390,241,405,False,0.7701739072799683
391,242,280,True,0.8074154853820801
392,243,308,True,0.7605093717575073
393,244,324,True,0.6482101678848267
394,244,308,False,0.6971073150634766
395,245,248,False,0.5035760998725891
396,246,413,False,0.5075044631958008
397,246,248,False,0.5255548357963562
398,246,211,True,0.7348394989967346
399,247,317,False,0.7935566306114197
400,247,322,True,0.9043147563934326
401,248,440,False,0.6108923554420471
402,248,177,True,0.7091398239135742
403,248,178,False,0.5045179128646851
404,249,862,True,0.8521134257316589
405,250,173,False,0.71421217918396
406,250,616,False,0.564524233341217
407,250,138,False,0.8195790648460388
408,250,331,True,0.7212193012237549
409,251,404,False,0.7577651143074036
410,251,405,True,0.7998137474060059
411,252,228,False,0.0
412,252,689,False,0.0
413,252,346,True,0.6479673385620117
414,253,447,True,0.8156663179397583
415,254,258,True,0.6949026584625244
416,255,856,False,0.7018537521362305
417,255,416,False,0.5933000445365906
418,255,737,False,0.0
419,255,853,False,0.7524807453155518
420,256,296,True,0.7013715505599976
421,257,309,True,0.8002382516860962
422,258,203,True,0.8740922212600708
423,259,217,True,0.7944648265838623
424,260,262,True,0.8085589408874512
425,261,332,True,0.5846865177154541
426,261,932,False,0.0
427,262,213,True,0.8719906806945801
428,263,480,True,0.6423360705375671
429,263,1029,False,0.7625346183776855
430,264,115,False,0.68546062707901
431,265,360,True,0.7703380584716797
432,265,17,False,0.0
433,265,1038,False,0.7516214847564697
434,266,340,False,0.8271483182907104
435,266,344,False,0.746667742729187
436,266,336,True,0.8023551106452942
437,266,345,False,0.7255435585975647
438,267,175,False,0.6697997450828552
439,268,108,False,0.7865393757820129
440,268,175,False,0.7167483568191528
441,268,343,True,0.8764716982841492
442,269,175,False,0.662894606590271
443,270,108,False,0.7096875905990601
444,270,175,False,0.6876202821731567
445,270,107,False,0.7026628851890564
446,271,413,False,0.6248065233230591
447,271,369,True,0.8347204327583313
448,272,370,True,0.8813873529434204
449,273,359,True,0.5763648748397827
450,274,390,True,0.8239426612854004
451,275,852,True,0.5896444916725159
452,275,740,False,0.4081830978393554
453,276,68,False,0.0
454,277,55,False,0.0
455,277,681,False,0.0
456,277,790,False,0.0
457,279,623,False,0.8255283236503601
458,279,297,True,0.8481248617172241
459,279,626,False,0.789754331111908
460,280,626,False,0.818945050239563
461,280,298,True,0.7758799195289612
462,281,277,False,0.7097103595733643
463,282,113,True,0.8294622302055359
464,283,520,True,0.6779791712760925
465,283,243,False,0.0
466,284,120,False,0.6885881423950195
467,285,274,True,0.75996994972229
468,286,319,True,0.765221118927002
469,287,372,True,0.6326528787612915
470,288,337,True,0.7613310813903809
471,289,341,True,0.8964592218399048
472,289,107,False,0.7531677484512329
473,290,167,False,0.7474585175514221
474,290,385,True,0.7433806657791138
475,291,379,False,0.7253320813179016
476,293,174,False,0.6892082691192627
477,293,144,True,0.7698493599891663
478,293,176,False,0.6920920610427856
479,293,505,False,0.6239027976989746
480,293,57,False,0.6149642467498779
481,294,737,False,0.6044701337814331
482,294,146,False,0.4781032800674438
483,295,168,True,0.7892134785652161
484,296,368,True,0.7410302758216858
485,297,413,False,0.655512809753418
486,297,414,False,0.7356024980545044
487,298,412,False,0.0
488,298,413,True,0.6623629331588745
489,298,414,False,0.7318474650382996
490,298,505,False,0.0
491,299,413,False,0.6613836288452148
492,299,414,False,0.7299382090568542
493,300,367,True,0.8108586072921753
494,301,416,True,0.7157490253448486
495,301,385,False,0.0
496,301,370,False,0.8112890720367432
497,301,251,False,0.7111821174621582
498,302,412,False,0.4920432567596435
499,302,416,False,0.6938737630844116
500,302,370,False,0.8101204633712769
501,302,505,False,0.0
502,302,251,False,0.6959855556488037
503,303,486,True,0.7510864734649658
504,304,903,False,0.0
505,304,1068,False,0.6196964979171753
506,304,902,True,0.7426753044128418
507,304,855,False,0.0
508,305,389,True,0.8121838569641113
509,306,117,True,0.8079224824905396
510,306,377,False,0.710116982460022
511,306,378,False,0.6526521444320679
512,307,118,True,0.7325218319892883
513,307,377,False,0.7296792268753052
514,307,378,False,0.6470916271209717
515,308,342,True,0.7955917119979858
516,308,107,False,0.744940459728241
517,309,941,False,0.6833972930908203
518,310,392,True,0.7219741344451904
519,310,218,False,0.4355477690696716
520,311,462,True,0.8213357329368591
521,311,1051,False,0.0
522,312,380,False,0.7707308530807495
523,313,725,False,0.6633791923522949
524,314,68,False,0.0
525,314,407,True,0.6131581664085388
526,315,406,True,0.6163712739944458
527,315,732,False,0.0
528,316,1016,False,0.0
529,316,1049,False,0.7092885971069336
530,317,302,True,0.6425905227661133
531,318,699,True,0.7796109914779663
532,319,672,False,0.0
533,319,848,False,0.0
534,319,1010,False,0.0
535,319,661,False,0.0
536,319,406,False,0.0
537,319,407,False,0.0
538,320,387,True,0.6491758227348328
539,321,464,False,0.6439118981361389
540,321,467,True,0.8713195323944092
541,321,839,False,0.597722053527832
542,322,153,False,0.7100321054458618
543,322,515,False,0.0
544,324,555,True,0.6891591548919678
545,325,552,True,0.6906269788742065
546,325,704,False,0.0
547,326,980,False,0.662257969379425
548,326,419,True,0.7773966193199158
549,327,970,True,0.8263180255889893
550,328,623,False,0.8351559638977051
551,328,297,False,0.8489678502082825
552,328,626,False,0.790458083152771
553,329,174,False,0.6436091661453247
554,329,50,False,0.5699422359466553
555,329,1060,False,0.7516526579856873
556,329,57,True,0.6413490176200867
557,329,667,False,0.0
558,329,807,False,0.0
559,329,34,False,0.5867262482643127
560,329,35,False,0.615058183670044
561,329,386,False,0.0
562,329,742,False,0.6542627811431885
563,329,743,False,0.5812239050865173
564,330,377,True,0.7882119417190552
565,331,378,True,0.6586291193962097
566,332,677,False,0.0
567,332,381,True,0.7098716497421265
568,335,558,True,0.5863974094390869
569,335,595,False,0.0
570,336,383,False,0.6974672675132751
571,336,138,False,0.0
572,337,179,False,0.7583450078964233
573,338,325,True,0.8052599430084229
574,339,397,True,0.3916334211826324
575,340,398,False,0.0
576,341,401,True,0.6671756505966187
577,342,408,True,0.7110195159912109
578,343,436,False,0.5927698016166687
579,344,109,True,0.836472749710083
580,345,409,True,0.837581217288971
581,347,429,True,0.8011665344238281
582,348,399,True,0.8615365028381348
583,349,1031,False,0.6879358291625977
584,350,432,False,0.7645775079727173
585,351,202,True,0.7218945026397705
586,352,289,True,0.7680884599685669
587,353,421,True,0.6979415416717529
588,354,273,True,0.7402013540267944
589,355,845,True,0.7686519622802734
590,355,846,False,0.7250078916549683
591,355,762,False,0.5401431322097778
592,355,278,False,0.6493764519691467
593,355,310,False,0.6849516034126282
594,356,846,True,0.7519593834877014
595,357,420,True,0.7646514773368835
596,357,971,False,0.0
597,357,838,False,0.0
598,359,157,False,0.6153229475021362
599,359,676,False,0.508743166923523
600,360,351,False,0.5968091487884521
601,360,354,False,0.6729987859725952
602,360,243,False,0.6651225090026855
603,361,465,True,0.7655545473098755
604,361,466,False,0.8226738572120667
605,362,608,True,0.7517120838165283
606,363,399,False,0.7563502192497253
607,363,400,False,0.7771100997924805
608,364,431,True,0.5355788469314575
609,365,270,True,0.770868182182312
610,366,225,False,0.5980878472328186
611,366,476,True,0.7475535869598389
612,367,840,False,0.0
613,367,454,True,0.78693026304245
614,368,455,True,0.7469229102134705
615,368,1020,False,0.0
616,369,452,True,0.8192555904388428
617,370,463,True,0.6602687239646912
618,371,285,True,0.9182624220848083
619,371,329,False,0.8767420053482056
620,372,693,False,0.0
621,372,171,True,0.6911265254020691
622,373,177,False,0.5713670253753662
623,373,178,True,0.7420727014541626
624,374,327,False,0.6371994018554688
625,375,412,False,0.0
626,375,175,False,0.5085916519165039
627,376,334,True,0.709778904914856
628,377,7,True,0.7156218886375427
629,378,521,True,0.644431471824646
630,379,1027,False,0.4986698925495147
631,379,1023,True,0.6790996789932251
632,380,388,True,0.5317825078964233
633,381,453,True,0.870222806930542
634,382,559,True,0.6728349328041077
635,383,1012,True,0.6705282926559448
636,384,426,False,0.8286844491958618
637,385,442,False,0.6548787355422974
638,385,443,False,0.6859537363052368
639,386,216,False,0.6704743504524231
640,386,442,False,0.6442185044288635
641,386,443,False,0.6767895221710205
642,387,442,True,0.7095929384231567
643,387,443,False,0.7181520462036133
644,388,442,False,0.6948876976966858
645,388,443,True,0.7185269594192505
646,389,61,False,0.0
647,389,601,True,0.8157607913017273
648,390,384,True,0.7979137301445007
649,391,140,False,0.6923825740814209
650,391,259,True,0.706157922744751
651,392,300,False,0.6371273398399353
652,393,422,True,0.7847523093223572
653,394,833,False,0.6862374544143677
654,394,1051,False,0.0
655,394,379,False,0.5264822244644165
656,395,185,True,0.8039724230766296
657,396,216,False,0.6266366243362427
658,397,284,True,0.8226500749588013
659,398,410,True,0.8043259382247925
660,399,154,True,0.5461957454681396
661,400,623,False,0.7967841625213623
662,400,151,False,0.0
663,401,239,True,0.733038067817688
664,402,670,False,0.801092267036438
665,402,391,True,0.8764770030975342
666,403,103,True,0.8525811433792114
667,404,616,True,0.7849792838096619
668,404,540,False,0.7395492792129517
669,405,616,False,0.752900242805481
670,405,540,True,0.7912474870681763
671,406,475,True,0.8496492505073547
672,407,24,True,0.7543364763259888
673,408,450,True,0.7921221852302551
674,409,95,True,0.852493405342102
675,410,270,False,0.4351560771465301
676,410,633,False,0.7189620733261108
677,411,440,True,0.7312324047088623
678,412,936,False,0.7122052311897278
679,414,376,True,0.654853343963623
680,415,161,True,0.5827934741973877
681,416,912,False,0.0
682,416,164,False,0.5121784210205078
683,416,299,False,0.5554409027099609
684,416,163,False,0.7199228405952454
685,417,527,False,0.5828630328178406
686,417,272,False,0.5973421335220337
687,417,291,False,0.7272368669509888
688,418,320,True,0.7635093927383423
689,419,206,False,0.8279049396514893
690,419,201,False,0.6988703012466431
691,420,386,True,0.8109229207038879
692,421,348,True,0.7402352690696716
693,422,750,False,0.0
694,422,850,False,0.0
695,423,727,False,0.546924352645874
696,423,736,False,0.5193460583686829
697,424,238,True,0.563298225402832
698,425,283,True,0.680117666721344
699,426,448,True,0.8100196123123169
700,427,653,False,0.6531834006309509
701,427,501,True,0.7244975566864014
702,427,897,False,0.561783492565155
703,427,967,False,0.596496045589447
704,427,703,False,0.6562929153442383
705,427,640,False,0.5968339443206787
706,427,909,False,0.6840507984161377
707,427,739,False,0.6328585743904114
708,427,910,False,0.7389006614685059
709,427,710,False,0.6322226524353027
710,427,584,False,0.5955716967582703
711,427,585,False,0.5858173370361328
712,427,712,False,0.6094226837158203
713,428,357,False,0.5617174506187439
714,428,223,False,0.6652395725250244
715,428,941,False,0.5568968057632446
716,429,31,True,0.7505882978439331
717,430,156,False,0.7216789126396179
718,430,676,False,0.5459631681442261
719,430,155,False,0.7140675187110901
720,431,268,False,0.6245266795158386
721,432,268,True,0.738205075263977
722,433,948,False,0.7630096673965454
723,433,88,True,0.7727358937263489
724,434,2,True,0.8768061399459839
725,435,726,False,0.6693538427352905
726,436,727,False,0.6866253614425659
727,436,736,False,0.7192703485488892
728,437,741,False,0.6319953799247742
729,438,662,False,0.5947886109352112
730,438,567,True,0.7143186330795288
731,439,542,True,0.7198401093482971
732,440,481,True,0.7974671125411987
733,441,568,True,0.7130171656608582
734,442,569,True,0.8561951518058777
735,443,561,False,0.7051124572753906
736,443,618,True,0.6871479153633118
737,444,562,False,0.6284309029579163
738,445,301,False,0.0
739,445,892,True,0.6289792656898499
740,446,602,False,0.531786322593689
741,446,154,False,0.4649227857589721
742,446,403,True,0.6827970743179321
743,447,893,True,0.718776285648346
744,448,173,False,0.0
745,448,740,True,0.6809203028678894
746,449,494,True,0.8661964535713196
747,450,965,True,0.861896276473999
748,451,495,True,0.765300989151001
749,452,493,True,0.8415356278419495
750,452,560,False,0.0
751,453,437,True,0.8239855766296387
752,455,498,True,0.6739456653594971
753,456,497,True,0.6820784211158752
754,457,496,True,0.8291701078414917
755,458,470,True,0.7891572713851929
756,460,861,False,0.7550746202468872
757,460,323,False,0.7386770844459534
758,461,17,False,0.5911051630973816
759,461,11,True,0.6600993275642395
760,462,661,False,0.7816928625106812
761,462,672,False,0.8016964793205261
762,462,698,True,0.8073198795318604
763,463,564,True,0.6583664417266846
764,464,590,True,0.7682586312294006
765,465,565,True,0.7184757590293884
766,466,591,True,0.7725147008895874
767,467,592,True,0.8084092140197754
768,468,566,True,0.6685054302215576
769,469,662,True,0.7163249850273132
770,470,686,False,0.5524442195892334
771,471,685,False,0.0
772,471,952,False,0.0
773,472,728,True,0.8550015687942505
774,473,1051,False,0.6110430955886841
775,474,184,False,0.0
776,474,1030,True,0.7969313263893127
777,475,831,False,0.6344106197357178
778,476,865,False,0.723698079586029
779,476,829,True,0.7685688734054565
780,477,425,True,0.850562572479248
781,478,865,True,0.8328545689582825
782,478,829,False,0.7873149514198303
783,479,865,False,0.7776012420654297
784,479,777,True,0.8160080909729004
785,479,829,False,0.7832231521606445
786,480,865,False,0.7747952938079834
787,480,776,True,0.8215234279632568
788,480,829,False,0.7991915345191956
789,481,911,True,0.801391065120697
790,482,778,True,0.8192862272262573
791,482,911,False,0.7836424112319946
792,483,597,True,0.821836531162262
793,483,951,False,0.7399916052818298
794,483,243,False,0.4833747744560241
795,484,399,False,0.7683448791503906
796,484,539,False,0.8112344145774841
797,485,530,True,0.8178046345710754
798,486,532,True,0.8019548058509827
799,487,482,True,0.799003541469574
800,488,977,False,0.6125332713127136
801,488,529,True,0.6717228293418884
802,489,394,True,0.72435063123703
803,490,649,False,0.767824649810791
804,490,650,True,0.815303385257721
805,491,292,True,0.7964770793914795
806,491,673,False,0.5616596341133118
807,491,339,False,0.5034828782081604
808,492,517,False,0.7714091539382935
809,493,517,False,0.7280908823013306
810,493,518,False,0.7072765231132507
811,494,374,False,0.0
812,494,617,False,0.8115637302398682
813,494,812,False,0.0
814,495,551,True,0.8095065355300903
815,496,857,False,0.0
816,496,866,True,0.7310885190963745
817,497,544,False,0.7828691601753235
818,497,546,False,0.7926677465438843
819,497,863,False,0.7727000713348389
820,497,549,True,0.8082438707351685
821,497,598,False,0.747572124004364
822,498,545,False,0.8075266480445862
823,498,546,False,0.7659735679626465
824,498,547,False,0.798086404800415
825,498,863,False,0.7457195520401001
826,498,549,False,0.777808666229248
827,498,550,False,0.797313392162323
828,498,599,False,0.7085806131362915
829,499,545,False,0.7877914905548096
830,499,546,False,0.7623777389526367
831,499,547,True,0.8144758939743042
832,499,863,False,0.7468469142913818
833,499,549,False,0.7810622453689575
834,499,550,False,0.8138984441757202
835,499,599,False,0.6880486011505127
836,500,863,False,0.7576501965522766
837,500,599,False,0.6866093873977661
838,500,671,False,0.7903624176979065
839,500,544,False,0.7600584626197815
840,500,545,False,0.791223406791687
841,500,546,False,0.7777636647224426
842,500,547,False,0.7916028499603271
843,500,549,False,0.7950994372367859
844,500,550,False,0.7938272356987
845,501,541,True,0.7738409042358398
846,501,577,False,0.7608626484870911
847,501,563,False,0.7667220234870911
848,501,1024,False,0.0
849,501,1025,False,0.0
850,501,1026,False,0.7015030980110168
851,501,1028,False,0.7755410075187683
852,502,545,True,0.8087616562843323
853,502,546,False,0.7648623585700989
854,502,547,False,0.7944597601890564
855,502,863,False,0.7417985796928406
856,502,549,False,0.7759437561035156
857,502,550,False,0.7951663732528687
858,502,599,False,0.7096956968307495
859,503,545,False,0.7889598608016968
860,503,546,False,0.7617810368537903
861,503,547,False,0.8128049969673157
862,503,863,False,0.7439055442810059
863,503,549,False,0.7800117135047913
864,503,550,True,0.8136583566665649
865,503,599,False,0.689243495464325
866,504,863,False,0.7551040053367615
867,504,599,False,0.6848634481430054
868,504,671,False,0.7889364361763
869,504,544,False,0.7563396692276001
870,504,545,False,0.7893512845039368
871,504,546,False,0.7753486633300781
872,504,547,False,0.7899020910263062
873,504,549,False,0.791685163974762
874,504,550,False,0.7911959290504456
875,505,292,False,0.7767868041992188
876,505,505,False,0.0
877,505,339,False,0.5238621830940247
878,506,996,False,0.0
879,507,996,False,0.0
880,508,653,True,0.7955359816551208
881,508,582,False,0.0
882,508,583,False,0.0
883,509,580,True,0.7584356069564819
884,510,653,False,0.7134684920310974
885,510,582,False,0.0
886,510,583,False,0.0
887,511,653,False,0.6659322381019592
888,511,534,False,0.7390727996826172
889,511,538,True,0.8191697001457214
890,511,909,False,0.7276283502578735
891,512,534,False,0.6003891229629517
892,512,536,True,0.6958562135696411
893,512,538,False,0.5445635914802551
894,512,909,False,0.5309035778045654
895,513,909,False,0.6711259484291077
896,513,817,False,0.6365359425544739
897,513,534,False,0.7579892873764038
898,513,535,True,0.7752119898796082
899,513,537,False,0.7835665345191956
900,513,538,False,0.6989003419876099
901,514,909,False,0.5702650547027588
902,514,817,False,0.0
903,514,534,False,0.6274527907371521
904,514,535,False,0.72896808385849
905,514,536,False,0.6929790377616882
906,514,537,True,0.8089817762374878
907,514,538,False,0.5632441639900208
908,515,579,True,0.7962770462036133
909,516,396,True,0.8712228536605835
910,516,813,False,0.4768063127994537
911,517,395,True,0.8522530198097229
912,518,526,False,0.7610037326812744
913,518,898,False,0.0
914,518,523,False,0.6440110206604004
915,518,922,False,0.6490641236305237
916,519,922,False,0.761358380317688
917,519,898,False,0.0
918,519,524,False,0.7501752376556396
919,520,525,False,0.8222765326499939
920,520,922,False,0.7003180384635925
921,520,898,False,0.0
922,520,523,False,0.7621638774871826
923,521,525,True,0.8807824850082397
924,522,588,True,0.8238523006439209
925,523,500,True,0.8559198975563049
926,524,534,False,0.8140548467636108
927,524,538,False,0.6662912368774414
928,524,909,False,0.5938987731933594
929,525,456,True,0.7431476712226868
930,526,724,False,0.7123570442199707
931,527,749,False,0.7039726376533508
932,527,851,False,0.703818678855896
933,527,864,False,0.7329278588294983
934,527,696,True,0.7602686285972595
935,527,344,False,0.0
936,527,748,False,0.6797236800193787
937,528,749,False,0.6814391613006592
938,528,851,False,0.6912261247634888
939,528,696,False,0.7132962346076965
940,528,344,False,0.0
941,528,748,True,0.7051088809967041
942,529,749,False,0.6945018172264099
943,529,851,True,0.7318630218505859
944,529,696,False,0.7224988341331482
945,529,344,False,0.0
946,529,748,False,0.669619083404541
947,530,749,True,0.7228299975395203
948,530,851,False,0.7035949230194092
949,530,696,False,0.7280423045158386
950,530,344,False,0.0
951,530,748,False,0.6741520166397095
952,531,749,False,0.6718337535858154
953,531,851,False,0.6702232360839844
954,531,696,False,0.7040400505065918
955,531,344,False,0.0
956,531,748,False,0.6491214036941528
957,532,614,True,0.6508948802947998
958,532,503,False,0.6102487444877625
959,532,138,False,0.7637053728103638
960,533,623,False,0.8142879009246826
961,533,614,False,0.6124284267425537
962,533,503,True,0.6385170221328735
963,533,138,False,0.8040739297866821
964,534,623,False,0.8073622584342957
965,534,297,False,0.7941412925720215
966,534,626,False,0.7786875367164612
967,535,1033,True,0.7824859619140625
968,535,335,False,0.6634389758110046
969,536,630,True,0.6603237986564636
970,537,471,True,0.6909504532814026
971,538,632,True,0.8957070708274841
972,539,578,True,0.7548356652259827
973,540,909,False,0.5411213040351868
974,541,791,False,0.7752397060394287
975,541,724,False,0.6311867237091064
976,542,704,False,0.6756232976913452
977,542,745,False,0.7643004655838013
978,543,704,False,0.7664458751678467
979,543,745,False,0.830507218837738
980,543,831,False,0.0
981,544,704,True,0.7907088994979858
982,544,745,False,0.8187723159790039
983,545,704,False,0.7383108735084534
984,545,745,True,0.8499367833137512
985,546,581,True,0.7772048711776733
986,547,582,False,0.6450243592262268
987,547,583,True,0.6335521340370178
988,548,318,False,0.7713711261749268
989,548,860,True,0.8351517915725708
990,548,323,False,0.6996896266937256
991,549,582,True,0.649995744228363
992,549,583,False,0.6301410794258118
993,550,857,True,0.8191455602645874
994,551,640,False,0.5590112805366516
995,551,910,False,0.0
996,551,817,False,0.0
997,551,584,False,0.6639291048049927
998,551,585,False,0.6509711146354675
999,551,586,False,0.7330265641212463
1000,551,587,True,0.7286895513534546
1001,552,640,False,0.563647449016571
1002,552,910,False,0.0
1003,552,817,False,0.6105018854141235
1004,552,584,False,0.6655120849609375
1005,552,585,False,0.6530147194862366
1006,552,586,True,0.7363855838775635
1007,552,587,False,0.7280569076538086
1008,553,469,False,0.6382359266281128
1009,553,490,True,0.8662226796150208
1010,554,402,True,0.6387803554534912
1011,555,737,False,0.0
1012,555,584,False,0.677852213382721
1013,555,536,False,0.5608097314834595
1014,555,585,True,0.6700507998466492
1015,555,586,False,0.7249305248260498
1016,555,587,False,0.7173468470573425
1017,556,584,True,0.6764178276062012
1018,556,585,False,0.6627839207649231
1019,557,270,False,0.4821741580963135
1020,557,338,True,0.7807509899139404
1021,558,863,True,0.7616950869560242
1022,558,599,False,0.6730022430419922
1023,558,671,False,0.7798857688903809
1024,558,544,False,0.7561479806900024
1025,558,545,False,0.765990138053894
1026,558,546,False,0.7686687707901001
1027,558,547,False,0.7809067368507385
1028,558,548,False,0.6991127133369446
1029,558,549,False,0.784928023815155
1030,558,550,False,0.7748939990997314
1031,559,541,False,0.7343178987503052
1032,559,577,True,0.7871081829071045
1033,559,563,False,0.7680497765541077
1034,559,1024,False,0.0
1035,559,1025,False,0.0
1036,559,1026,False,0.6896699070930481
1037,559,1028,False,0.7672861218452454
1038,560,703,False,0.7030258178710938
1039,560,934,False,0.8146055340766907
1040,560,747,False,0.8458863496780396
1041,561,750,True,0.6428645849227905
1042,563,62,False,0.0
1043,563,700,False,0.0
1044,563,739,False,0.0
1045,563,710,False,0.0
1046,563,967,True,0.6365464925765991
1047,564,710,False,0.0
1048,564,62,False,0.0
1049,564,739,False,0.0
1050,564,700,False,0.0
1051,565,635,True,0.8685507774353027
1052,566,645,True,0.7750968933105469
1053,567,654,True,0.7607046365737915
1054,568,634,True,0.7789710760116577
1055,569,637,True,0.8065361976623535
1056,570,729,True,0.8851664662361145
1057,571,646,True,0.871604859828949
1058,572,697,True,0.643894374370575
1059,573,408,False,0.0
1060,573,570,True,0.7807568311691284
1061,574,573,True,0.7376659512519836
1062,575,977,False,0.7108128070831299
1063,575,641,True,0.706311821937561
1064,576,977,False,0.6928825974464417
1065,576,979,False,0.6318199634552002
1066,576,642,True,0.6594382524490356
1067,577,717,True,0.6203345656394958
1068,577,840,False,0.0
1069,578,680,True,0.8647192716598511
1070,579,668,True,0.8457683324813843
1071,580,663,True,0.8476135730743408
1072,581,656,True,0.8574210405349731
1073,582,648,True,0.8504564762115479
1074,583,639,True,0.8607742190361023
1075,584,261,False,0.6895667314529419
1076,584,439,True,0.6987541317939758
1077,585,605,True,0.7559558153152466
1078,586,226,True,0.6690710783004761
1079,588,227,True,0.6506446599960327
1080,589,1049,False,0.670059084892273
1081,589,751,False,0.0
1082,589,752,False,0.0
1083,589,534,False,0.0
1084,589,538,False,0.0
1085,589,934,False,0.7113348841667175
1086,589,638,False,0.8410390615463257
1087,589,703,False,0.7211732864379883
1088,589,848,False,0.7179203033447266
1089,589,746,False,0.7265533208847046
1090,589,747,False,0.7202944159507751
1091,590,678,True,0.8087844848632812
1092,591,679,True,0.7858610153198242
1093,592,603,False,0.7673503160476685
1094,593,623,False,0.7876737117767334
1095,593,614,False,0.5679956674575806
1096,593,503,False,0.5795366764068604
1097,593,138,False,0.7731114029884338
1098,594,997,False,0.6989727020263672
1099,594,594,False,0.8069127202033997
1100,594,572,False,0.647024929523468
1101,595,997,False,0.7832127213478088
1102,595,594,False,0.7754150629043579
1103,595,572,False,0.7345572710037231
1104,596,818,True,0.7313574552536011
1105,597,516,True,0.8493862152099609
1106,598,533,True,0.8530240058898926
1107,599,428,True,0.8333016037940979
1108,600,821,True,0.7467283010482788
1109,601,685,False,0.0
1110,601,1005,False,0.7548700571060181
1111,602,1069,False,0.6373884081840515
1112,602,855,False,0.6337758302688599
1113,603,510,False,0.5508221983909607
1114,603,513,False,0.4739713072776794
1115,604,511,True,0.7439042329788208
1116,604,512,False,0.6937233209609985
1117,604,513,False,0.4848046004772186
1118,605,511,False,0.5661121606826782
1119,605,512,False,0.5360757112503052
1120,606,1016,False,0.0
1121,606,851,False,0.6398364305496216
1122,606,561,False,0.0
1123,607,908,False,0.6174262762069702
1124,607,674,True,0.7959886193275452
1125,608,685,True,0.7969791889190674
1126,608,551,False,0.7228593230247498
1127,609,708,True,0.7441023588180542
1128,610,908,False,0.6190209984779358
1129,610,682,True,0.8288553357124329
1130,611,604,False,0.6693089604377747
1131,612,237,False,0.6628378629684448
1132,612,716,True,0.7758240699768066
1133,613,623,False,0.8698423504829407
1134,613,624,False,0.0
1135,613,625,True,0.5464880466461182
1136,613,626,False,0.797502338886261
1137,613,628,False,0.0
1138,613,629,False,0.6175037622451782
1139,613,297,False,0.8472182154655457
1140,614,623,False,0.8623653650283813
1141,614,624,True,0.5369568467140198
1142,614,625,False,0.0
1143,614,626,False,0.7979916930198669
1144,614,628,False,0.5378519296646118
1145,614,629,False,0.6215018630027771
1146,614,297,False,0.8448541164398193
1147,615,474,True,0.8335452079772949
1148,616,684,True,0.8547004461288452
1149,617,706,True,0.7404767870903015
1150,618,934,False,0.7164831161499023
1151,619,655,True,0.8593726754188538
1152,620,640,True,0.7100358009338379
1153,620,910,False,0.5642374753952026
1154,620,817,False,0.6982120871543884
1155,620,586,False,0.7044175863265991
1156,620,587,False,0.7007644176483154
1157,621,515,True,0.7909082770347595
1158,622,574,True,0.6948816776275635
1159,623,1054,True,0.6264017224311829
1160,624,703,False,0.6909423470497131
1161,624,934,False,0.773503303527832
1162,624,747,True,0.8478260636329651
1163,625,459,False,0.841452956199646
1164,625,460,False,0.7540612816810608
1165,626,459,False,0.7864437103271484
1166,626,460,False,0.7609717845916748
1167,627,461,False,0.81360924243927
1168,628,858,True,0.7840670347213745
1169,630,1024,False,0.0
1170,630,1025,False,0.0
1171,630,560,False,0.0
1172,631,553,True,0.7681797742843628
1173,632,1009,True,0.7219607830047607
1174,633,513,True,0.7686225175857544
1175,634,651,True,0.8537681698799133
1176,635,721,True,0.8371636867523193
1177,636,689,False,0.5775620341300964
1178,636,690,False,0.5959856510162354
1179,636,691,False,0.5255473852157593
1180,636,692,True,0.6548553109169006
1181,636,693,False,0.6259251832962036
1182,636,694,False,0.5779709219932556
1183,636,695,False,0.660588800907135
1184,637,867,True,0.7461975812911987
1185,638,373,True,0.8836804628372192
1186,639,689,False,0.566313624382019
1187,639,690,False,0.6458998322486877
1188,639,691,False,0.5200508236885071
1189,639,692,False,0.621181309223175
1190,639,693,False,0.618066668510437
1191,639,694,False,0.535926342010498
1192,639,695,True,0.7112529277801514
1193,640,689,False,0.5676400661468506
1194,640,690,False,0.5909894704818726
1195,640,691,False,0.5687656402587891
1196,640,692,False,0.6043344736099243
1197,640,693,True,0.6323065161705017
1198,640,694,False,0.5329254865646362
1199,640,695,False,0.6444969773292542
1200,641,231,True,0.8897190093994141
1201,642,623,False,0.8686087727546692
1202,642,624,False,0.5370175242424011
1203,642,625,False,0.5421777367591858
1204,642,626,False,0.802861750125885
1205,642,628,False,0.5415842533111572
1206,642,629,False,0.6245402097702026
1207,642,841,False,0.0
1208,642,297,False,0.8590643405914307
1209,643,623,True,0.8691840171813965
1210,643,624,False,0.0
1211,643,625,False,0.0
1212,643,626,False,0.7976566553115845
1213,643,628,False,0.5362653732299805
1214,643,629,False,0.6224005222320557
1215,643,297,False,0.848099946975708
1216,644,717,False,0.5771081447601318
1217,644,709,True,0.7623540163040161
1218,644,672,False,0.663056492805481
1219,644,661,False,0.6278902888298035
1220,644,520,False,0.0
1221,645,1018,True,0.6292675733566284
1222,646,1019,False,0.5928229093551636
1223,647,446,True,0.7620562314987183
1224,648,701,True,0.8257387280464172
1225,649,715,True,0.7195588946342468
1226,650,869,True,0.6235324144363403
1227,650,886,False,0.0
1228,651,886,False,0.0
1229,651,823,True,0.6369696855545044
1230,652,827,True,0.6244432330131531
1231,653,671,True,0.8269705772399902
1232,654,492,True,0.7691444754600525
1233,655,54,False,0.0
1234,655,794,True,0.728588342666626
1235,655,822,False,0.0
1236,656,623,False,0.7919724583625793
1237,656,297,False,0.7689494490623474
1238,656,626,False,0.7818752527236938
1239,657,658,True,0.7679548263549805
1240,658,660,True,0.8067988157272339
1241,659,659,True,0.7072409391403198
1242,660,657,True,0.6989904642105103
1243,661,609,True,0.7909302711486816
1244,662,252,True,0.7814038395881653
1245,662,924,False,0.6711799502372742
1246,663,623,False,0.8275468945503235
1247,663,297,False,0.8097141981124878
1248,663,626,False,0.7746548652648926
1249,663,138,False,0.7532428503036499
1250,664,623,False,0.8256429433822632
1251,664,624,False,0.588930070400238
1252,664,625,False,0.5930318832397461
1253,664,626,False,0.7970307469367981
1254,664,628,False,0.6014391779899597
1255,664,629,False,0.6674336194992065
1256,664,297,False,0.8154460787773132
1257,664,138,False,0.7426910996437073
1258,665,718,True,0.7635537385940552
1259,666,229,True,0.7894573211669922
1260,666,361,False,0.5275558233261108
1261,666,99,False,0.7160828113555908
1262,667,575,False,0.5816799402236938
1263,667,576,True,0.6721036434173584
1264,668,799,False,0.7472781538963318
1265,668,800,False,0.7253388166427612
1266,668,801,False,0.6994453072547913
1267,668,802,False,0.7620124220848083
1268,668,664,False,0.819270670413971
1269,668,665,True,0.835041880607605
1270,668,803,False,0.735333263874054
1271,668,804,False,0.7590165138244629
1272,668,805,False,0.7340187430381775
1273,668,807,False,0.7310093641281128
1274,668,781,False,0.0
1275,669,781,False,0.0
1276,669,799,False,0.7478373646736145
1277,669,801,False,0.7688794136047363
1278,669,664,True,0.87281733751297
1279,669,665,False,0.7657493948936462
1280,669,805,False,0.8025784492492676
1281,670,894,True,0.844902515411377
1282,671,768,False,0.6633421778678894
1283,671,773,False,0.5825280547142029
1284,672,968,True,0.7864526510238647
1285,673,819,True,0.7797911167144775
1286,674,760,False,0.6280879974365234
1287,674,758,False,0.7312664985656738
1288,674,759,False,0.6123453378677368
1289,675,824,True,0.7844421863555908
1290,676,977,False,0.0
1291,676,915,False,0.6147838234901428
1292,676,673,True,0.704470694065094
1293,676,339,False,0.476362407207489
1294,677,915,False,0.6466931700706482
1295,677,707,True,0.7196452021598816
1296,678,825,True,0.7367004156112671
1297,679,915,True,0.6649795770645142
1298,679,673,False,0.6797690987586975
1299,679,707,False,0.6915623545646667
1300,679,339,False,0.5238038301467896
1301,680,877,True,0.7957280874252319
1302,681,878,True,0.7994293570518494
1303,682,885,True,0.809249997138977
1304,683,719,False,0.7023366093635559
1305,684,724,False,0.0
1306,685,831,True,0.7379752993583679
1307,686,606,True,0.7185194492340088
1308,687,768,True,0.6902572512626648
1309,687,773,False,0.6170027256011963
1310,688,768,False,0.6716673374176025
1311,688,773,False,0.6059188842773438
1312,689,768,False,0.6664800643920898
1313,689,773,False,0.5956212282180786
1314,689,753,False,0.5574773550033569
1315,690,768,False,0.6869291067123413
1316,690,773,False,0.6165919303894043
1317,690,753,False,0.6069755554199219
1318,691,760,False,0.6225435733795166
1319,691,758,False,0.8128239512443542
1320,692,661,False,0.6485964059829712
1321,692,873,True,0.7486253976821899
1322,692,672,False,0.674619197845459
1323,693,730,True,0.7266443967819214
1324,694,760,False,0.6011982560157776
1325,694,758,False,0.7302500605583191
1326,694,759,False,0.6673288345336914
1327,695,760,False,0.5673935413360596
1328,695,758,False,0.730343222618103
1329,695,759,False,0.6217007637023926
1330,696,760,False,0.605696439743042
1331,696,758,False,0.7841612696647644
1332,696,759,False,0.5855629444122314
1333,697,760,False,0.6217719316482544
1334,697,759,False,0.5822595357894897
1335,697,758,False,0.7507774233818054
1336,697,211,False,0.0
1337,698,382,False,0.4846168756484985
1338,698,543,False,0.7610673904418945
1339,699,850,True,0.7853076457977295
1340,699,966,False,0.7698314189910889
1341,700,760,False,0.6321272850036621
1342,700,758,False,0.787104070186615
1343,700,759,False,0.654215931892395
1344,701,760,False,0.5821508169174194
1345,701,758,False,0.7641394734382629
1346,701,759,False,0.587529182434082
1347,702,760,False,0.6209790706634521
1348,702,758,True,0.8267241716384888
1349,703,693,False,0.0
1350,704,966,True,0.819344162940979
1351,705,826,True,0.7560601830482483
1352,706,871,True,0.8140473365783691
1353,707,876,True,0.7633025050163269
1354,708,732,True,0.7982145547866821
1355,709,768,False,0.4839555025100708
1356,709,773,False,0.5914202928543091
1357,709,781,False,0.0
1358,710,768,False,0.5046132802963257
1359,710,773,False,0.6070209741592407
1360,710,781,False,0.0
1361,711,686,False,0.6937575340270996
1362,711,22,False,0.0
1363,712,773,True,0.6272658109664917
1364,712,781,False,0.0
1365,713,1049,False,0.6885086894035339
1366,713,834,False,0.6291614174842834
1367,713,934,False,0.0
1368,713,638,False,0.766068696975708
1369,713,703,False,0.6728602647781372
1370,713,848,False,0.0
1371,713,782,False,0.5802934169769287
1372,713,746,False,0.0
1373,713,747,False,0.0
1374,713,556,False,0.0
1375,714,167,False,0.5328521728515625
1376,714,713,False,0.0
1377,715,167,False,0.5395622849464417
1378,715,713,False,0.0
1379,716,167,False,0.559665858745575
1380,716,713,False,0.0
1381,717,783,False,0.505802571773529
1382,717,784,False,0.7171905636787415
1383,717,167,False,0.5417236089706421
1384,717,766,False,0.626502513885498
1385,717,767,False,0.4778851270675659
1386,718,742,False,0.0
1387,718,783,False,0.5268917083740234
1388,718,784,True,0.7317579388618469
1389,718,167,False,0.5504792928695679
1390,718,766,False,0.662496030330658
1391,718,767,False,0.5367480516433716
1392,719,879,True,0.7658780813217163
1393,720,783,False,0.5275012254714966
1394,720,784,False,0.7305197715759277
1395,720,766,False,0.6490027904510498
1396,721,880,True,0.7692710161209106
1397,722,640,False,0.6681748032569885
1398,722,910,False,0.6177977919578552
1399,722,817,False,0.6775659322738647
1400,722,535,False,0.4902233481407165
1401,722,586,False,0.6354681253433228
1402,722,587,False,0.6325124502182007
1403,723,675,True,0.8764132261276245
1404,724,124,False,0.0
1405,724,147,True,0.8606345057487488
1406,725,647,True,0.632906436920166
1407,725,254,False,0.5826255083084106
1408,726,92,True,0.6764986515045166
1409,727,509,True,0.7168134450912476
1410,727,1064,False,0.0
1411,727,142,False,0.652597188949585
1412,727,318,False,0.6839370131492615
1413,727,968,False,0.0
1414,727,36,False,0.0
1415,728,762,False,0.68576979637146
1416,729,762,False,0.6838797330856323
1417,729,765,False,0.5890607833862305
1418,730,762,False,0.7518166303634644
1419,731,872,True,0.8228482007980347
1420,732,762,True,0.8139406442642212
1421,733,761,True,0.7402713298797607
1422,733,762,False,0.7252011299133301
1423,734,870,True,0.8200722932815552
1424,735,22,False,0.0
1425,735,875,False,0.7653651833534241
1426,735,874,True,0.8069007992744446
1427,736,820,True,0.8097656965255737
1428,737,612,True,0.7887126207351685
1429,738,22,False,0.0
1430,738,875,True,0.797035813331604
1431,738,874,False,0.7744162082672119
1432,739,1006,True,0.7891650795936584
1433,740,757,False,0.5186846256256104
1434,741,36,False,0.6212013363838196
1435,741,667,True,0.5697213411331177
1436,742,884,True,0.8107702732086182
1437,743,733,True,0.8220645189285278
1438,743,738,False,0.8214448690414429
1439,744,733,False,0.7854164242744446
1440,744,738,True,0.8469231724739075
1441,745,922,False,0.676035463809967
1442,745,714,True,0.6866664886474609
1443,746,636,True,0.8348962068557739
1444,747,623,False,0.840822696685791
1445,747,297,False,0.8432064056396484
1446,747,626,True,0.8025789260864258
1447,748,292,False,0.5566033720970154
1448,748,813,True,0.8009685277938843
1449,749,881,True,0.8235945105552673
1450,750,886,True,0.6382685899734497
1451,751,883,True,0.63267582654953
1452,752,817,True,0.7419021725654602
1453,752,994,False,0.0
1454,752,988,False,0.0
1455,753,828,True,0.8003387451171875
1456,754,502,True,0.7338681817054749
1457,755,996,False,0.0
1458,756,90,True,0.7288128733634949
1459,757,1051,False,0.0
1460,758,457,True,0.8956570029258728
1461,759,519,True,0.7490839958190918
1462,760,69,True,0.8407019972801208
1463,761,815,True,0.8215657472610474
1464,762,383,False,0.5307833552360535
1465,762,627,False,0.8308255672454834
1466,763,1032,True,0.7938846349716187
1467,763,1029,False,0.7887474298477173
1468,764,206,False,0.8216148018836975
1469,764,527,False,0.790412962436676
1470,764,164,True,0.8665167093276978
1471,764,201,False,0.6752235889434814
1472,764,299,False,0.7971956133842468
1473,765,790,True,0.7461079359054565
1474,766,602,True,0.6114574074745178
1475,767,673,False,0.5347039103507996
1476,767,610,False,0.6918870210647583
1477,767,707,False,0.5114001035690308
1478,767,1024,False,0.0
1479,767,1025,False,0.0
1480,767,613,False,0.8588000535964966
1481,768,613,False,0.8474692106246948
1482,769,816,True,0.8006951808929443
1483,770,1049,False,0.7760775685310364
1484,770,782,True,0.8269245624542236
1485,770,848,False,0.0
1486,770,661,False,0.0
1487,770,1042,False,0.0
1488,770,882,False,0.0
1489,771,793,False,0.7787437438964844
1490,773,899,True,0.833175778388977
1491,774,1058,True,0.7761996984481812
1492,775,868,True,0.5830486416816711
1493,776,6,True,0.7857699394226074
1494,776,795,False,0.5816865563392639
1495,777,643,True,0.9412750005722046
1496,778,468,True,0.8639822602272034
1497,780,286,False,0.7390807867050171
1498,781,286,True,0.6861284971237183
1499,781,713,False,0.6559987664222717
1500,782,795,True,0.7064099907875061
1501,783,423,True,0.8689936399459839
1502,784,1012,False,0.468207836151123
1503,784,307,True,0.7057473063468933
1504,785,141,True,0.7202290296554565
1505,786,615,True,0.8260654211044312
1506,787,505,True,0.7335920333862305
1507,787,626,False,0.8046340346336365
1508,787,297,False,0.8032163381576538
1509,788,593,False,0.7115614414215088
1510,789,288,False,0.714990496635437
1511,790,661,False,0.67423415184021
1512,790,672,False,0.7143458724021912
1513,790,887,True,0.703522801399231
1514,791,128,False,0.6469223499298096
1515,792,799,False,0.7614296078681946
1516,792,800,False,0.7401586771011353
1517,792,801,False,0.6887478232383728
1518,792,802,True,0.7921434640884399
1519,792,664,False,0.6904517412185669
1520,792,665,False,0.7284595966339111
1521,792,803,False,0.7529375553131104
1522,792,804,False,0.7612653374671936
1523,792,805,False,0.7376941442489624
1524,792,806,False,0.763210654258728
1525,792,807,False,0.7150788307189941
1526,792,808,False,0.7663396596908569
1527,792,809,False,0.7662057876586914
1528,792,810,False,0.7089443206787109
1529,792,811,False,0.7145962715148926
1530,792,812,False,0.696729838848114
1531,793,799,False,0.7596426010131836
1532,793,800,False,0.686609148979187
1533,793,801,False,0.695190966129303
1534,793,802,False,0.7344022989273071
1535,793,664,False,0.6969070434570312
1536,793,665,False,0.6745284199714661
1537,793,803,False,0.7585613131523132
1538,793,804,False,0.7555103302001953
1539,793,805,False,0.7434444427490234
1540,793,806,True,0.8005751371383667
1541,793,807,False,0.7044752240180969
1542,793,808,False,0.764828085899353
1543,793,810,False,0.7469515800476074
1544,793,811,False,0.7127134203910828
1545,794,60,False,0.5933254361152649
1546,794,125,False,0.8150374293327332
1547,795,149,False,0.6352840662002563
1548,795,256,False,0.761512279510498
1549,796,149,True,0.8474251627922058
1550,797,159,False,0.799837052822113
1551,798,67,True,0.8340761661529541
1552,799,66,True,0.8952734470367432
1553,800,640,False,0.6374969482421875
1554,800,910,True,0.7363628149032593
1555,800,586,False,0.661913275718689
1556,800,587,False,0.6659783124923706
1557,801,681,True,0.8021801710128784
1558,802,908,False,0.6183264255523682
1559,802,683,True,0.7846993207931519
1560,802,668,False,0.7255207300186157
1561,803,458,False,0.7882535457611084
1562,804,411,False,0.7810474038124084
1563,805,430,False,0.6491721272468567
1564,806,60,False,0.5833725333213806
1565,806,161,False,0.0
1566,807,522,True,0.5961674451828003
1567,808,218,True,0.6731249690055847
1568,809,889,True,0.7239007353782654
1569,809,407,False,0.7160323858261108
1570,810,888,True,0.7183119654655457
1571,811,610,False,0.0
1572,811,1055,True,0.6461209058761597
1573,816,789,True,0.7637361288070679
1574,817,788,True,0.7586962580680847
1575,819,379,False,0.4952601790428161
1576,820,70,False,0.0
1577,820,705,True,0.7381852865219116
1578,821,15,True,0.7437312602996826
1579,822,478,True,0.8038132190704346
1580,822,345,False,0.0
1581,823,952,False,0.0
1582,823,890,True,0.7026553153991699
1583,823,859,False,0.0
1584,824,19,False,0.8287580013275146
1585,825,5,False,0.8020771145820618
1586,826,935,True,0.8445584177970886
1587,827,685,False,0.0
1588,827,905,True,0.7515878081321716
1589,828,507,True,0.8518271446228027
1590,829,534,False,0.6524798274040222
1591,829,859,False,0.0
1592,829,538,False,0.7251474857330322
1593,830,836,True,0.8681922554969788
1594,830,465,False,0.0
1595,831,169,True,0.68182772397995
1596,832,936,True,0.807767391204834
1597,833,936,False,0.7264241576194763
1598,833,1020,True,0.6509928703308105
1599,834,329,True,0.8227010369300842
1600,834,507,False,0.8208532929420471
1601,835,799,True,0.8263041973114014
1602,835,800,False,0.6841114163398743
1603,835,801,False,0.705207109451294
1604,835,802,False,0.7567230463027954
1605,835,664,False,0.7109081745147705
1606,835,665,False,0.6741162538528442
1607,835,803,False,0.7895245552062988
1608,835,804,False,0.7984797954559326
1609,835,805,False,0.7783586978912354
1610,835,806,False,0.7963834404945374
1611,835,807,False,0.7336791753768921
1612,835,808,False,0.7971950769424438
1613,835,810,False,0.7166044116020203
1614,835,811,False,0.722564697265625
1615,836,809,True,0.8380213379859924
1616,836,515,False,0.6285476088523865
1617,837,799,False,0.808839738368988
1618,837,800,False,0.7092350721359253
1619,837,801,False,0.7900072336196899
1620,837,802,False,0.7691003084182739
1621,837,664,False,0.7881733775138855
1622,837,665,False,0.6947863698005676
1623,837,803,False,0.8204916715621948
1624,837,804,False,0.8153160214424133
1625,837,805,True,0.8497551083564758
1626,837,806,False,0.8218991756439209
1627,837,807,False,0.7521018981933594
1628,837,808,False,0.8187196254730225
1629,837,810,False,0.7555897831916809
1630,838,952,False,0.0
1631,838,859,False,0.8195910453796387
1632,838,918,False,0.0
1633,839,799,False,0.7842981815338135
1634,839,800,False,0.6755868196487427
1635,839,801,False,0.6984272599220276
1636,839,802,False,0.7451834678649902
1637,839,664,False,0.7010928988456726
1638,839,665,False,0.6647425889968872
1639,839,803,False,0.7787895202636719
1640,839,804,True,0.8326640129089355
1641,839,805,False,0.767478346824646
1642,839,806,False,0.7870136499404907
1643,839,807,False,0.7661043405532837
1644,839,808,False,0.7839952707290649
1645,839,810,False,0.7110843062400818
1646,839,811,False,0.7134811878204346
1647,840,799,False,0.8053932189941406
1648,840,803,False,0.8120132684707642
1649,840,664,False,0.7248825430870056
1650,840,804,False,0.8131238222122192
1651,840,805,False,0.7965657114982605
1652,840,806,False,0.8198587894439697
1653,840,808,True,0.8372575044631958
1654,840,811,False,0.7617461681365967
1655,840,226,False,0.497720867395401
1656,841,799,False,0.7859152555465698
1657,841,800,False,0.682460367679596
1658,841,801,False,0.711938202381134
1659,841,802,False,0.7470676302909851
1660,841,664,False,0.7120868563652039
1661,841,665,False,0.6681156754493713
1662,841,803,True,0.8312838673591614
1663,841,804,False,0.7901760339736938
1664,841,805,False,0.7769491076469421
1665,841,806,False,0.7944201231002808
1666,841,808,False,0.7967879176139832
1667,841,807,False,0.7284637689590454
1668,841,811,False,0.729662299156189
1669,841,810,False,0.7230048775672913
1670,842,799,False,0.7715632319450378
1671,842,800,True,0.804492712020874
1672,842,801,False,0.7731536626815796
1673,842,802,False,0.782268226146698
1674,842,664,False,0.7294436693191528
1675,842,665,False,0.7429322600364685
1676,842,803,False,0.7670207619667053
1677,842,804,False,0.7784938216209412
1678,842,807,False,0.8060196042060852
1679,842,808,False,0.777302086353302
1680,842,805,False,0.7538924217224121
1681,842,806,False,0.7796757221221924
1682,842,811,False,0.7993608713150024
1683,842,812,False,0.7985833287239075
1684,842,810,False,0.7986268997192383
1685,843,799,False,0.7509574890136719
1686,843,800,False,0.7427347898483276
1687,843,801,False,0.7556228041648865
1688,843,802,False,0.7172730565071106
1689,843,664,False,0.7080116868019104
1690,843,665,False,0.6780498027801514
1691,843,803,False,0.7456775307655334
1692,843,804,False,0.7979651093482971
1693,843,805,False,0.7353893518447876
1694,843,806,False,0.7566537857055664
1695,843,807,True,0.8230786323547363
1696,843,808,False,0.7504553198814392
1697,843,810,False,0.7764703035354614
1698,843,811,False,0.7749454975128174
1699,843,812,False,0.78609699010849
1700,844,984,True,0.7205507755279541
1701,845,799,False,0.7608389854431152
1702,845,800,False,0.7603572607040405
1703,845,801,False,0.7766361236572266
1704,845,802,False,0.7337360978126526
1705,845,664,False,0.730696976184845
1706,845,665,False,0.6953043341636658
1707,845,803,False,0.7678745985031128
1708,845,804,False,0.7694993615150452
1709,845,805,False,0.7555859088897705
1710,845,806,False,0.8069297075271606
1711,845,807,False,0.795417308807373
1712,845,808,False,0.7708013653755188
1713,845,810,True,0.8283030986785889
1714,845,811,False,0.7954325079917908
1715,845,812,False,0.8021947741508484
1716,845,227,False,0.0
1717,846,955,True,0.6404858827590942
1718,847,799,False,0.7690391540527344
1719,847,800,False,0.7701609134674072
1720,847,801,False,0.7861486673355103
1721,847,664,False,0.7279734015464783
1722,847,803,False,0.7763164043426514
1723,847,804,False,0.776565670967102
1724,847,805,False,0.7619122862815857
1725,847,806,False,0.7876026630401611
1726,847,807,False,0.8093879222869873
1727,847,808,False,0.7999992370605469
1728,847,810,False,0.811957836151123
1729,847,811,True,0.8289659023284912
1730,847,226,False,0.0
1731,848,799,False,0.7787390947341919
1732,848,800,False,0.7656629085540771
1733,848,801,True,0.8366124033927917
1734,848,802,False,0.744098424911499
1735,848,664,False,0.7903486490249634
1736,848,665,False,0.7035337090492249
1737,848,803,False,0.7904789447784424
1738,848,804,False,0.7851451635360718
1739,848,805,False,0.8196602463722229
1740,848,806,False,0.7944709062576294
1741,848,807,False,0.8003473281860352
1742,848,808,False,0.7877111434936523
1743,848,810,False,0.8102782368659973
1744,848,811,False,0.8082863092422485
1745,848,812,False,0.8220838308334351
1746,849,799,False,0.7813491821289062
1747,849,992,False,0.0
1748,849,801,False,0.8134654760360718
1749,849,664,False,0.7766913175582886
1750,849,804,False,0.8063507080078125
1751,849,805,False,0.802019476890564
1752,849,807,False,0.8155888319015503
1753,849,810,False,0.8114807605743408
1754,849,812,True,0.8489671349525452
1755,850,956,True,0.7189252972602844
1756,851,364,False,0.7054836750030518
1757,852,974,True,0.7017653584480286
1758,853,927,True,0.6378076672554016
1759,854,997,True,0.8147361278533936
1760,855,1011,True,0.6272152662277222
1761,856,1016,False,0.0
1762,856,1010,True,0.6239510774612427
1763,857,842,False,0.7969133257865906
1764,858,842,False,0.792456865310669
1765,858,843,False,0.7865003943443298
1766,858,844,False,0.7895176410675049
1767,859,717,False,0.0
1768,859,672,False,0.0
1769,859,1010,False,0.0
1770,859,661,False,0.0
1771,859,406,False,0.0
1772,859,407,False,0.0
1773,860,491,True,0.8424587845802307
1774,861,418,True,0.8227667212486267
1775,862,922,True,0.7735822796821594
1776,862,918,False,0.0
1777,863,922,False,0.6809087991714478
1778,863,923,True,0.7001699209213257
1779,863,918,False,0.0
1780,863,524,False,0.7724122405052185
1781,864,986,True,0.6964356899261475
1782,864,206,False,0.0
1783,864,942,False,0.0
1784,865,921,True,0.7299964427947998
1785,866,843,False,0.746455192565918
1786,866,844,False,0.8234831094741821
1787,866,1071,False,0.7831978797912598
1788,867,779,False,0.5113338232040405
1789,867,780,False,0.5449357032775879
1790,868,779,False,0.552740752696991
1791,868,780,False,0.5669697523117065
1792,869,596,True,0.7766777873039246
1793,870,1045,True,0.6531821489334106
1794,871,922,False,0.6448423862457275
1795,871,923,False,0.6049304604530334
1796,872,1046,True,0.7469941973686218
1797,873,111,False,0.583977997303009
1798,873,916,True,0.6380532383918762
1799,874,973,True,0.7389117479324341
1800,875,180,False,0.0
1801,875,1047,True,0.5262550115585327
1802,876,1061,True,0.8257313370704651
1803,877,835,True,0.6629527807235718
1804,878,1062,True,0.8218258023262024
1805,879,896,False,0.6395421028137207
1806,879,933,False,0.0
1807,879,170,False,0.0
1808,880,896,True,0.8544998168945312
1809,881,420,False,0.6359630227088928
1810,881,971,False,0.4986644089221954
1811,881,838,True,0.6689047813415527
1812,882,575,True,0.733008861541748
1813,883,677,False,0.3390218615531921
1814,884,266,False,0.6535975337028503
1815,885,964,True,0.7200381755828857
1816,886,963,True,0.6734965443611145
1817,887,528,True,0.8034125566482544
1818,888,489,True,0.7566258907318115
1819,890,891,True,0.6166202425956726
1820,891,908,True,0.7888330221176147
1821,892,930,True,0.6263056993484497
1822,893,928,True,0.6666290163993835
1823,894,929,True,0.6580959558486938
1824,895,1050,True,0.6556169986724854
1825,896,928,False,0.6926568746566772
1826,896,929,False,0.6700942516326904
1827,896,931,True,0.6890794038772583
1828,897,529,False,0.0
1829,897,562,False,0.688144862651825
1830,897,642,False,0.0
1831,898,945,True,0.8619323968887329
1832,899,946,True,0.8360847234725952
1833,900,917,True,0.7138966917991638
1834,901,951,True,0.8459543585777283
1835,902,952,False,0.732552170753479
1836,903,928,False,0.67431640625
1837,903,929,False,0.6552202701568604
1838,903,930,False,0.6185882091522217
1839,903,673,False,0.5130583643913269
1840,904,907,True,0.7453940510749817
1841,905,399,False,0.7376239895820618
1842,905,958,True,0.7156658172607422
1843,905,219,False,0.0
1844,906,957,True,0.784068763256073
1845,907,1000,True,0.6974042654037476
1846,908,1001,True,0.6873332262039185
1847,909,987,True,0.718629002571106
1848,910,989,True,0.802796483039856
1849,910,990,False,0.7560659050941467
1850,910,991,False,0.7303818464279175
1851,910,992,False,0.74079430103302
1852,910,993,False,0.7411119937896729
1853,910,995,False,0.7413619756698608
1854,911,989,False,0.7621473073959351
1855,911,990,True,0.8342368602752686
1856,911,991,False,0.7533663511276245
1857,911,992,False,0.7801117897033691
1858,911,993,False,0.7613853216171265
1859,911,995,False,0.7542159557342529
1860,912,989,False,0.7615066170692444
1861,912,990,False,0.7717373371124268
1862,912,991,True,0.8120154142379761
1863,912,992,False,0.7849530577659607
1864,912,993,False,0.7607128024101257
1865,912,995,False,0.7557672262191772
1866,913,989,False,0.7519229650497437
1867,913,990,False,0.7713934779167175
1868,913,991,False,0.7647796273231506
1869,913,992,True,0.8146904706954956
1870,913,993,False,0.7490209937095642
1871,913,995,False,0.7439537048339844
1872,914,989,False,0.7538466453552246
1873,914,990,False,0.7538114190101624
1874,914,991,False,0.7451409697532654
1875,914,992,False,0.7558985948562622
1876,914,993,False,0.785910964012146
1877,914,995,False,0.7391603589057922
1878,914,996,True,0.764462411403656
1879,915,989,False,0.7578819990158081
1880,915,990,False,0.7656421661376953
1881,915,991,False,0.7511317729949951
1882,915,992,False,0.7608924508094788
1883,915,993,True,0.8137842416763306
1884,915,995,False,0.7485588788986206
1885,916,989,False,0.7832661867141724
1886,916,990,False,0.7794151306152344
1887,916,991,False,0.7532554268836975
1888,916,992,False,0.7668991088867188
1889,916,993,False,0.7679564952850342
1890,916,995,True,0.8118448257446289
1891,917,994,False,0.7620834708213806
1892,917,988,True,0.8017778992652893
1893,918,994,True,0.8086105585098267
1894,918,988,False,0.782235324382782
1895,919,419,False,0.7329891920089722
1896,919,980,True,0.7952762842178345
1897,919,991,False,0.6607346534729004
1898,920,944,True,0.7885787487030029
1899,921,1036,True,0.7740087509155273
1900,922,953,True,0.7836261987686157
1901,923,959,True,0.7638406753540039
1902,923,399,False,0.7343485951423645
1903,923,219,False,0.0
1904,924,925,True,0.7942910194396973
1905,925,962,False,0.8134422302246094
1906,926,972,True,0.8175057768821716
1907,927,1016,True,0.8488478064537048
1908,927,1017,False,0.8145016431808472
1909,927,1071,False,0.7483469247817993
1910,927,962,False,0.8124258518218994
1911,927,1014,False,0.8158823251724243
1912,927,1015,False,0.8152209520339966
1913,928,1016,False,0.8492810726165771
1914,928,1017,False,0.8557157516479492
1915,928,1071,False,0.8291008472442627
1916,928,962,False,0.866546094417572
1917,928,1014,False,0.8576842546463013
1918,928,1015,True,0.8662921190261841
1919,929,1016,False,0.8331516981124878
1920,929,1017,True,0.8587623238563538
1921,929,1071,False,0.7836331129074097
1922,929,962,False,0.8309539556503296
1923,929,1014,False,0.841994047164917
1924,929,1015,False,0.8311731815338135
1925,930,1016,False,0.8662889003753662
1926,930,1017,False,0.8780920505523682
1927,930,1071,False,0.8226548433303833
1928,930,962,False,0.8747949600219727
1929,930,1014,True,0.8821898698806763
1930,930,1015,False,0.8720775842666626
1931,931,972,False,0.7984548807144165
1932,931,975,True,0.8755326271057129
1933,932,669,True,0.8135126829147339
1934,932,1061,False,0.0
1935,932,1062,False,0.0
1936,933,914,True,0.8282029032707214
1937,933,636,False,0.778786838054657
1938,934,431,False,0.0
1939,934,516,False,0.0
1940,934,914,False,0.0
1941,934,554,True,0.5964045524597168
1942,934,636,False,0.0
1943,935,1002,True,0.7583285570144653
1944,935,1003,False,0.7458204030990601
1945,936,1002,False,0.7086299061775208
1946,936,1003,True,0.7570772171020508
1947,936,409,False,0.7450754642486572
1948,937,848,False,0.7362692356109619
1949,938,1013,True,0.7300270199775696
1950,939,939,True,0.8070756793022156
1951,939,971,False,0.0
1952,940,971,False,0.0
1953,940,940,True,0.7353848218917847
1954,941,976,False,0.6884498000144958
1955,941,918,False,0.5818830132484436
1956,942,979,True,0.712897777557373
1957,943,985,False,0.7177122831344604
1958,943,978,True,0.7387576103210449
1959,943,977,False,0.682620108127594
1960,944,985,True,0.7342950701713562
1961,944,978,False,0.7212706804275513
1962,944,977,False,0.735421895980835
1963,945,841,False,0.5586105585098267
1964,945,488,True,0.6419863104820251
1965,946,841,False,0.5355130434036255
1966,946,184,True,0.6807705163955688
1967,947,841,True,0.6188600063323975
1968,947,184,False,0.5554627180099487
1969,948,841,False,0.5891692638397217
1970,948,731,True,0.6798390746116638
1971,949,305,False,0.7510164976119995
1972,950,1024,False,0.5907911062240601
1973,950,1025,False,0.6243300437927246
1974,950,1042,False,0.6587015986442566
1975,951,841,False,0.5243538022041321
1976,951,417,True,0.6036872267723083
1977,952,943,True,0.7159252762794495
1978,952,652,False,0.0
1979,953,13,True,0.8782692551612854
1980,954,912,True,0.7396726608276367
1981,955,953,False,0.6452703475952148
1982,955,958,False,0.6788754463195801
1983,955,959,False,0.6718006134033203
1984,956,953,False,0.6532018780708313
1985,956,949,True,0.7715661525726318
1986,956,958,False,0.6285851001739502
1987,956,959,False,0.6484953165054321
1988,957,953,False,0.6647130250930786
1989,957,958,False,0.6358605623245239
1990,957,959,False,0.6655102968215942
1991,957,87,False,0.7016682028770447
1992,957,950,True,0.7722229957580566
1993,958,953,False,0.7026062607765198
1994,958,1035,True,0.6693350672721863
1995,958,924,False,0.7853726744651794
1996,959,924,False,0.6081399321556091
1997,959,919,True,0.7201711535453796
1998,960,693,False,0.0
1999,960,157,False,0.7475110292434692
2000,960,971,False,0.0
2001,960,676,False,0.6595922708511353
2002,961,1053,True,0.8475663661956787
2003,961,991,False,0.6493354439735413
2004,962,1041,True,0.5367128252983093
2005,963,355,True,0.8941928148269653
2006,964,1029,True,0.8061171770095825
2007,965,670,True,0.7861113548278809
2008,965,391,False,0.7839820384979248
2009,966,22,False,0.0
2010,967,666,True,0.8171846866607666
2011,968,362,True,0.8282336592674255
2012,969,1065,True,0.8629955649375916
2013,969,844,False,0.7159733176231384
2014,969,961,False,0.9205414652824402
2015,969,1071,False,0.7952978610992432
2016,970,1065,False,0.8529613614082336
2017,970,961,True,0.9273601770401
2018,971,960,True,0.8188313245773315
2019,972,393,True,0.7793533802032471
2020,973,1034,True,0.7827280759811401
2021,974,1042,True,0.7431307435035706
2022,974,560,False,0.7578264474868774
2023,974,822,False,0.0
2024,975,1052,False,0.7763972282409668
2025,975,1022,True,0.8019604682922363
2026,976,960,False,0.0
2027,976,1052,True,0.7851439714431763
2028,976,1037,False,0.7901229858398438
2029,976,1022,False,0.7844575047492981
2030,977,960,False,0.0
2031,977,962,False,0.0
2032,977,955,False,0.0
2033,977,1037,True,0.8005938529968262
2034,978,926,True,0.7262605428695679
2035,979,1024,True,0.6385921239852905
2036,979,1025,False,0.6569157838821411
2037,979,541,False,0.0
2038,979,1028,False,0.0
2039,980,607,False,0.7269561886787415
2040,980,595,False,0.7970206141471863
2041,981,901,True,0.793748140335083
2042,982,977,True,0.7418041825294495
2043,983,1007,True,0.6410418152809143
2044,984,1056,True,0.6505961418151855
2045,985,541,False,0.7021564841270447
2046,985,577,False,0.7307871580123901
2047,985,563,False,0.7828860282897949
2048,985,1024,False,0.0
2049,985,1025,False,0.0
2050,985,1026,True,0.725878894329071
2051,985,1028,False,0.7638924717903137
2052,986,589,True,0.8138511180877686
2053,987,938,True,0.7922464609146118
2054,988,104,True,0.8409780859947205
2055,989,918,True,0.7758784294128418
2056,990,1004,True,0.8027719259262085
2057,991,1024,False,0.7211003303527832
2058,991,1025,True,0.7475122213363647
2059,991,1042,False,0.5971353650093079
2060,991,822,False,0.0
2061,992,531,True,0.8647952079772949
2062,994,622,False,0.7637112140655518
2063,994,623,False,0.8461123704910278
2064,994,174,False,0.6167325973510742
2065,994,626,False,0.82962566614151
2066,994,50,False,0.5433152318000793
2067,994,503,False,0.5946189165115356
2068,994,631,False,0.0
2069,994,1060,True,0.8076438307762146
2070,994,57,False,0.5771538019180298
2071,994,34,False,0.5643575191497803
2072,994,35,False,0.6002641916275024
2073,994,742,False,0.5941781997680664
2074,994,614,False,0.6008538007736206
2075,994,297,False,0.8552249073982239
2076,994,620,False,0.6852285265922546
2077,995,607,False,0.8441523909568787
2078,995,595,False,0.7062599658966064
2079,996,952,False,0.6253840923309326
2080,996,890,False,0.5384134650230408
2081,996,859,False,0.7655736207962036
2082,996,1002,False,0.7630713582038879
2083,996,973,False,0.0
2084,996,1043,True,0.6694256067276001
2085,996,408,False,0.6574223041534424
2086,997,246,True,0.826697587966919
2087,998,4,False,0.7575311064720154
2088,998,93,True,0.9001567363739014
2089,999,484,True,0.711449921131134
2090,1000,360,False,0.6767221093177795
2091,1000,1038,True,0.7563788294792175
2092,1001,1075,True,0.7607788443565369
2093,1002,413,False,0.7154558300971985
2094,1002,414,True,0.7729560136795044
2095,1002,369,False,0.7586843967437744
2096,1002,441,False,0.7053062915802002
2097,1003,983,True,0.7459688782691956
2098,1004,571,False,0.7610780000686646
2099,1005,247,False,0.6139687299728394
2100,1005,386,False,0.0
2101,1006,623,False,0.8251656293869019
2102,1006,505,False,0.6540406942367554
2103,1006,626,False,0.8040822744369507
2104,1007,913,True,0.7604727745056152
2105,1007,241,False,0.7667641639709473
2106,1008,787,True,0.7822321653366089
2107,1009,60,False,0.3961119055747986
2108,1009,1044,True,0.7932299375534058
2109,1010,1042,False,0.0
2110,1010,584,False,0.0
2111,1010,585,False,0.0
2112,1010,1066,False,0.577795147895813
2113,1011,954,True,0.8581296801567078
2114,1012,563,False,0.7961056232452393
2115,1012,1024,False,0.0
2116,1012,1025,False,0.0
2117,1012,1026,False,0.7245874404907227
2118,1012,1028,True,0.8071054220199585
2119,1012,541,False,0.7512456178665161
2120,1012,545,False,0.6663925647735596
2121,1012,577,False,0.7458531856536865
2122,1013,473,True,0.6883779764175415
2123,1014,427,False,0.6749408841133118
2124,1015,798,True,0.8676953315734863
2125,1016,114,True,0.7975084781646729
2126,1017,477,True,0.8629813194274902
2127,1018,181,False,0.0
2128,1018,472,True,0.7758967280387878
2129,1019,1057,True,0.7465873956680298
2130,1020,8,True,0.7466156482696533
2131,1021,10,True,0.867696225643158
2132,1022,1,True,0.7638527750968933
2133,1023,0,True,0.7828062176704407
2134,1024,358,True,0.7506558299064636
2135,1025,1039,True,0.7750792503356934
2136,1026,438,True,0.8215078115463257
2137,1027,485,True,0.692457914352417
2138,1027,719,False,0.6340119242668152
2139,1028,906,True,0.6518382430076599
2140,1029,451,True,0.7301008701324463
2141,1030,1063,True,0.7673921585083008
2142,1031,1040,True,0.7204378843307495
2143,1032,834,True,0.7525925040245056
2144,1033,1021,False,0.7920575141906738
2145,1034,924,True,0.8772882223129272
2146,1034,919,False,0.6643852591514587
2147,1035,183,True,0.7953430414199829
2148,1036,1008,True,0.7214547991752625
2149,1037,837,True,0.7762632369995117
2150,1038,1072,False,0.7784941792488098
2151,1039,900,True,0.7563817501068115
2152,1040,514,True,0.8524950742721558
2153,1041,947,True,0.5820810794830322
2154,1042,293,False,0.7161464691162109
2155,1043,722,True,0.9231249690055848
2156,1044,913,False,0.6780915856361389
2157,1044,241,True,0.834438681602478
2158,1045,328,True,0.6926138401031494
2159,1045,329,False,0.5814129114151001
2160,1046,294,True,0.8094264268875122
2161,1047,1059,True,0.5972223281860352
2162,1048,525,False,0.0
2163,1049,702,False,0.6929206252098083
2164,1050,1071,False,0.8294286727905273
2165,1051,557,False,0.4332689642906189
2166,1052,764,False,0.0
2167,1052,765,False,0.0
2168,1052,999,True,0.8244333267211914
2169,1053,982,True,0.8141633868217468
2170,1054,154,False,0.0
2171,1054,42,False,0.5832515954971313
2172,1054,435,True,0.7555456757545471
2173,1055,649,True,0.8268786072731018
2174,1055,650,False,0.7741805911064148
2175,1056,1070,True,0.5169582962989807
2176,1057,989,False,0.5108250975608826
2177,1057,990,False,0.4873941838741302
2178,1057,991,False,0.5186948776245117
2179,1057,992,False,0.52911776304245
2180,1057,993,False,0.505079984664917
2181,1057,995,False,0.58406662940979
2182,1057,838,False,0.5243897438049316
2183,1057,971,True,0.5772295594215393
2184,1057,420,False,0.7322643399238586
2185,1058,832,True,0.8317419290542603
2186,1058,224,False,0.5629115700721741
2187,1058,482,False,0.8092450499534607
2188,1059,366,False,0.0
2189,1059,94,True,0.7057205438613892
2190,1059,153,False,0.4999855160713196
2191,1060,981,True,0.6372713446617126
2192,1061,791,False,0.6496788263320923
2193,1061,724,False,0.4780640006065368
2194,1062,1073,False,0.0
2195,1062,1074,False,0.0
2196,1063,1073,False,0.0
2197,1063,1074,True,0.4294107556343078
2198,1064,506,True,0.8236382007598877
2199,1065,787,False,0.670050323009491
2200,1065,375,True,0.7626742124557495
2201,1066,102,True,0.7885273694992065
2202,1066,65,False,0.6613249778747559
2203,1067,611,True,0.76334547996521
2204,1069,1067,True,0.6460707783699036
2205,1070,1024,False,0.0
2206,1070,344,False,0.0
2207,1070,557,False,0.6208094358444214
2208,1071,382,True,0.7104827165603638
2209,1071,465,False,0.0
2210,1072,827,False,0.6274345517158508
2211,1072,883,False,0.6140087842941284
2212,1072,869,False,0.6229124665260315
2213,1072,886,False,0.5833868980407715
2214,1073,374,True,0.893189549446106
2215,1074,22,True,0.8296691179275513
2216,1075,17,False,0.776504397392273
