,D1,D2,responses,weight
0,0,886,False,0.0025281143753813
1,1,151,True,4.123371268349002e-05
2,2,33,False,1.5507963339174666e-05
3,2,426,False,3.175409627841992e-05
4,3,192,True,3.7725883728826346e-05
5,4,150,False,9.813542688910696e-05
6,5,188,False,4.963025460320612e-05
7,6,210,False,0.0188679245283018
8,7,158,False,9.249838127832764e-05
9,8,37,False,0.0008176614881439
10,9,174,False,4.107619634421853e-05
11,9,144,False,3.813155386081983e-05
12,9,176,True,4.107619634421853e-05
13,9,742,False,8.375910880308234e-05
14,9,57,False,5.215123859191656e-05
15,9,138,False,6.510840549514942e-05
16,10,174,True,2.5451121121885417e-05
17,10,144,False,2.4288941245051127e-05
18,10,176,False,2.5451121121885417e-05
19,11,174,False,3.668513151619649e-05
20,11,144,False,3.431826761385085e-05
21,11,176,False,3.668513151619649e-05
22,11,743,False,4.516915849857717e-05
23,11,57,False,4.527140205532165e-05
24,12,58,True,5.5503135927179885e-05
25,13,194,False,0.0002547770700636
26,13,58,False,5.276209571044162e-05
27,14,333,False,0.0001665278934221
28,15,333,False,0.0001713208840157
29,16,832,False,0.0062079263927035
30,16,482,False,0.0110936098464649
31,17,830,True,1.7103665315477107e-05
32,17,564,False,6.925242898417135e-05
33,18,208,False,0.0004130524576621
34,19,39,True,3.2794411832223785e-05
35,19,40,True,3.835973761939468e-05
36,20,40,True,3.8128646051778696e-05
37,21,193,False,0.0003361344537815
38,22,62,False,4.932182490752157e-05
39,22,737,False,3.761519653940192e-05
40,23,969,False,0.0001157541382104
41,23,479,False,1.8725539763683688e-05
42,23,1029,False,0.0079104079637365
43,24,42,False,0.0001500825453999
44,25,21,True,4.657878801993572e-05
45,26,198,True,0.0001658099817609
46,27,47,False,6.266842138246538e-05
47,28,48,True,5.806863712908658e-05
48,29,41,False,5.296610169491525e-05
49,29,43,False,5.296610169491525e-05
50,30,41,False,5.296610169491525e-05
51,30,43,True,5.296610169491525e-05
52,31,631,False,4.189885616122679e-05
53,32,174,False,3.925725277745063e-05
54,32,50,False,4.948290365678658e-05
55,32,1060,False,7.062645667066883e-05
56,32,57,True,4.925380485642516e-05
57,32,34,False,4.091820450918613e-05
58,32,35,False,3.940265573899681e-05
59,32,742,False,7.899518129394108e-05
60,32,234,False,0.0003749006513273
61,33,195,False,0.0002837684449489
62,35,196,True,0.000122414004162
63,36,225,True,4.290924694271615e-05
64,37,167,False,9.837678307919332e-05
65,37,385,False,0.0002024701356549
66,38,189,True,3.894991041520604e-05
67,39,969,True,0.0001172195522213
68,40,54,False,6.499837504062398e-05
69,40,33,False,1.597367538296887e-05
70,41,796,False,0.0001144819690898
71,41,797,True,0.0001026211680243
72,42,796,True,0.0001658099817609
73,42,385,False,0.0004372540445999
74,42,797,False,0.0001250454033905
75,43,220,False,0.0016177225683124
76,43,342,False,6.351626016260162e-05
77,43,175,False,0.0005230814085164
78,43,820,False,4.699468960007519e-05
79,44,191,False,4.342350948803682e-05
80,45,762,False,3.780146669690784e-05
81,45,219,False,5.168225748100677e-05
82,46,214,False,8.700191404210893e-05
83,46,1058,False,0.000942507068803
84,46,209,False,0.0003755163349605
85,47,79,True,0.0003451846738004
86,47,521,False,0.0001183852255238
87,48,63,False,0.0001107542363495
88,49,101,False,0.0011641443538998
89,50,55,False,0.0001675603217158
90,51,350,False,0.0002131741632914
91,52,61,False,0.0003271180896303
92,53,116,False,0.0001126252956414
93,53,124,False,5.4806532938726295e-05
94,54,64,False,6.205398696866273e-05
95,55,101,False,0.001564945226917
96,56,106,False,4.408004936965529e-05
97,57,105,False,4.3985045084671205e-05
98,57,539,False,3.707960992250362e-05
99,58,20,False,4.191993292810732e-05
100,59,165,False,0.0001310444240597
101,59,166,False,0.0005918679576088
102,59,16,False,0.0005652911249293
103,60,157,False,6.397952655150351e-05
104,60,676,False,9.277298450691158e-05
105,61,77,True,0.0002558199027884
106,62,59,True,0.0001578531965272
107,63,1024,False,0.0005485463521667
108,63,344,False,6.433764395547835e-05
109,64,72,True,0.0001298869983114
110,65,74,True,0.0001273398701133
111,66,312,False,4.882574093061862e-05
112,66,724,False,0.0001645819618169
113,67,221,False,0.0001863238308179
114,68,1058,False,0.0005851375073142
115,69,571,False,0.0003192455980943
116,70,937,True,0.0227272727272727
117,71,342,False,0.0001029442042413
118,71,175,False,0.0007391920780278
119,71,1058,False,0.0013568521031207
120,72,76,True,0.000154631204577
121,72,77,True,0.0002391772303276
122,73,682,False,2.6928773394371888e-05
123,73,219,False,5.602554764972828e-05
124,74,781,False,3.357620118859752e-05
125,74,219,False,5.188336619279859e-05
126,75,224,False,0.0084745762711864
127,76,286,False,0.0002699055330634
128,76,111,False,0.0003210272873194
129,77,342,False,0.0001029442042413
130,77,175,False,0.0007391920780278
131,77,1058,False,0.0013568521031207
132,78,80,True,9.1066387396412e-05
133,79,146,False,9.049773755656108e-05
134,80,75,True,0.0001120699316373
135,81,647,False,0.0004046391018151
136,81,254,True,0.0006317119393556
137,82,68,False,0.0001183572020357
138,83,197,False,0.0012360939431396
139,84,145,False,0.0002792649745868
140,84,146,False,0.0001217730150998
141,85,152,True,3.712906589166248e-05
142,85,555,False,8.327673703738507e-05
143,86,207,False,2.9469837621194707e-05
144,87,71,True,8.887127920948997e-05
145,87,272,False,0.0002107481559536
146,87,676,False,0.0001116196004018
147,88,49,False,4.244302024532065e-05
148,89,20,False,4.471472008585226e-05
149,90,84,True,0.0001247816321437
150,91,85,False,5.9182103331952414e-05
151,92,85,False,5.9182103331952414e-05
152,93,86,True,4.8773350241428086e-05
153,93,924,False,0.0001755309812181
154,93,96,True,7.432181345224824e-05
155,94,924,False,0.0001755309812181
156,94,97,False,7.432181345224824e-05
157,94,83,False,5.408621342419817e-05
158,95,85,False,5.8688890193086445e-05
159,96,84,False,0.0001310787783457
160,97,38,False,7.116677934740064e-05
161,98,190,False,5.157483652658306e-05
162,99,18,True,1.179036726994046e-05
163,100,26,True,0.0006327596744203
164,101,133,False,0.001088139281828
165,102,206,False,0.0005977286312014
166,102,320,False,0.0001763979537837
167,102,386,False,0.0003806623524933
168,103,165,False,0.0001225640397107
169,103,166,False,0.0005537734961915
170,104,112,False,7.401924500370096e-05
171,105,465,False,0.000233481204763
172,105,466,False,0.0002491901320707
173,106,91,True,0.0004364906154517
174,107,313,False,0.0001129305477131
175,108,121,False,0.000118021952083
176,109,84,False,0.0001180776951233
177,109,100,True,3.165658931906677e-05
178,109,98,False,2.7804810232170165e-05
179,109,83,False,6.185439475474732e-05
180,110,84,False,0.000124239035905
181,110,100,False,3.312903760145768e-05
182,110,98,False,2.8744718158038457e-05
183,111,351,False,0.000136128505309
184,111,354,False,0.0002273243919072
185,111,243,False,3.786014462575247e-05
186,112,51,False,0.0005500550055005
187,113,222,False,0.0025706940874035
188,113,476,False,0.0003402517863218
189,114,122,True,5.318866017765012e-05
190,116,25,True,0.0001435338022104
191,117,509,False,0.0004065040650406
192,117,142,False,0.0002977076510866
193,118,129,False,9.596008060646768e-05
194,119,119,False,0.0001626721613707
195,120,173,False,4.996252810392206e-05
196,120,265,True,3.584357862288971e-05
197,121,126,True,0.0001897893338394
198,122,135,False,0.0002222716159146
199,122,331,False,0.0001333511134817
200,123,78,False,0.0004403346543372
201,124,82,False,0.0001025746230382
202,125,127,False,3.828352665561968e-05
203,126,29,False,0.0002604845011721
204,127,27,False,4.9838026414154e-05
205,128,27,True,5.36394357131363e-05
206,129,856,False,0.001058201058201
207,129,349,False,0.0002013287698812
208,129,904,False,0.0002503128911138
209,130,200,False,7.730962504831851e-05
210,131,172,True,0.0001120197154699
211,132,148,False,0.0001257515398765
212,133,199,False,0.0018248175182481
213,133,273,False,0.0003608805485384
214,134,9,False,0.0007295232445345
215,135,143,True,3.924615711904236e-05
216,136,356,True,0.0001958863858961
217,137,401,False,9.019572472264816e-05
218,137,235,False,0.0001731901627987
219,138,28,False,3.801414126054892e-05
220,139,904,False,0.0002258866049243
221,140,856,False,0.0009784735812133
222,140,349,False,0.0001916075876604
223,141,933,False,0.0001317696666227
224,141,170,False,5.188067444876784e-05
225,142,933,True,0.0001103874599845
226,142,170,False,4.320400933206601e-05
227,143,463,False,0.0007067137809187
228,143,242,False,9.107468123861566e-05
229,144,1030,False,0.0032786885245901
230,144,275,False,9.029345372460498e-05
231,146,173,False,4.4093654923056575e-05
232,146,138,False,4.721658246376127e-05
233,147,331,False,6.150439756442585e-05
234,148,351,False,0.0001551109042965
235,148,354,False,0.000265886732252
236,148,243,False,4.221724996833706e-05
237,149,221,False,0.0001589572405023
238,149,267,False,0.0003054367745876
239,150,205,False,0.0002604845011721
240,151,186,True,7.60051683514479e-05
241,152,173,False,5.40452899529806e-05
242,152,265,False,3.854158637169506e-05
243,153,244,True,7.320108337603396e-05
244,154,237,True,0.0004750593824228
245,155,134,False,0.0003677822728944
246,156,187,True,0.0001167416507269
247,157,560,False,4.095171792456694e-05
248,157,501,False,4.474873584821229e-05
249,157,897,False,3.4207915711695686e-05
250,157,700,True,0.0001234720335843
251,157,62,False,5.630947688495974e-05
252,157,739,False,3.263388049472963e-05
253,157,710,False,3.263388049472963e-05
254,157,1042,False,4.171011470281544e-05
255,158,204,True,0.0001102414287289
256,158,236,False,2.445645528137152e-05
257,159,236,False,2.9469837621194707e-05
258,159,408,False,4.70787627701144e-05
259,160,4,True,0.0001649932046613
260,161,234,False,0.0003178976369608
261,162,110,True,0.000352360817477
262,163,232,False,7.394808844191378e-05
263,164,73,True,6.251953735542356e-05
264,165,32,False,0.000134970981239
265,166,814,False,0.0025706940874035
266,168,938,False,5.051780752715332e-05
267,168,255,True,7.032843378577959e-05
268,169,245,False,8.576329331046313e-05
269,169,932,False,4.759411736709343e-05
270,170,156,True,6.222388152572957e-05
271,170,155,False,6.020469596628536e-05
272,171,45,False,0.0004275331338178
273,172,257,False,5.629045876723895e-05
274,172,354,False,0.0002628120893561
275,174,276,False,0.0001482158906355
276,174,179,False,0.0001979779917313
277,175,180,False,0.0002690661366714
278,175,277,True,0.0006234413965087
279,175,276,False,0.0001913756106035
280,175,611,False,0.0008424599831508
281,176,156,False,4.99001996007984e-05
282,176,157,False,4.99001996007984e-05
283,176,631,False,4.696379091720284e-05
284,176,155,True,4.859322610428106e-05
285,177,445,True,0.0001631055292774
286,178,165,True,0.0001026377912347
287,179,166,False,0.000607053271788
288,179,291,False,0.0004330879168471
289,180,130,False,6.11545988258317e-05
290,181,132,False,9.152480322167308e-05
291,181,130,False,7.246901949416625e-05
292,181,131,False,0.0003734129947722
293,182,160,False,0.000713389584512
294,183,278,False,0.0001454545454545
295,184,206,False,0.0006389776357827
296,184,527,False,0.00028129395218
297,184,272,False,0.0002430133657351
298,184,291,False,0.0004914759637536
299,184,299,True,0.0002455192732629
300,185,314,False,0.0001147578609134
301,186,424,False,0.0002574665293511
302,186,352,False,0.0002809778027535
303,187,311,False,1.934984520123839e-05
304,187,274,False,0.0015600624024961
305,188,854,False,5.3498823025893424e-05
306,189,557,False,0.0001353179972936
307,189,264,True,5.611672278338945e-05
308,190,137,False,3.999520057593088e-05
309,191,136,False,0.0001379120121362
310,192,261,False,0.000274197970935
311,192,439,True,6.228977201943441e-05
312,193,260,False,5.411548243952596e-05
313,194,81,False,0.0002321262766945
314,195,279,False,4.837695321948623e-05
315,196,116,False,0.0001145344175924
316,197,240,True,0.0001149293184691
317,198,89,False,5.2167562209817936e-05
318,199,61,False,0.0004640371229698
319,199,31,False,0.0001806684733514
320,199,233,True,6.70735797169495e-05
321,200,131,True,0.0002072538860103
322,201,276,True,0.000116737799451
323,202,253,True,0.0003934673920456
324,203,164,False,0.0019113223512593
325,203,527,True,0.0002835270768358
326,204,271,True,3.689628454414641e-05
327,205,263,True,0.0002010050251256
328,205,432,False,6.869075422448138e-05
329,206,487,False,0.0001525553012967
330,206,216,False,0.0001394505647747
331,207,182,False,0.0007987220447284
332,207,216,False,0.0001466490687784
333,208,290,True,5.230946278181723e-05
334,208,353,False,0.0004310449802412
335,208,242,False,6.769564040075819e-05
336,209,469,True,0.0007007708479327
337,209,240,False,0.0001322576378785
338,209,121,False,0.0001377979881493
339,210,318,False,5.689253001080958e-05
340,211,316,False,0.000383288616328
341,211,317,False,0.0003749531308586
342,212,321,True,0.0003254149040026
343,213,323,False,0.0001417434443656
344,214,14,False,3.5778175313059034e-05
345,214,3,False,2.8669724770642203e-05
346,215,197,False,0.001039501039501
347,215,608,False,0.0001827819411442
348,215,365,True,3.865331838738356e-05
349,216,197,True,0.0008058017727639
350,216,366,True,2.95840482811668e-05
351,217,282,False,3.3921302578019e-05
352,218,12,False,0.0007147962830593
353,219,281,True,0.0004710315591144
354,220,310,False,0.0008103727714748
355,221,249,False,4.926108374384236e-05
356,222,251,False,8.107012565869476e-05
357,223,357,False,0.0020120724346076
358,224,140,False,0.0009784735812133
359,224,259,True,0.000740192450037
360,225,433,False,4.720989519403267e-05
361,226,434,False,5.6395217685540266e-05
362,227,123,True,4.589261128958238e-05
363,228,317,False,0.0003484320557491
364,228,512,False,0.0032467532467532
365,228,322,False,0.0001955330903275
366,228,315,False,0.0001503276919314
367,229,317,False,0.0002781641168289
368,229,322,True,0.0001680659621274
369,229,323,False,0.0001257071024512
370,230,347,False,2.97167989064218e-05
371,231,182,False,0.0008613264427217
372,231,250,False,0.0002245172878311
373,232,181,False,6.007449237053947e-05
374,233,287,False,0.0009608938547486
375,234,483,True,0.0009057971014492
376,235,215,True,5.914010290377905e-05
377,236,760,False,4.63843406465977e-05
378,236,367,False,3.339121143315079e-05
379,236,758,False,5.8868546535586034e-05
380,236,759,False,0.0001890001890001
381,237,14,False,3.463323405139572e-05
382,237,3,False,2.7929840241313823e-05
383,238,530,False,4.6687520425790186e-05
384,238,363,False,3.533069530808366e-05
385,239,399,False,2.446722615057131e-05
386,239,361,False,0.0005350454788657
387,240,333,True,0.0001488316713796
388,240,690,False,7.508071176514753e-05
389,241,404,False,0.000118511495615
390,241,405,False,4.879953152449737e-05
391,242,280,False,3.152286984207042e-05
392,243,308,False,6.0569351907934585e-05
393,244,324,True,9.256687957048968e-05
394,244,308,False,6.842753524018066e-05
395,245,248,False,3.3457124694703736e-05
396,246,413,False,0.0001281394156842
397,246,248,False,3.543209439109945e-05
398,246,211,True,5.274539796402764e-05
399,247,317,True,0.0003079765937788
400,247,322,False,0.0001802174983121
401,248,440,False,0.0002185792349726
402,248,177,False,0.0001430410527821
403,248,178,False,0.0013755158184319
404,249,862,True,0.0004306632213608
405,250,173,False,4.789501412902917e-05
406,250,616,False,8.071676487206392e-05
407,250,138,False,5.081559022308044e-05
408,250,331,False,6.640547181087722e-05
409,251,404,False,0.0001231678778174
410,251,405,True,5.067653169817058e-05
411,252,228,False,0.0002185792349726
412,252,689,False,0.0001430001430001
413,252,346,True,8.192692118630183e-05
414,253,447,False,4.23782684239522e-05
415,254,258,True,0.0007077140835102
416,255,856,False,0.0007518796992481
417,255,416,True,4.1993868895141305e-05
418,255,737,False,4.574565416285453e-05
419,255,853,False,3.555555555555555e-05
420,256,296,False,5.927071851011295e-05
421,257,309,False,0.0002128347720956
422,258,203,False,0.0004113533525298
423,259,217,True,3.797516424258536e-05
424,260,262,False,7.580351728320194e-05
425,261,332,False,7.317430118542368e-05
426,261,932,False,5.328502158043374e-05
427,262,213,False,0.0002952465308532
428,263,480,False,0.0005414185165132
429,263,1029,True,0.0071652845986635
430,264,115,False,0.0002607561929595
431,265,360,True,5.943183168905266e-05
432,265,17,False,0.0061044338486208
433,265,1038,False,5.318866017765012e-05
434,266,340,False,5.408036342004218e-05
435,266,344,False,5.853430110044486e-05
436,266,336,True,5.3885116930703737e-05
437,266,345,False,5.29296564865294e-05
438,267,175,False,0.0004512535231063
439,268,108,False,0.0001196315348725
440,268,175,False,0.0005230814085164
441,268,343,False,0.0001295169019557
442,269,175,False,0.0004837920338066
443,270,108,False,0.0001231982259455
444,270,175,False,0.0005424653034065
445,270,107,False,0.0001126506702714
446,271,413,False,0.0001536334306345
447,271,369,False,6.866796159396106e-05
448,272,370,False,4.550625711035267e-05
449,273,359,True,0.000124239035905
450,274,390,True,4.2009746261132585e-05
451,275,852,False,5.172197223268976e-05
452,275,740,False,6.406970784213224e-05
453,276,68,False,0.0001174536058256
454,277,55,False,9.71628449280995e-05
455,277,681,False,2.41785342972509e-05
456,277,790,False,0.0001102049812651
457,279,623,False,3.890596428432479e-05
458,279,297,False,0.000174611489436
459,279,626,False,5.834455950020552e-05
460,280,626,False,6.189058091052455e-05
461,280,298,False,0.000112157918349
462,281,277,False,0.0004730368968779
463,282,113,True,0.0003062787136294
464,283,520,False,4.675300388049933e-05
465,283,243,False,3.2238305554660043e-05
466,284,120,False,4.774865110060641e-05
467,285,274,True,0.0022883295194508
468,286,319,False,4.238365686191404e-05
469,287,372,False,9.7380465478625e-05
470,288,337,True,0.0005108133787777
471,289,341,True,5.164755707055056e-05
472,289,107,False,0.0001035303861683
473,290,167,False,9.749439407234084e-05
474,290,385,False,0.0002003606491685
475,291,379,False,0.0002391772303276
476,293,174,False,3.668513151619649e-05
477,293,144,False,3.431826761385085e-05
478,293,176,False,3.668513151619649e-05
479,293,505,False,6.583711896767397e-05
480,293,57,False,4.527140205532165e-05
481,294,737,True,4.325259515570934e-05
482,294,146,False,0.0001024590163934
483,295,168,False,0.0007975221173284
484,296,368,True,0.0001880052641473
485,297,413,False,0.0001578781180928
486,297,414,False,4.953683063357606e-05
487,298,412,True,2.064452197609364e-05
488,298,413,False,0.0001596424010217
489,298,414,False,5.0022510129558295e-05
490,298,505,False,6.676013084985647e-05
491,299,413,False,0.0001480604086467
492,299,414,False,4.6809904975892894e-05
493,300,367,False,3.1961135259524414e-05
494,301,416,False,4.251881457544964e-05
495,301,385,False,0.0002936857562408
496,301,370,False,4.9588416145988295e-05
497,301,251,True,0.0001079563856202
498,302,412,False,1.9952513019014742e-05
499,302,416,False,3.697267719155544e-05
500,302,370,False,4.4290902648595976e-05
501,302,505,False,6.321512105695681e-05
502,302,251,False,9.09835319807115e-05
503,303,486,False,0.0141987829614604
504,304,903,False,8.521516829995739e-05
505,304,1068,False,3.0281924719135148e-05
506,304,902,True,5.548773721007657e-05
507,304,855,False,0.0001582827970223
508,305,389,False,3.691620737211151e-05
509,306,117,False,0.0001829654476789
510,306,377,False,0.0001802742942723
511,306,378,False,5.953444067392987e-05
512,307,118,True,0.0001862544235425
513,307,377,False,0.0002009656657889
514,307,378,False,6.5603883749918e-05
515,308,342,True,6.117330397014743e-05
516,308,107,False,0.0001020720628763
517,309,941,False,0.0030487804878048
518,310,392,False,0.0001698829421659
519,310,218,False,0.0001083071591032
520,311,462,False,4.08313257931485e-05
521,311,1051,False,0.0001047449460563
522,312,380,False,0.0003206155819172
523,313,725,False,7.2535418281216e-05
524,314,68,False,4.778059152372307e-05
525,314,407,False,5.598163802272855e-05
526,315,406,False,5.8578876457149553e-05
527,315,732,False,3.27847354271851e-05
528,316,1016,False,0.0001760144124742
529,316,1049,False,4.825556145345751e-05
530,317,302,False,0.0002958313504058
531,318,699,False,5.805852299117511e-05
532,319,672,False,5.827845445538784e-05
533,319,848,False,2.41785342972509e-05
534,319,1010,False,4.484103851845209e-05
535,319,661,False,5.768676088837612e-05
536,319,406,False,6.060973392326808e-05
537,319,407,False,6.493928177154361e-05
538,320,387,False,4.3045930007317805e-05
539,321,464,False,8.356313194618534e-05
540,321,467,False,3.508895048949086e-05
541,321,839,True,8.418217021634818e-05
542,322,153,False,3.198873996353284e-05
543,322,515,False,5.820721769499418e-05
544,324,555,False,7.695419457556122e-05
545,325,552,False,5.538325210456358e-05
546,325,704,False,0.0001295169019557
547,326,980,True,8.251505899826719e-05
548,326,419,False,2.7747717750215044e-05
549,327,970,False,0.0007491092187728
550,328,623,False,3.4042553191489365e-05
551,328,297,False,0.0001528350909368
552,328,626,False,5.150381056265467e-05
553,329,174,False,3.759257170783053e-05
554,329,50,False,4.6866944743872144e-05
555,329,1060,False,6.720881779689495e-05
556,329,57,False,4.6661378377117256e-05
557,329,667,False,0.000332778702163
558,329,807,False,5.6615523976674406e-05
559,329,34,False,3.911291899714476e-05
560,329,35,False,3.7725883728826346e-05
561,329,386,False,0.0002909514111143
562,329,742,False,7.474400179385604e-05
563,329,743,False,4.60426354804549e-05
564,330,377,True,0.0001656550382493
565,331,378,False,5.005255518294209e-05
566,332,677,False,0.0032786885245901
567,332,381,True,5.448700484934342e-05
568,335,558,False,9.870873886857151e-05
569,335,595,False,1.6317472749820508e-05
570,336,383,False,4.172055571780216e-05
571,336,138,False,5.995563283170454e-05
572,337,179,False,0.0002132722359746
573,338,325,False,5.166890565257828e-05
574,339,397,False,0.0024096385542168
575,340,398,False,0.1666666666666666
576,341,401,False,5.2369730295888974e-05
577,342,408,False,3.1008713448479025e-05
578,343,436,False,8.488964346349746e-05
579,344,109,True,0.0005745834270154
580,345,409,False,0.0001062134891131
581,347,429,True,2.629019112968952e-05
582,348,399,False,2.5040691123075e-05
583,349,1031,False,3.095591877166915e-05
584,350,432,True,5.595970900951315e-05
585,351,202,False,4.519281329529896e-05
586,352,289,False,0.0002339728591483
587,353,421,False,3.751827405633893e-05
588,354,273,False,0.0001916075876604
589,355,845,False,0.0001280245807194
590,355,846,True,0.0012642225031605
591,355,762,False,4.408393581378946e-05
592,355,278,False,0.0001207875347264
593,355,310,False,0.0008976660682226
594,356,846,False,0.0012642225031605
595,357,420,False,5.258176464402146e-05
596,357,971,False,0.0026923076923076
597,357,838,False,8.877052818464269e-05
598,359,157,False,5.864758665180928e-05
599,359,676,False,7.807010695604652e-05
600,360,351,False,0.0001734605377276
601,360,354,False,0.0003051571559353
602,360,243,True,4.625560849252972e-05
603,361,465,False,0.000190602190804
604,361,466,False,0.0001929384526336
605,362,608,False,0.0001560792882784
606,363,399,False,2.326825976685204e-05
607,363,400,False,2.9220115127253605e-05
608,364,431,False,5.943183168905266e-05
609,365,270,False,0.0007712768550812
610,366,225,False,5.334186803221849e-05
611,366,476,False,0.000273298715496
612,367,840,False,8.368901163277262e-05
613,367,454,False,6.410667350471184e-05
614,368,455,True,5.650036725238714e-05
615,368,1020,False,3.5963461123498524e-05
616,369,452,False,8.843296781039972e-05
617,370,463,False,0.0004543389368468
618,371,285,False,3.021148036253776e-05
619,371,329,False,0.0001786033220217
620,372,693,False,0.0009132420091324
621,372,171,True,3.279656292020597e-05
622,373,177,False,0.0001277628721093
623,373,178,True,0.0011494252873563
624,374,327,False,0.0001602820964898
625,375,412,False,2.145048156331109e-05
626,375,175,False,0.0005461450428515
627,376,334,True,0.0002367984844896
628,377,7,False,4.096681687832855e-05
629,378,521,True,5.165556072111162e-05
630,379,1027,False,4.096681687832855e-05
631,379,1023,False,5.5239463072418936e-05
632,380,388,False,0.0113636363636363
633,381,453,False,0.0001720766523269
634,382,559,False,2.434452369939382e-05
635,383,1012,False,6.532958777030116e-05
636,384,426,False,3.0630685821055535e-05
637,385,442,False,0.0005830903790087
638,385,443,False,4.404510218463706e-05
639,386,216,False,0.0001369300287553
640,386,442,False,0.0005955926146515
641,386,443,False,4.460502252553637e-05
642,387,442,False,0.0005750431282346
643,387,443,False,4.367956669869834e-05
644,388,442,False,0.0005750431282346
645,388,443,False,4.367956669869834e-05
646,389,61,False,0.000272257010618
647,389,601,False,7.227000072270001e-05
648,390,384,True,0.0002730748225013
649,391,140,True,0.0019801980198019
650,391,259,True,0.0013513513513513
651,392,300,False,0.00021510002151
652,393,422,False,4.261847937265599e-05
653,394,833,False,9.490827792854476e-05
654,394,1051,False,0.0001020512297173
655,394,379,False,0.000183284457478
656,395,185,False,0.0001235635734585
657,396,216,False,0.0001177717583323
658,397,284,True,0.0022197851731445
659,398,410,False,0.0005211047420531
660,399,154,True,0.0002350176263219
661,400,623,False,3.66474878147103e-05
662,400,151,False,3.22102686336404e-05
663,401,239,False,5.790387955993051e-05
664,402,670,True,0.0001743071291615
665,402,391,False,0.0001149293184691
666,403,103,False,7.908070352867009e-05
667,404,616,False,5.450185306300415e-05
668,404,540,False,0.0041631973355537
669,405,616,False,5.7458055619397845e-05
670,405,540,False,0.0044286979627989
671,406,475,False,3.132930229643786e-05
672,407,24,True,0.0016361743269373
673,408,450,True,4.388081969371188e-05
674,409,95,False,0.0001149293184691
675,410,270,False,0.000768249916303
676,410,633,False,3.198873996353284e-05
677,411,440,True,0.0001687194196051
678,412,936,False,0.0001204468268437
679,414,376,True,0.0002370229912301
680,415,161,True,0.0001066098081023
681,416,912,False,0.000255167134473
682,416,164,True,0.0027418329316502
683,416,299,False,0.0003402517863218
684,416,163,False,0.0002480774001488
685,417,527,False,0.0002769315978953
686,417,272,False,0.0002381519409383
687,417,291,True,0.0004845988430202
688,418,320,True,0.0001161575095829
689,419,206,False,0.0005396654074473
690,419,201,True,0.0003660590087122
691,420,386,True,0.0003036744609778
692,421,348,False,5.784024524263983e-05
693,422,750,False,9.57484991823934e-05
694,422,850,False,0.0002186818500083
695,423,727,False,0.000141706896864
696,423,736,False,0.0001095899440926
697,424,238,True,0.000107677398514
698,425,283,False,0.0001488995110626
699,426,448,False,0.0001116944041103
700,427,653,False,8.552576966904043e-05
701,427,501,False,4.249713144362755e-05
702,427,897,False,3.253407944822201e-05
703,427,967,False,0.0002057377264564
704,427,703,False,2.6268092148467256e-05
705,427,640,False,0.0001672520488375
706,427,909,False,4.758505829169641e-05
707,427,739,False,3.110710175132983e-05
708,427,910,False,3.119832776963155e-05
709,427,710,False,3.110710175132983e-05
710,427,584,False,3.556314235925887e-05
711,427,585,False,3.556314235925887e-05
712,427,712,False,3.58461483313618e-05
713,428,357,True,0.00418410041841
714,428,223,False,0.0039840637450199
715,428,941,False,0.0034129692832764
716,429,31,False,0.0001860465116279
717,430,156,False,6.780580417683753e-05
718,430,676,False,0.0001050530517911
719,430,155,False,6.54150585464774e-05
720,431,268,False,3.0501753850846423e-05
721,432,268,False,3.0144997437675218e-05
722,433,948,False,5.2167562209817936e-05
723,433,88,True,5.165556072111162e-05
724,434,2,True,0.0002370762872386
725,435,726,True,9.67162294923416e-05
726,436,727,False,9.52048945337358e-05
727,436,736,False,7.954331372660425e-05
728,437,741,False,0.0001628929793125
729,438,662,False,3.773727310464546e-05
730,438,567,False,0.0003644314868804
731,439,542,False,3.019821614451305e-05
732,440,481,False,0.0006207324643078
733,441,568,False,3.025119707377042e-05
734,442,569,False,2.932511286376413e-05
735,443,561,False,4.268167491723067e-05
736,443,618,True,2.7747717750215044e-05
737,444,562,False,2.6427759718808635e-05
738,445,301,False,2.783654381471997e-05
739,445,892,False,0.0001424704373842
740,446,602,False,9.484066767830044e-05
741,446,154,False,0.0002114164904862
742,446,403,False,4.368910830529949e-05
743,447,893,False,0.0001204964453548
744,448,173,False,5.144297546170071e-05
745,448,740,False,0.0001002506265664
746,449,494,False,3.300983693140556e-05
747,450,965,False,8.719992326406753e-06
748,451,495,False,6.911705837799544e-05
749,452,493,False,2.9910567403463644e-05
750,452,560,False,2.899979700142099e-05
751,453,437,False,0.0003281916639317
752,455,498,False,3.399279352777211e-05
753,456,497,False,2.250478226623157e-05
754,457,496,False,3.05101293629485e-05
755,458,470,False,0.0001902949571836
756,460,861,False,0.0005
757,460,323,False,0.0001417434443656
758,461,17,True,0.00840564714416
759,461,11,False,0.0003873671123201
760,462,661,False,4.825556145345751e-05
761,462,672,False,4.866890543631674e-05
762,462,698,False,5.516632647432007e-05
763,463,564,False,5.709816306349366e-05
764,464,590,False,3.357732858773756e-05
765,465,565,False,3.441767300035916e-05
766,466,591,False,3.4212597078244204e-05
767,467,592,False,3.384667456422406e-05
768,468,566,False,3.29698455234837e-05
769,469,662,True,3.5467281432878166e-05
770,470,686,True,6.558237145855194e-05
771,471,685,False,2.142795920116568e-05
772,471,952,False,8.734387282732117e-05
773,472,728,False,0.0001935359009096
774,473,1051,False,0.0001171097318187
775,474,184,False,0.0005497526113249
776,474,1030,False,0.0008488964346349
777,475,831,False,3.469468601533476e-05
778,476,865,False,3.118119053817526e-05
779,476,829,False,2.049642337412121e-05
780,477,425,False,0.0004046944556859
781,478,865,False,3.1814039261267046e-05
782,478,829,False,2.0896894721444392e-05
783,479,865,False,3.152322534771681e-05
784,479,777,False,3.303300823347731e-05
785,479,829,False,2.0712939373226453e-05
786,480,865,False,3.1814039261267046e-05
787,480,776,False,3.1408383032812426e-05
788,480,829,False,2.0896894721444392e-05
789,481,911,False,2.207310612749426e-05
790,482,778,False,2.2890104607778056e-05
791,482,911,False,2.236686125835961e-05
792,483,597,True,2.4683434946807195e-05
793,483,951,False,2.588460642455932e-05
794,483,243,False,2.799630448780761e-05
795,484,399,False,2.369836718250113e-05
796,484,539,False,3.003634397621121e-05
797,485,530,False,3.3807769025322016e-05
798,486,532,False,3.143171460003143e-05
799,487,482,False,0.0064797694001487
800,488,977,False,2.9634898055950688e-05
801,488,529,True,3.0057108506161708e-05
802,489,394,False,1.88625860605489e-05
803,490,649,False,4.677255031380723e-05
804,490,650,False,2.3177656738903696e-05
805,491,292,True,0.0001976675232259
806,491,673,False,7.982757244352198e-05
807,491,339,False,0.0001432049262494
808,492,517,False,0.0001141682840506
809,493,517,False,0.0001240233163834
810,493,518,True,0.0001598316229239
811,494,374,False,6.744452687664396e-05
812,494,617,False,3.3160062478131515e-05
813,494,812,False,4.152823920265781e-05
814,495,551,False,2.7852825669164137e-05
815,496,857,False,0.0001453461592789
816,496,866,False,2.6240520611928943e-05
817,497,544,False,2.751561511157582e-05
818,497,546,False,2.600442075152776e-05
819,497,863,False,2.600442075152776e-05
820,497,549,False,2.542265158256006e-05
821,497,598,False,2.8915941358470924e-05
822,498,545,True,2.519716783833497e-05
823,498,546,False,2.465057805605541e-05
824,498,547,False,2.3773863015001308e-05
825,498,863,False,2.465057805605541e-05
826,498,549,False,2.4127198590971604e-05
827,498,550,False,2.519716783833497e-05
828,498,599,False,2.648936452014516e-05
829,499,545,False,2.542265158256006e-05
830,499,546,False,2.486634340420241e-05
831,499,547,False,2.3974491141425524e-05
832,499,863,False,2.486634340420241e-05
833,499,549,True,2.433386056697895e-05
834,499,550,False,2.542265158256006e-05
835,499,599,False,2.6738682852482685e-05
836,500,863,False,2.4975648742476084e-05
837,500,599,False,2.6865110281277706e-05
838,500,671,False,1.953582870985387e-05
839,500,544,False,2.63664407941572e-05
840,500,545,False,2.5536913608621265e-05
841,500,546,False,2.4975648742476084e-05
842,500,547,False,2.4076080414108584e-05
843,500,549,False,2.4438524890637603e-05
844,500,550,False,2.5536913608621265e-05
845,501,541,False,3.2561622871283904e-05
846,501,577,True,0.0001291489086917
847,501,563,False,6.903179744912762e-05
848,501,1024,False,0.0004531037607612
849,501,1025,False,0.0002347811504276
850,501,1026,False,2.535304109727961e-05
851,501,1028,False,6.760098990369819e-05
852,502,545,False,2.600442075152776e-05
853,502,546,False,2.542265158256006e-05
854,502,547,True,2.449119541524822e-05
855,502,863,False,2.542265158256006e-05
856,502,549,False,2.486634340420241e-05
857,502,550,False,2.600442075152776e-05
858,502,599,False,2.738300610641036e-05
859,503,545,False,2.612398443010528e-05
860,503,546,False,2.5536913608621265e-05
861,503,547,False,2.4597220514081907e-05
862,503,863,False,2.5536913608621265e-05
863,503,549,False,2.4975648742476084e-05
864,503,550,False,2.612398443010528e-05
865,503,599,False,2.751561511157582e-05
866,504,863,False,2.4975648742476084e-05
867,504,599,False,2.6865110281277706e-05
868,504,671,False,1.953582870985387e-05
869,504,544,False,2.63664407941572e-05
870,504,545,False,2.5536913608621265e-05
871,504,546,False,2.4975648742476084e-05
872,504,547,False,2.4076080414108584e-05
873,504,549,False,2.4438524890637603e-05
874,504,550,False,2.5536913608621265e-05
875,505,292,False,0.0001938360147315
876,505,505,False,6.676013084985647e-05
877,505,339,False,0.0001396063102052
878,506,996,True,3.0166822528583065e-05
879,507,996,False,3.0495242742132227e-05
880,508,653,False,5.805604457338199e-05
881,508,582,False,2.5938318678183283e-05
882,508,583,False,2.516546291869039e-05
883,509,580,False,9.58414399217934e-06
884,510,653,False,6.262767295829182e-05
885,510,582,False,2.7523188286131065e-05
886,510,583,False,2.66545832555908e-05
887,511,653,False,8.903646828992369e-05
888,511,534,False,2.643474582991885e-05
889,511,538,False,5.96836765144733e-05
890,511,909,True,4.950249987624375e-05
891,512,534,False,2.0350434481776183e-05
892,512,536,True,1.0268732735693088e-05
893,512,538,False,4.568713450292398e-05
894,512,909,False,3.75389466571568e-05
895,513,909,False,4.249713144362755e-05
896,513,817,False,3.0052592036063108e-05
897,513,534,False,2.289429703060968e-05
898,513,535,False,9.750390015600624e-05
899,513,537,False,5.514503143266792e-05
900,513,538,False,5.1519835136527566e-05
901,514,909,False,3.75389466571568e-05
902,514,817,False,2.6865110281277706e-05
903,514,534,False,2.0350434481776183e-05
904,514,535,False,8.407600470825627e-05
905,514,536,False,1.0268732735693088e-05
906,514,537,False,5.057657293141817e-05
907,514,538,False,4.568713450292398e-05
908,515,579,False,8.14577682200663e-06
909,516,396,True,0.0001388503193557
910,516,813,False,0.0005497526113249
911,517,395,False,3.3100526298368146e-05
912,518,526,False,2.6793130241406102e-05
913,518,898,False,3.913281678015184e-05
914,518,523,False,2.9588425008136817e-05
915,518,922,False,2.4812048730863707e-05
916,519,922,False,2.536590315298176e-05
917,519,898,False,4.064379775646237e-05
918,519,524,False,3.0281924719135148e-05
919,520,525,False,3.086705559156712e-05
920,520,922,False,2.4975648742476084e-05
921,520,898,False,3.957418180379121e-05
922,520,523,False,2.981603506365724e-05
923,521,525,False,3.086705559156712e-05
924,522,588,False,9.223729431270842e-05
925,523,500,False,0.000123869689087
926,524,534,False,2.26916880346729e-05
927,524,538,False,5.10542706897432e-05
928,524,909,False,4.2099945270071146e-05
929,525,456,True,3.150697879580327e-05
930,526,724,False,6.83480281593876e-05
931,527,749,False,2.385325477661427e-05
932,527,851,False,2.5150272880460752e-05
933,527,864,False,2.018693098088297e-05
934,527,696,False,2.406912653139817e-05
935,527,344,False,4.455533772945999e-05
936,527,748,True,2.423361201987156e-05
937,528,749,False,2.338142112277584e-05
938,528,851,False,2.462629595882483e-05
939,528,696,False,2.358880003774208e-05
940,528,344,False,4.338959517507701e-05
941,528,748,False,2.374676450333642e-05
942,529,749,False,2.3432923257176333e-05
943,529,851,False,2.4683434946807195e-05
944,529,696,False,2.36412208326438e-05
945,529,344,False,4.351610095735422e-05
946,529,748,False,2.3799890520503604e-05
947,530,749,False,2.3279093046534906e-05
948,530,851,False,2.4512807942149773e-05
949,530,696,False,2.3484652779408657e-05
950,530,344,False,4.313877744704715e-05
951,530,748,False,2.36412208326438e-05
952,531,749,True,2.29278917803508e-05
953,531,851,False,2.412370636624611e-05
954,531,696,False,2.3127269363306275e-05
955,531,344,False,4.228329809725158e-05
956,531,748,True,2.3279093046534906e-05
957,532,614,False,3.6939898784677326e-05
958,532,503,False,3.6939898784677326e-05
959,532,138,False,5.807538184563563e-05
960,533,623,False,4.002721850858584e-05
961,533,614,True,3.0309459582335645e-05
962,533,503,False,3.0309459582335645e-05
963,533,138,False,4.762131530072861e-05
964,534,623,False,3.8474856681158864e-05
965,534,297,False,0.0001726817475392
966,534,626,False,5.774303446420432e-05
967,535,1033,True,0.0001570598397989
968,535,335,False,3.574747980267391e-05
969,536,630,True,0.000149723012427
970,537,471,True,8.678295582747547e-05
971,538,632,False,0.0001003512293025
972,539,578,False,5.111429155591904e-05
973,540,909,False,4.158177055179009e-05
974,541,791,False,4.669406051550243e-05
975,541,724,False,6.348400203148807e-05
976,542,704,False,0.0001083071591032
977,542,745,False,1.786862983346437e-05
978,543,704,False,0.0001234720335843
979,543,745,False,1.927933833310841e-05
980,543,831,False,2.9375071934106657e-05
981,544,704,False,0.0001182172833668
982,544,745,False,1.880795200210649e-05
983,545,704,False,0.0001182172833668
984,545,745,False,1.880795200210649e-05
985,546,581,False,9.62149056131776e-06
986,547,582,True,2.893769713806176e-05
987,547,583,False,2.797907165440251e-05
988,548,318,False,6.185439475474732e-05
989,548,860,False,0.0015847860538827
990,548,323,False,0.0001417434443656
991,549,582,False,2.863114495948693e-05
992,549,583,False,2.7692392899670465e-05
993,550,857,False,0.00027403710694
994,551,640,False,0.0001199184554502
995,551,910,False,2.3177656738903696e-05
996,551,817,False,2.4288941245051127e-05
997,551,584,False,2.7136305663346992e-05
998,551,585,False,2.7136305663346992e-05
999,551,586,False,5.018065034122842e-05
1000,551,587,False,5.018065034122842e-05
1001,552,640,False,0.0001196315348725
1002,552,910,False,2.3127269363306275e-05
1003,552,817,False,2.423361201987156e-05
1004,552,584,False,2.7081922816519974e-05
1005,552,585,False,2.7081922816519974e-05
1006,552,586,False,5.0082636349977465e-05
1007,552,587,False,5.0082636349977465e-05
1008,553,469,False,0.0005633802816901
1009,553,490,False,0.0001083991106308
1010,554,402,False,0.0001905850962454
1011,555,737,False,3.219782342713632e-05
1012,555,584,False,2.881429188877684e-05
1013,555,536,False,1.00173299808669e-05
1014,555,585,False,2.881429188877684e-05
1015,555,586,False,5.319997872000851e-05
1016,555,587,False,5.319997872000851e-05
1017,556,584,False,2.9506358620282672e-05
1018,556,585,False,2.9506358620282672e-05
1019,557,270,False,0.0008197230321827
1020,557,338,True,0.0001610565308423
1021,558,863,False,2.618417951873478e-05
1022,558,599,False,2.826855123674912e-05
1023,558,671,False,2.048550650414832e-05
1024,558,544,False,2.771695446104382e-05
1025,558,545,False,2.68017474739353e-05
1026,558,546,False,2.618417951873478e-05
1027,558,547,False,2.519716783833497e-05
1028,558,548,False,2.1959682023804296e-05
1029,558,549,False,2.5594430651890148e-05
1030,558,550,False,2.68017474739353e-05
1031,559,541,False,3.2939161368951544e-05
1032,559,577,False,0.0001306335728282
1033,559,563,False,6.977015695510056e-05
1034,559,1024,False,0.0004597701149425
1035,559,1025,False,0.0002381969624215
1036,559,1026,False,2.564957549952548e-05
1037,559,1028,False,6.830890202572012e-05
1038,560,703,False,1.853396348809193e-05
1039,560,934,False,1.8000828038089752e-05
1040,560,747,True,1.688647224708286e-05
1041,561,750,True,5.958600707508936e-05
1042,563,62,False,4.022040783493544e-05
1043,563,700,False,8.65426222414539e-05
1044,563,739,False,2.520987218594801e-05
1045,563,710,False,2.520987218594801e-05
1046,563,967,False,0.0001698732078012
1047,564,710,False,2.3960704444710675e-05
1048,564,62,False,3.774866935940508e-05
1049,564,739,False,2.3960704444710675e-05
1050,564,700,False,8.099133392726977e-05
1051,565,635,False,1.922818082181245e-05
1052,566,645,False,5.291285253188e-05
1053,567,654,False,1.6760806530010223e-05
1054,568,634,False,1.7183902120493522e-05
1055,569,637,False,2.1686799245299387e-05
1056,570,729,False,3.703840882995666e-05
1057,571,646,False,1.955913705087332e-05
1058,572,697,False,0.000277854959711
1059,573,408,False,2.630817394964616e-05
1060,573,570,False,3.664217679232737e-05
1061,574,573,False,7.320108337603396e-05
1062,575,977,False,3.145742237881028e-05
1063,575,641,False,3.588988981803826e-05
1064,576,977,False,3.001290554938624e-05
1065,576,979,False,0.000107564471455
1066,576,642,False,3.5237323372916594e-05
1067,577,717,True,6.384472961757006e-05
1068,577,840,False,5.602554764972827e-05
1069,578,680,False,8.497544347854922e-05
1070,579,668,False,0.000508595539913
1071,580,663,False,8.184084683319171e-05
1072,581,656,False,2.0822921872397133e-05
1073,582,648,False,2.008274089247701e-05
1074,583,639,False,2.778472395876747e-05
1075,584,261,False,0.0004962779156327
1076,584,439,True,8.595495960116899e-05
1077,585,605,True,0.0002410219329959
1078,586,226,False,0.0006230529595015
1079,588,227,False,0.0007178750897343
1080,589,1049,False,4.951720722951226e-05
1081,589,751,False,3.0828991583685296e-05
1082,589,752,False,3.0828991583685296e-05
1083,589,534,False,2.191588682636043e-05
1084,589,538,False,4.927322000492732e-05
1085,589,934,False,2.2587129853409525e-05
1086,589,638,False,2.282948656484716e-05
1087,589,703,False,2.3432923257176333e-05
1088,589,848,False,2.358880003774208e-05
1089,589,746,False,2.4798512089274643e-05
1090,589,747,False,2.0859842716785915e-05
1091,590,678,False,9.222329135949372e-05
1092,591,679,False,9.42540873326677e-05
1093,592,603,False,7.588404917286387e-05
1094,593,623,False,4.367765887748417e-05
1095,593,614,False,3.30392837083292e-05
1096,593,503,False,3.30392837083292e-05
1097,593,138,False,5.192377589698322e-05
1098,594,997,False,2.1898609438300667e-05
1099,594,594,False,2.0389854008645296e-05
1100,594,572,False,5.0634934627554125e-05
1101,595,997,False,2.2233586055094823e-05
1102,595,594,False,2.0676536266644613e-05
1103,595,572,False,5.137014385806491e-05
1104,596,818,False,6.842753524018066e-05
1105,597,516,False,3.297609233305853e-05
1106,598,533,False,0.0002057189878625
1107,599,428,True,0.0002196354052273
1108,600,821,False,8.08865162177465e-05
1109,601,685,False,2.058078989071601e-05
1110,601,1005,False,2.0438194898626555e-05
1111,602,1069,False,0.0001335648457326
1112,602,855,False,0.0001534118099616
1113,603,510,True,0.0001156470452179
1114,603,513,False,0.000327011118378
1115,604,511,True,8.404067568703252e-05
1116,604,512,False,0.0042372881355932
1117,604,513,False,0.0003606202668589
1118,605,511,False,8.846426043878272e-05
1119,605,512,True,0.0046511627906976
1120,606,1016,False,0.0001455957291919
1121,606,851,False,1.995968144348416e-05
1122,606,561,False,3.158096201599794e-05
1123,607,908,False,6.524859715516117e-05
1124,607,674,False,8.25172732804373e-05
1125,608,685,False,2.626050420168067e-05
1126,608,551,False,3.2468586642423456e-05
1127,609,708,False,4.9952545082171936e-05
1128,610,908,False,6.558237145855194e-05
1129,610,682,False,2.6613439787092483e-05
1130,611,604,True,0.0001035303861683
1131,612,237,False,0.0002710761724044
1132,612,716,False,5.005005005005005e-05
1133,613,623,False,4.208931352329644e-05
1134,613,624,False,3.719822936428226e-05
1135,613,625,False,3.719822936428226e-05
1136,613,626,False,6.275745016830566e-05
1137,613,628,False,3.719822936428226e-05
1138,613,629,False,3.706861400452237e-05
1139,613,297,False,0.0001888574126534
1140,614,623,False,4.171011470281544e-05
1141,614,624,False,3.6812074360390207e-05
1142,614,625,False,3.6812074360390207e-05
1143,614,626,False,6.223443886961398e-05
1144,614,628,False,3.6812074360390207e-05
1145,614,629,False,3.668513151619649e-05
1146,614,297,False,0.0001871607711023
1147,615,474,True,3.391785096496286e-05
1148,616,684,False,6.98214217798559e-05
1149,617,706,False,1.890823831943578e-05
1150,618,934,False,1.8501729911746748e-05
1151,619,655,False,6.873977635541705e-05
1152,620,640,False,0.0001618384851917
1153,620,910,False,3.0309459582335645e-05
1154,620,817,False,3.2238305554660043e-05
1155,620,586,False,6.362942224484602e-05
1156,620,587,False,6.362942224484602e-05
1157,621,515,False,5.289605924358635e-05
1158,622,574,False,2.34439104442621e-05
1159,623,1054,False,4.593477262287552e-05
1160,624,703,False,1.955607705094358e-05
1161,624,934,False,1.8963457417556368e-05
1162,624,747,False,1.7730810829979254e-05
1163,625,459,False,0.0001363140676117
1164,625,460,False,0.0002022653721682
1165,626,459,False,0.0001459214942361
1166,626,460,False,0.0002241649854292
1167,627,461,False,0.0001264062697509
1168,628,858,False,4.596855750666544e-05
1169,630,1024,False,0.0003435245620061
1170,630,1025,False,0.0001784748053066
1171,630,560,False,3.187250996015936e-05
1172,631,553,True,0.0002405580947798
1173,632,1009,False,0.0001680389850445
1174,633,513,False,0.0002495009980039
1175,634,651,False,7.409651945154118e-05
1176,635,721,False,6.51626400256276e-05
1177,636,689,False,0.0002871088142405
1178,636,690,False,0.0001068490223314
1179,636,691,False,0.0002345765892563
1180,636,692,False,0.0003883495145631
1181,636,693,False,0.0015267175572519
1182,636,694,False,5.4442508710801394e-05
1183,636,695,False,9.524716639679968e-05
1184,637,867,True,2.600442075152776e-05
1185,638,373,True,4.276611213274601e-05
1186,639,689,False,0.0002914602156805
1187,639,690,False,0.0001085187194791
1188,639,691,True,0.0002374732842555
1189,639,692,False,0.000396982929734
1190,639,693,False,0.001564945226917
1191,639,694,False,5.514503143266792e-05
1192,639,695,True,9.662769349695624e-05
1193,640,689,False,0.0003153579312519
1194,640,690,False,0.000117716303708
1195,640,691,False,0.0002531004808909
1196,640,692,False,0.0004466279589102
1197,640,693,False,0.0017889087656529
1198,640,694,False,5.894836123555765e-05
1199,640,695,False,0.0001041775184915
1200,641,231,False,0.0742574257425742
1201,642,623,False,4.121501875283353e-05
1202,642,624,False,3.630950219672488e-05
1203,642,625,False,3.630950219672488e-05
1204,642,626,False,6.155050184290454e-05
1205,642,628,False,3.630950219672488e-05
1206,642,629,False,3.618599601954044e-05
1207,642,841,False,0.0003780718336483
1208,642,297,False,0.0001849454410948
1209,643,623,False,4.171011470281544e-05
1210,643,624,False,3.6812074360390207e-05
1211,643,625,False,3.6812074360390207e-05
1212,643,626,False,6.223443886961398e-05
1213,643,628,False,3.6812074360390207e-05
1214,643,629,False,3.668513151619649e-05
1215,643,297,False,0.0001871607711023
1216,644,717,False,6.950719399457844e-05
1217,644,709,False,0.0001092299290005
1218,644,672,False,5.7250815824125495e-05
1219,644,661,False,5.667970299835629e-05
1220,644,520,False,3.786301162394457e-05
1221,645,1018,False,5.362217813287576e-05
1222,646,1019,True,5.698330389195965e-05
1223,647,446,False,0.0002121340687314
1224,648,701,True,1.9694731659281143e-05
1225,649,715,False,1.672912205567452e-05
1226,650,869,False,8.997660608241858e-05
1227,650,886,True,0.0012624613643289
1228,651,886,False,0.0012791672180318
1229,651,823,False,0.0007929780427114
1230,652,827,False,9.158347834050736e-05
1231,653,671,False,2.107081902273541e-05
1232,654,492,False,0.0013184749038235
1233,655,54,False,5.5011552426009457e-05
1234,655,794,False,4.309601792794346e-05
1235,655,822,False,4.101722723543888e-05
1236,656,623,False,4.5840018336007336e-05
1237,656,297,False,0.0002056343820686
1238,656,626,False,6.789249924426925e-05
1239,657,658,False,4.410726887791108e-05
1240,658,660,False,3.835973761939468e-05
1241,659,659,False,4.925623091321051e-05
1242,660,657,False,9.921619208254789e-05
1243,661,609,False,3.180560414745078e-05
1244,662,252,False,3.8785246092386455e-05
1245,662,924,False,0.0001709109553922
1246,663,623,False,4.221724996833706e-05
1247,663,297,False,0.000189429816253
1248,663,626,False,6.293374623496227e-05
1249,663,138,False,5.020332346001305e-05
1250,664,623,False,4.423408678727828e-05
1251,664,624,False,3.940265573899681e-05
1252,664,625,False,3.940265573899681e-05
1253,664,626,True,6.570227473020774e-05
1254,664,628,False,3.940265573899681e-05
1255,664,629,False,3.925725277745063e-05
1256,664,297,False,0.0001984520738241
1257,664,138,False,5.2578999947421e-05
1258,665,718,False,2.246131039284832e-05
1259,666,229,True,0.000233263354327
1260,666,361,False,0.0011248593925759
1261,666,99,False,3.367797123901256e-05
1262,667,575,False,3.716228771043146e-05
1263,667,576,False,1.9417852773840262e-05
1264,668,799,False,8.14265939255761e-05
1265,668,800,False,5.510856387082553e-05
1266,668,801,False,7.246901949416625e-05
1267,668,802,False,5.797437532610586e-05
1268,668,664,False,0.000160745860794
1269,668,665,False,0.0001190901512444
1270,668,803,False,6.67913438418381e-05
1271,668,804,False,0.0001322576378785
1272,668,805,False,7.834534628643058e-05
1273,668,807,False,6.0642813826561554e-05
1274,668,781,False,4.31909471774716e-05
1275,669,781,False,4.207868714496108e-05
1276,669,799,False,7.877116975187081e-05
1277,669,801,False,7.035812284528248e-05
1278,669,664,False,0.0001556420233463
1279,669,665,False,0.0001162655505173
1280,669,805,False,7.588404917286387e-05
1281,670,894,False,0.0001226692836113
1282,671,768,False,8.013462617196892e-05
1283,671,773,False,7.84990972603815e-05
1284,672,968,False,2.5253162958660573e-05
1285,673,819,False,2.7990035547345146e-05
1286,674,760,False,4.114718347529111e-05
1287,674,758,False,5.341024408481546e-05
1288,674,759,False,0.0001646090534979
1289,675,824,False,2.1755683672359405e-05
1290,676,977,False,3.0400680975253844e-05
1291,676,915,False,4.045143804862263e-05
1292,676,673,False,7.184424168402902e-05
1293,676,339,False,0.0001245795440388
1294,677,915,False,4.045143804862263e-05
1295,677,707,False,0.0001041775184915
1296,678,825,False,0.0001032020318214
1297,679,915,False,4.029820672980052e-05
1298,679,673,False,7.159733657907925e-05
1299,679,707,False,0.0001036591686534
1300,679,339,False,0.0001240233163834
1301,680,877,False,2.3097355352812103e-05
1302,681,878,False,8.895014958811741e-05
1303,682,885,False,9.647081522544758e-05
1304,683,719,False,3.857567308314239e-05
1305,684,724,False,0.0001027326895418
1306,685,831,True,3.361255417307829e-05
1307,686,606,False,0.0003125976867771
1308,687,768,False,8.361903169161301e-05
1309,687,773,False,8.183975775431706e-05
1310,688,768,False,8.114907084313886e-05
1311,688,773,False,7.947230390209013e-05
1312,689,768,True,7.980209081477935e-05
1313,689,773,False,7.81799702916113e-05
1314,689,753,False,4.131377814501136e-05
1315,690,768,False,8.547739123001966e-05
1316,690,773,False,8.361903169161301e-05
1317,690,753,False,4.417546494676856e-05
1318,691,760,False,4.360908813396711e-05
1319,691,758,False,5.600672080649678e-05
1320,692,661,False,5.489980785067253e-05
1321,692,873,False,5.212948965229631e-05
1322,692,672,False,5.543544542380398e-05
1323,693,730,False,0.000107828337287
1324,694,760,False,4.515284237142728e-05
1325,694,758,False,5.760700501180944e-05
1326,694,759,False,0.0001831837332844
1327,695,760,False,4.576030750926646e-05
1328,695,758,False,5.8230943923601e-05
1329,695,759,False,0.0001860465116279
1330,696,760,True,4.859322610428106e-05
1331,696,758,False,6.109855196431844e-05
1332,696,759,False,0.000199560965875
1333,697,760,False,4.859322610428106e-05
1334,697,759,False,0.000199560965875
1335,697,758,False,6.109855196431844e-05
1336,697,211,False,6.593261686556338e-05
1337,698,382,False,0.0002606202762574
1338,698,543,False,0.0001709345414798
1339,699,850,False,0.0001384054925394
1340,699,966,False,6.690305746972637e-05
1341,700,760,False,4.379625979941313e-05
1342,700,758,False,5.620187714269656e-05
1343,700,759,False,0.0001768346595932
1344,701,760,False,4.475674707962225e-05
1345,701,758,False,5.719842132357147e-05
1346,701,759,False,0.0001813236627379
1347,702,760,False,4.2167404596247095e-05
1348,702,758,True,5.449294316386028e-05
1349,703,693,False,0.0009551098376313
1350,704,966,False,7.305135510263716e-05
1351,705,826,False,2.212438328281599e-05
1352,706,871,False,0.0001294163323411
1353,707,876,False,2.8059148685428885e-05
1354,708,732,False,3.4804399276068494e-05
1355,709,768,False,8.218952905399852e-05
1356,709,773,False,8.046994447573832e-05
1357,709,781,False,4.0017607747408856e-05
1358,710,768,False,7.84990972603815e-05
1359,710,773,False,7.692899453804139e-05
1360,710,781,False,3.829803531078855e-05
1361,711,686,False,6.193868070610096e-05
1362,711,22,False,0.0004628888748093
1363,712,773,False,8.013462617196892e-05
1364,712,781,False,3.9854928061854845e-05
1365,713,1049,False,4.638434064659771e-05
1366,713,834,False,0.000176460208223
1367,713,934,False,2.1192277534066587e-05
1368,713,638,False,2.1405484085022585e-05
1369,713,703,False,2.1935115927087675e-05
1370,713,848,False,2.2071644558236035e-05
1371,713,782,False,3.013954609843576e-05
1372,713,746,False,2.3127269363306275e-05
1373,713,747,False,1.96645232336342e-05
1374,713,556,True,6.559945132147541e-05
1375,714,167,False,0.0001725625539257
1376,714,713,False,0.0003096934035305
1377,715,167,False,0.0001725625539257
1378,715,713,False,0.0003096934035305
1379,716,167,False,0.0001587049674654
1380,716,713,False,0.0002775464890369
1381,717,783,False,0.0001022684818974
1382,717,784,False,9.821784718505644e-05
1383,717,167,False,0.0001249531425715
1384,717,766,False,9.854310389325704e-05
1385,717,767,False,0.0001005408000722
1386,718,742,False,7.862253321802028e-05
1387,718,783,False,0.0001033338886651
1388,718,784,False,9.920012308913232e-05
1389,718,167,False,0.000127145581691
1390,718,766,False,9.953192909805792e-05
1391,718,767,False,0.0001015703326186
1392,719,879,False,1.6479894528675016e-05
1393,720,783,False,0.0001015703326186
1394,720,784,True,9.757373288560044e-05
1395,720,766,False,9.789473053310009e-05
1396,721,880,False,1.644926225058806e-05
1397,722,640,False,0.0001449485432671
1398,722,910,False,2.748989746268246e-05
1399,722,817,False,2.906723250879284e-05
1400,722,535,False,9.324878776575904e-05
1401,722,586,False,5.841121495327103e-05
1402,722,587,False,5.841121495327103e-05
1403,723,675,False,2.347913878518936e-05
1404,724,124,False,9.328358208955224e-05
1405,724,147,False,0.0001587824407082
1406,725,647,False,0.0003195161355648
1407,725,254,False,0.0004056795131845
1408,726,92,False,0.0002240625468491
1409,727,509,False,0.000418235048097
1410,727,1064,False,0.0002241158154239
1411,727,142,False,0.0003059039461609
1412,727,318,False,5.599417660563301e-05
1413,727,968,False,3.313123281317298e-05
1414,727,36,False,0.000395726157499
1415,728,762,False,4.027548431269886e-05
1416,729,762,False,3.955070400253125e-05
1417,729,765,False,1.5251342118106392e-05
1418,730,762,False,4.0487469128304793e-05
1419,731,872,True,2.1405484085022585e-05
1420,732,762,False,3.9961636828644505e-05
1421,733,761,False,6.7778229632642e-05
1422,733,762,False,3.9755108531446296e-05
1423,734,870,False,2.470416759307295e-05
1424,735,22,False,0.000558075569654
1425,735,875,False,2.41785342972509e-05
1426,735,874,False,2.4127198590971604e-05
1427,736,820,False,2.777469170092212e-05
1428,737,612,False,0.0005064215160708
1429,738,22,False,0.0005615224149725
1430,738,875,False,2.428186387587112e-05
1431,738,874,False,2.4230088924426352e-05
1432,739,1006,False,8.026326350429408e-05
1433,740,757,False,0.0001653712584752
1434,741,36,False,0.0003290556103981
1435,741,667,True,0.0003517411185367
1436,742,884,False,2.108325778499293e-05
1437,743,733,False,6.413134098634003e-05
1438,743,738,False,2.331056667987599e-05
1439,744,733,False,6.319914049168932e-05
1440,744,738,False,2.296263978506969e-05
1441,745,922,False,2.116178182202941e-05
1442,745,714,False,7.758132462353663e-06
1443,746,636,False,2.1813581135615032e-05
1444,747,623,False,4.313505585989734e-05
1445,747,297,False,0.0001935359009096
1446,747,626,False,6.419610871162714e-05
1447,748,292,False,0.0002058036633052
1448,748,813,False,0.0004664179104477
1449,749,881,False,1.7191878556569876e-05
1450,750,886,False,0.0012251277935025
1451,751,883,False,0.0012624613643289
1452,752,817,False,2.5269754630682536e-05
1453,752,994,False,3.0028226532940963e-05
1454,752,988,False,1.7378006395106353e-05
1455,753,828,False,2.944033915270704e-05
1456,754,502,True,3.39570104248022e-05
1457,755,996,False,2.970973588044802e-05
1458,756,90,False,0.0001916931470847
1459,757,1051,False,8.840951286358412e-05
1460,758,457,True,0.000516795865633
1461,759,519,False,4.582321404023278e-05
1462,760,69,False,0.0006006006006006
1463,761,815,False,5.894836123555765e-05
1464,762,383,False,3.1947861090699976e-05
1465,762,627,False,4.509582863585119e-05
1466,763,1032,False,0.0001543448062972
1467,763,1029,False,0.0092409926279721
1468,764,206,True,0.0007616146230007
1469,764,527,False,0.0003161555485298
1470,764,164,False,0.0022524615006637
1471,764,201,False,0.0004854840275754
1472,764,299,False,0.000286944045911
1473,765,790,False,9.593246354566386e-05
1474,766,602,False,7.867820613690008e-05
1475,767,673,False,8.013462617196889e-05
1476,767,610,False,0.0002727675679361
1477,767,707,False,0.0001225640397107
1478,767,1024,False,0.000512557662737
1479,767,1025,False,0.000265206208351
1480,767,613,True,0.0004820365392382
1481,768,613,False,0.0003868337137779
1482,769,816,False,0.0001574555188159
1483,770,1049,False,5.598163802272855e-05
1484,770,782,False,3.767471649775835e-05
1485,770,848,False,2.6730106118521288e-05
1486,770,661,False,6.457028475495577e-05
1487,770,1042,False,4.022040783493544e-05
1488,770,882,False,0.0004918647306986
1489,771,793,False,3.883344336142286e-05
1490,773,899,False,0.0001015744032503
1491,774,1058,True,0.0005730659025787
1492,775,868,False,0.0001777145903678
1493,776,6,False,2.8233434032581383e-05
1494,776,795,False,7.781495603454984e-05
1495,777,643,False,3.6812074360390207e-05
1496,778,468,False,0.0003252721317427
1497,780,286,False,0.0002626740215392
1498,781,286,True,0.0003064664419246
1499,781,713,False,0.0003129890453834
1500,782,795,True,6.988608568034104e-05
1501,783,423,False,0.0001610565308423
1502,784,1012,False,0.0001180637544273
1503,784,307,False,8.418217021634817e-05
1504,785,141,False,0.0020120724346076
1505,786,615,False,2.667022269635952e-05
1506,787,505,True,3.90335298021e-05
1507,787,626,False,4.870455409348173e-05
1508,787,297,False,0.0001440299582313
1509,788,593,True,1.9446172993154947e-05
1510,789,288,False,0.0002093982335605
1511,790,661,False,5.360493165371214e-05
1512,790,672,False,5.411548243952595e-05
1513,790,887,False,4.825556145345751e-05
1514,791,128,False,0.0001614465611882
1515,792,799,False,9.058791557206268e-05
1516,792,800,False,5.915759583530525e-05
1517,792,801,False,7.963685593692761e-05
1518,792,802,False,6.247266820765915e-05
1519,792,664,False,0.000178284899269
1520,792,665,True,0.0001284521515735
1521,792,803,False,7.283321194464675e-05
1522,792,804,False,0.0001454122437109
1523,792,805,False,8.679048776254123e-05
1524,792,806,True,0.0003588087549336
1525,792,807,False,6.558237145855194e-05
1526,792,808,False,8.946944618412812e-05
1527,792,809,False,9.058791557206268e-05
1528,792,810,False,0.0003250975292587
1529,792,811,False,8.14265939255761e-05
1530,792,812,False,7.963685593692761e-05
1531,793,799,False,8.731336767659129e-05
1532,793,800,False,5.774338838203026e-05
1533,793,801,False,7.709505820676895e-05
1534,793,802,False,6.08976310821509e-05
1535,793,664,False,0.0001720282126268
1536,793,665,False,0.0001251721116535
1537,793,803,False,7.070135746606335e-05
1538,793,804,True,0.0001407459535538
1539,793,805,False,8.378016085790885e-05
1540,793,806,False,0.0003461405330564
1541,793,807,False,6.38488060273273e-05
1542,793,808,False,8.62738331464067e-05
1543,793,810,False,0.000314663310258
1544,793,811,False,7.877116975187081e-05
1545,794,60,False,0.00021510002151
1546,794,125,True,9.813542688910696e-05
1547,795,149,False,0.0001683785149014
1548,795,256,True,9.518370454978108e-05
1549,796,149,True,0.0001595150741745
1550,797,159,False,5.6837558258497215e-05
1551,798,67,False,2.607493937576595e-05
1552,799,66,False,0.0001332622601279
1553,800,640,False,0.0001592610288262
1554,800,910,False,2.9883752203926725e-05
1555,800,586,False,6.284960090503425e-05
1556,800,587,False,6.284960090503425e-05
1557,801,681,False,2.018448620390368e-05
1558,802,908,False,5.0377833753148616e-05
1559,802,683,False,8.167346946906268e-05
1560,802,668,False,0.0004495185771611
1561,803,458,False,0.0002250731487733
1562,804,411,False,6.710058377507885e-05
1563,805,430,True,2.692224854619858e-05
1564,806,60,True,0.0001440299582313
1565,806,161,False,6.946856547412296e-05
1566,807,522,False,0.0004675664723668
1567,808,218,True,7.220216606498194e-05
1568,809,889,False,5.7250815824125495e-05
1569,809,407,False,6.62646610562587e-05
1570,810,888,False,5.476751191193384e-05
1571,811,610,False,0.0002278942570647
1572,811,1055,True,0.000273733101396
1573,816,789,False,3.4857780256553265e-05
1574,817,788,False,3.734966758795847e-05
1575,819,379,False,0.0002187226596675
1576,820,70,False,6.66045024643666e-05
1577,820,705,True,1.865010537309536e-05
1578,821,15,False,0.0001342822613132
1579,822,478,False,3.85594200663222e-05
1580,822,345,False,3.5369433735365894e-05
1581,823,952,False,9.390553103577802e-05
1582,823,890,False,0.0001368120655699
1583,823,859,False,2.018693098088297e-05
1584,824,19,True,3.819855609457963e-05
1585,825,5,False,6.064649160046091e-05
1586,826,935,False,5.918910920390648e-05
1587,827,685,False,2.0774040758667967e-05
1588,827,905,False,3.215763085963194e-05
1589,828,507,False,0.000482304634035
1590,829,534,False,2.040441551551756e-05
1591,829,859,False,1.8896090398896468e-05
1592,829,538,False,4.581061890146136e-05
1593,830,836,True,0.0004486316733961
1594,830,465,False,0.0002677713547655
1595,831,169,False,0.000857129508892
1596,832,936,False,0.0001018336143186
1597,833,936,False,0.0001024309400971
1598,833,1020,False,2.93797925786644e-05
1599,834,329,False,0.0001574555188159
1600,834,507,False,0.0004162775783895
1601,835,799,False,8.329862557267805e-05
1602,835,800,False,5.595970900951315e-05
1603,835,801,False,7.394808844191378e-05
1604,835,802,False,5.89171036351853e-05
1605,835,664,False,0.000164338537387
1606,835,665,False,0.0001210507202517
1607,835,803,True,6.804572672836147e-05
1608,835,804,False,0.000134970981239
1609,835,805,False,8.007687379884689e-05
1610,835,806,False,0.0003305785123966
1611,835,807,False,6.167509559639817e-05
1612,835,808,False,8.23519723297373e-05
1613,835,810,False,0.000301750150875
1614,835,811,False,7.548878991469766e-05
1615,836,809,False,9.058791557206268e-05
1616,836,515,False,8.525876033762469e-05
1617,837,799,True,8.679048776254123e-05
1618,837,800,False,5.751423477310634e-05
1619,837,801,False,7.668711656441718e-05
1620,837,802,False,6.0642813826561554e-05
1621,837,664,False,0.000171027877544
1622,837,665,False,0.0001246416552411
1623,837,803,False,7.035812284528248e-05
1624,837,804,False,0.0001399972000559
1625,837,805,False,8.329862557267805e-05
1626,837,806,False,0.0003441156228492
1627,837,807,False,6.356874960269532e-05
1628,837,808,False,8.576329331046313e-05
1629,837,810,False,0.0003129890453834
1630,838,952,False,9.050592813829308e-05
1631,838,859,False,1.959209263141396e-05
1632,838,918,False,7.438183383098323e-05
1633,839,799,False,8.476012883539582e-05
1634,839,800,False,5.6615523976674406e-05
1635,839,801,False,7.509762691498949e-05
1636,839,802,False,5.9644518668734345e-05
1637,839,664,False,0.0001671402306535
1638,839,665,True,0.0001225640397107
1639,839,803,False,6.901787562978811e-05
1640,839,804,False,0.0001370801919122
1641,839,805,False,8.14265939255761e-05
1642,839,806,True,0.0003362474781439
1643,839,807,False,6.247266820765915e-05
1644,839,808,False,8.378016085790885e-05
1645,839,810,False,0.0003064664419246
1646,839,811,False,7.668711656441718e-05
1647,840,799,False,8.946944618412812e-05
1648,840,803,False,7.210845111047015e-05
1649,840,664,False,0.0001761493746697
1650,840,804,False,0.0001438228102977
1651,840,805,False,8.576329331046313e-05
1652,840,806,False,0.0003544842254519
1653,840,808,False,8.837825894829872e-05
1654,840,811,False,8.052178114179885e-05
1655,840,226,True,0.0004889975550122
1656,841,799,False,8.426729586247578e-05
1657,841,800,False,5.6395217685540266e-05
1658,841,801,False,7.471049682480388e-05
1659,841,802,False,5.94000594000594e-05
1660,841,664,False,0.0001661957786272
1661,841,665,False,0.0001220554131575
1662,841,803,False,6.869075422448138e-05
1663,841,804,False,0.0001363698349924
1664,841,805,False,8.097165991902834e-05
1665,841,806,False,0.0003343363423604
1666,841,808,False,8.329862557267805e-05
1667,841,807,False,6.220452848967405e-05
1668,841,811,False,7.628346937218705e-05
1669,841,810,False,0.0003048780487804
1670,842,799,False,9.173470323823502e-05
1671,842,800,False,5.9644518668734345e-05
1672,842,801,False,8.052178114179885e-05
1673,842,802,False,6.30159430335875e-05
1674,842,664,False,0.0001804728388377
1675,842,665,False,0.0001295840352468
1676,842,803,False,7.357268981753973e-05
1677,842,804,False,0.0001470372004117
1678,842,807,False,6.618133686300464e-05
1679,842,808,False,9.058791557206268e-05
1680,842,805,True,8.784258608573436e-05
1681,842,806,False,0.0003632401017072
1682,842,811,False,8.23519723297373e-05
1683,842,812,False,8.052178114179885e-05
1684,842,810,True,0.0003287310979618
1685,843,799,False,8.576329331046313e-05
1686,843,800,False,5.7061340941512125e-05
1687,843,801,False,7.588404917286387e-05
1688,843,802,False,6.013952369497234e-05
1689,843,664,False,0.0001690617075232
1690,843,665,False,0.00012359411692
1691,843,803,False,6.968155529231412e-05
1692,843,804,True,0.0001385233411829
1693,843,805,False,8.23519723297373e-05
1694,843,806,False,0.0003401360544217
1695,843,807,False,6.30159430335875e-05
1696,843,808,False,8.476012883539582e-05
1697,843,810,False,0.0003096934035305
1698,843,811,False,7.750736319950395e-05
1699,843,812,False,7.588404917286387e-05
1700,844,984,False,0.0001016262681594
1701,845,799,False,8.837825894829872e-05
1702,845,800,False,5.820721769499418e-05
1703,845,801,False,7.792410192472531e-05
1704,845,802,False,6.141374439599583e-05
1705,845,664,False,0.0001740644038294
1706,845,665,False,0.0001262466860244
1707,845,803,False,7.139797229758674e-05
1708,845,804,False,0.0001422677479015
1709,845,805,False,8.476012883539582e-05
1710,845,806,False,0.0003502626970227
1711,845,807,False,6.441638752898738e-05
1712,845,808,False,8.731336767659129e-05
1713,845,810,False,0.0003180661577608
1714,845,811,False,7.963685593692761e-05
1715,845,812,False,7.792410192472531e-05
1716,845,227,False,0.0005885815185403
1717,846,955,False,3.0063433845413825e-05
1718,847,799,False,9.058791557206268e-05
1719,847,800,False,5.915759583530525e-05
1720,847,801,True,7.963685593692761e-05
1721,847,664,False,0.000178284899269
1722,847,803,False,7.283321194464675e-05
1723,847,804,False,0.0001454122437109
1724,847,805,False,8.679048776254123e-05
1725,847,806,False,0.0003588087549336
1726,847,807,False,6.558237145855194e-05
1727,847,808,False,8.946944618412812e-05
1728,847,810,False,0.0003250975292587
1729,847,811,False,8.14265939255761e-05
1730,847,226,False,0.0004997501249375
1731,848,799,False,8.784258608573436e-05
1732,848,800,False,5.797437532610586e-05
1733,848,801,False,7.750736319950395e-05
1734,848,802,False,6.11545988258317e-05
1735,848,664,True,0.0001730403183941
1736,848,665,False,0.0001257071024512
1737,848,803,False,7.104795737122558e-05
1738,848,804,False,0.0001415027593038
1739,848,805,False,8.426729586247578e-05
1740,848,806,False,0.0003481894150417
1741,848,807,False,6.413134098634002e-05
1742,848,808,False,8.679048776254123e-05
1743,848,810,False,0.000316355583676
1744,848,811,False,7.92016473942658e-05
1745,848,812,False,7.750736319950395e-05
1746,849,799,False,9.11577028258888e-05
1747,849,992,False,0.0001150350857011
1748,849,801,False,8.007687379884689e-05
1749,849,664,False,0.0001793721973094
1750,849,804,False,0.0001462202076326
1751,849,805,False,8.731336767659129e-05
1752,849,807,False,6.588049278608604e-05
1753,849,810,False,0.0003269042170644
1754,849,812,True,8.007687379884689e-05
1755,850,956,False,2.2458283737956745e-05
1756,851,364,False,0.0002904443799012
1757,852,974,False,0.000241837968561
1758,853,927,False,6.819421713038734e-05
1759,854,997,False,2.133606434957008e-05
1760,855,1011,False,3.826286588865506e-05
1761,856,1016,False,0.0001756240680732
1762,856,1010,False,4.216384871611081e-05
1763,857,842,False,0.0002389746728772
1764,858,842,False,0.0002389746728772
1765,858,843,False,0.0001069404341781
1766,858,844,False,0.0002203588369692
1767,859,717,False,6.244146113019045e-05
1768,859,672,False,5.2369730295888974e-05
1769,859,1010,False,4.016548178495401e-05
1770,859,661,False,5.189144310103264e-05
1771,859,406,False,5.4244643341470026e-05
1772,859,407,False,5.768676088837612e-05
1773,860,491,True,5.05076013940098e-05
1774,861,418,True,3.710712827934247e-05
1775,862,922,False,2.215182863345369e-05
1776,862,918,False,7.423216108378955e-05
1777,863,922,False,2.5309407506770262e-05
1778,863,923,False,5.546004104043037e-05
1779,863,918,False,8.520505509419724e-05
1780,863,524,False,3.0203267993596907e-05
1781,864,986,False,4.0530134154744056e-05
1782,864,206,False,0.0004750593824228
1783,864,942,False,6.472910868017347e-05
1784,865,921,False,2.8570612268220908e-05
1785,866,843,False,7.186489399928134e-05
1786,866,844,True,0.000146136234864
1787,866,1071,False,2.864836990775225e-05
1788,867,779,False,7.246901949416625e-05
1789,867,780,False,6.67913438418381e-05
1790,868,779,False,6.413134098634002e-05
1791,868,780,False,5.9644518668734345e-05
1792,869,596,False,0.0001047091614304
1793,870,1045,False,0.00020116676725
1794,871,922,False,2.428186387587112e-05
1795,871,923,False,5.289605924358636e-05
1796,872,1046,False,0.0001922337562475
1797,873,111,False,0.000258064516129
1798,873,916,True,0.0005672149744753
1799,874,973,True,2.3097355352812103e-05
1800,875,180,False,0.0001714469809049
1801,875,1047,False,0.0001264382349222
1802,876,1061,False,5.336116677761708e-05
1803,877,835,True,0.0008779631255487
1804,878,1062,False,5.3580320888032094e-05
1805,879,896,False,4.915541616689299e-05
1806,879,933,False,0.0001048327916972
1807,879,170,False,4.096681687832855e-05
1808,880,896,False,4.800604370823948e-05
1809,881,420,False,4.4312491691407816e-05
1810,881,971,False,0.0018008747105737
1811,881,838,True,6.840413160954922e-05
1812,882,575,False,3.4625015558870146e-05
1813,883,677,False,0.0068965517241379
1814,884,266,True,7.937137868084769e-05
1815,885,964,False,3.3824922202678934e-05
1816,886,963,False,0.0001204964453548
1817,887,528,False,0.0001869600069175
1818,888,489,True,0.0006115210567083
1819,890,891,False,0.0006317119393556
1820,891,908,True,5.5623539882078096e-05
1821,892,930,False,0.0001697388641622
1822,893,928,False,0.0003193200960929
1823,894,929,False,0.0002846955968931
1824,895,1050,False,2.8967035513585537e-05
1825,896,928,False,0.0002786526275972
1826,896,929,False,0.0002519166252157
1827,896,931,False,5.893793835091648e-05
1828,897,529,False,2.170421495854495e-05
1829,897,562,False,2.087639088954301e-05
1830,897,642,False,2.489977839197231e-05
1831,898,945,False,3.024437454633438e-05
1832,899,946,False,3.1427763286086926e-05
1833,900,917,False,1.417253645885004e-05
1834,901,951,False,2.497315385960093e-05
1835,902,952,False,0.0001041775184915
1836,903,928,False,0.0002593827576022
1837,903,929,False,0.0002360619496919
1838,903,930,False,0.0001395235162672
1839,903,673,False,5.131626212346692e-05
1840,904,907,False,9.071117561683598e-05
1841,905,399,False,2.2219753360737697e-05
1842,905,958,False,3.544967918040342e-05
1843,905,219,False,4.357488343718681e-05
1844,906,957,False,2.8388928317956e-05
1845,907,1000,True,3.078249091916518e-05
1846,908,1001,False,3.219782342713632e-05
1847,909,987,False,2.984540082373306e-05
1848,910,989,False,3.92480081635857e-05
1849,910,990,False,5.595970900951315e-05
1850,910,991,False,5.915759583530525e-05
1851,910,992,False,6.08976310821509e-05
1852,910,993,False,0.0002382086707956
1853,910,995,False,3.92480081635857e-05
1854,911,989,False,4.226721332262565e-05
1855,911,990,False,6.0642813826561554e-05
1856,911,991,False,6.441638752898738e-05
1857,911,992,False,6.648494116082707e-05
1858,911,993,False,0.0002592016588906
1859,911,995,False,4.226721332262565e-05
1860,912,989,False,4.146968565978271e-05
1861,912,990,False,5.94000594000594e-05
1862,912,991,False,6.30159430335875e-05
1863,912,992,False,6.499415052645263e-05
1864,912,993,False,0.0002536139994927
1865,912,995,False,4.146968565978271e-05
1866,913,989,False,4.226721332262565e-05
1867,913,990,False,6.0642813826561554e-05
1868,913,991,False,6.441638752898738e-05
1869,913,992,False,6.648494116082707e-05
1870,913,993,False,0.0002592016588906
1871,913,995,False,4.226721332262565e-05
1872,914,989,False,4.598123965422108e-05
1873,914,990,False,6.648494116082707e-05
1874,914,991,False,7.104795737122558e-05
1875,914,992,False,7.357268981753973e-05
1876,914,993,False,0.0002856326763781
1877,914,995,False,4.598123965422108e-05
1878,914,996,False,3.5140738658326595e-05
1879,915,989,False,4.16267743412563e-05
1880,915,990,False,5.9644518668734345e-05
1881,915,991,False,6.329113924050633e-05
1882,915,992,False,6.528693608408958e-05
1883,915,993,False,0.0002547121752419
1884,915,995,False,4.16267743412563e-05
1885,916,989,False,3.776435045317221e-05
1886,916,990,False,5.36797466315959e-05
1887,916,991,False,5.6615523976674406e-05
1888,916,992,False,5.820721769499418e-05
1889,916,993,False,0.0002280501710376
1890,916,995,False,3.776435045317221e-05
1891,917,994,True,3.398355196085094e-05
1892,917,988,False,1.9575600970949808e-05
1893,918,994,False,3.3924754893645894e-05
1894,918,988,False,1.9543082725869177e-05
1895,919,419,True,2.781331701618735e-05
1896,919,980,True,8.271982794275788e-05
1897,919,991,False,6.247266820765915e-05
1898,920,944,False,9.828009828009828e-05
1899,921,1036,True,4.343671270958214e-05
1900,922,953,True,0.000175845045346
1901,923,959,False,3.4573364679850644e-05
1902,923,399,False,2.343841556310793e-05
1903,923,219,False,4.831151263346056e-05
1904,924,925,False,7.828401440425864e-05
1905,925,962,False,0.0001169055710632
1906,926,972,False,0.0001370722803777
1907,927,1016,False,0.0001787961758653
1908,927,1017,False,0.0001760144124742
1909,927,1071,False,3.856834310398025e-05
1910,927,962,False,0.0001276690102515
1911,927,1014,False,0.0001584101829792
1912,927,1015,False,0.0001808375972002
1913,928,1016,False,0.0001678089741607
1914,928,1017,False,0.0001653562454405
1915,928,1071,False,3.587958810232858e-05
1916,928,962,False,0.0001213176372432
1917,928,1014,False,0.0001497247706422
1918,928,1015,False,0.0001696059488455
1919,929,1016,False,0.0001800154601512
1920,929,1017,False,0.0001771959265783
1921,929,1071,False,3.886966999650173e-05
1922,929,962,False,0.0001283642120576
1923,929,1014,False,0.0001593665336528
1924,929,1015,False,0.0001820849801313
1925,930,1016,False,0.0001678089741607
1926,930,1017,False,0.0001653562454405
1927,930,1071,False,3.587958810232858e-05
1928,930,962,False,0.0001213176372432
1929,930,1014,False,0.0001497247706422
1930,930,1015,False,0.0001696059488455
1931,931,972,False,0.0001331996662997
1932,931,975,False,3.912158990141359e-05
1933,932,669,False,2.612398443010528e-05
1934,932,1061,False,5.722305113900074e-05
1935,932,1062,False,5.747514955328455e-05
1936,933,914,True,1.996605770190676e-05
1937,933,636,False,1.985348130794735e-05
1938,934,431,False,6.491820306413918e-05
1939,934,516,False,4.4025711015232896e-05
1940,934,914,False,2.844626500540479e-05
1941,934,554,False,8.01153661272232e-05
1942,934,636,False,2.7343322760581868e-05
1943,935,1002,False,0.0001090069704567
1944,935,1003,False,3.470535156521135e-05
1945,936,1002,False,0.0001071017902476
1946,936,1003,False,3.416117241143716e-05
1947,936,409,False,0.000113649278327
1948,937,848,False,2.230300867587037e-05
1949,938,1013,True,3.597898827084982e-05
1950,939,939,False,2.6995653699754336e-05
1951,939,971,False,0.0008846202451661
1952,940,971,False,0.0007147232999795
1953,940,940,False,6.614194060453734e-05
1954,941,976,True,2.762049440684988e-05
1955,941,918,False,7.968376926995438e-05
1956,942,979,False,9.632950194207156e-05
1957,943,985,False,2.546537981613996e-05
1958,943,978,False,3.443644753607218e-05
1959,943,977,False,2.580045924817461e-05
1960,944,985,False,2.524678734631018e-05
1961,944,978,False,3.412619868272873e-05
1962,944,977,False,2.557610169058032e-05
1963,945,841,False,0.0003537318712415
1964,945,488,False,0.0003204101249599
1965,946,841,True,0.0003780718336483
1966,946,184,False,0.000396982929734
1967,947,841,False,0.0003683241252302
1968,947,184,False,0.0003862495171881
1969,948,841,False,0.0003760812335464
1970,948,731,False,0.000396982929734
1971,949,305,True,8.01153661272232e-05
1972,950,1024,False,0.0002991325157044
1973,950,1025,True,0.0001555789884402
1974,950,1042,False,2.863114495948693e-05
1975,951,841,False,0.0003780718336483
1976,951,417,False,0.0003992015968063
1977,952,943,False,5.3885116930703737e-05
1978,952,652,False,4.287429257417253e-05
1979,953,13,False,0.0002808199943836
1980,954,912,False,0.0001036054703688
1981,955,953,False,0.0003960847027136
1982,955,958,False,5.250997689561017e-05
1983,955,959,False,4.606384448846101e-05
1984,956,953,False,0.0003929890749037
1985,956,949,False,0.0001763979537837
1986,956,958,False,5.233136218535769e-05
1987,956,959,False,4.592633416000735e-05
1988,957,953,False,0.0003992294870899
1989,957,958,False,5.268981505874915e-05
1990,957,959,False,4.620218074293107e-05
1991,957,87,True,6.88752668916592e-05
1992,957,950,True,0.0001831837332844
1993,958,953,False,0.0003445216747198
1994,958,1035,True,0.000145327713995
1995,958,924,False,0.000217533173809
1996,959,924,False,0.0001394505647747
1997,959,919,False,2.5241689173839515e-05
1998,960,693,False,0.0014556040756914
1999,960,157,True,7.237461098646594e-05
2000,960,971,False,0.0025017869907076
2001,960,676,False,0.0001221150323604
2002,961,1053,True,0.0001926411096127
2003,961,991,False,7.92016473942658e-05
2004,962,1041,False,0.000273298715496
2005,963,355,True,0.0003221649484536
2006,964,1029,False,0.0059567632688575
2007,965,670,False,0.000134970981239
2008,965,391,False,9.640412609659692e-05
2009,966,22,False,0.0004015544708482
2010,967,666,True,0.0001056970721911
2011,968,362,False,9.931472837421788e-05
2012,969,1065,False,6.77185616577504e-05
2013,969,844,False,0.0001927336049637
2014,969,961,False,3.813446211341189e-05
2015,969,1071,False,3.6945357815790445e-05
2016,970,1065,False,6.712760958582265e-05
2017,970,961,False,3.781719169534471e-05
2018,971,960,False,8.289811821271657e-05
2019,972,393,False,0.0001144295686005
2020,973,1034,True,0.0002871912693854
2021,974,1042,True,3.828337353087554e-05
2022,974,560,False,3.764351590438547e-05
2023,974,822,False,4.810236182596565e-05
2024,975,1052,False,3.908845717859516e-05
2025,975,1022,False,4.400827355542842e-05
2026,976,960,False,7.512583577492301e-05
2027,976,1052,False,3.6423238025860496e-05
2028,976,1037,False,3.663137843877065e-05
2029,976,1022,False,4.065867046147591e-05
2030,977,960,False,7.512583577492301e-05
2031,977,962,False,0.0001254050914467
2032,977,955,False,3.443644753607218e-05
2033,977,1037,False,3.663137843877065e-05
2034,978,926,False,8.901548869503293e-05
2035,979,1024,False,0.0003614022406938
2036,979,1025,False,0.0001876815372011
2037,979,541,False,2.71215860703534e-05
2038,979,1028,False,5.722305113900074e-05
2039,980,607,False,2.070179070489597e-05
2040,980,595,False,2.29784691743836e-05
2041,981,901,False,1.7318416404004016e-05
2042,982,977,False,2.919367081216792e-05
2043,983,1007,False,0.0001404691670178
2044,984,1056,False,0.0001333511134817
2045,985,541,False,2.731717977436009e-05
2046,985,577,False,0.0001084951719648
2047,985,563,False,5.8637636469783176e-05
2048,985,1024,False,0.0003645643456069
2049,985,1025,False,0.0001893091418286
2050,985,1026,False,2.123999065440411e-05
2051,985,1028,False,5.7602033571471695e-05
2052,986,589,False,1.942539676372889e-05
2053,987,938,False,2.185075931388616e-05
2054,988,104,False,0.0005733944954128
2055,989,918,False,9.709007184665316e-05
2056,990,1004,False,5.229174879913319e-05
2057,991,1024,False,0.0002809778027535
2058,991,1025,False,0.0001462012053477
2059,991,1042,False,2.7081922816519974e-05
2060,991,822,False,3.3347784039750554e-05
2061,992,531,False,3.336447350860804e-05
2062,994,622,False,2.7208663238375097e-05
2063,994,623,False,3.222583867745158e-05
2064,994,174,False,2.434452369939382e-05
2065,994,626,False,4.891724813970985e-05
2066,994,50,False,2.792282132186636e-05
2067,994,503,False,2.445645528137152e-05
2068,994,631,False,3.6948087936449286e-05
2069,994,1060,False,4.146108876819105e-05
2070,994,57,False,2.784972289525719e-05
2071,994,34,False,2.497315385960093e-05
2072,994,35,False,2.440036112534465e-05
2073,994,742,False,4.421061939077766e-05
2074,994,614,False,2.445645528137152e-05
2075,994,297,False,0.0001446968600781
2076,994,620,False,0.0001875692727427
2077,995,607,False,2.086942003881712e-05
2078,995,595,False,2.315940619282521e-05
2079,996,952,False,9.926543577526306e-05
2080,996,890,False,0.0001450939973387
2081,996,859,False,2.1108179419525063e-05
2082,996,1002,False,0.0001181114115092
2083,996,973,False,2.588594651963449e-05
2084,996,1043,False,3.814893475677095e-05
2085,996,408,False,3.82511570975022e-05
2086,997,246,False,0.0001333155579256
2087,998,4,False,0.0002370762872386
2088,998,93,False,0.0001232893601282
2089,999,484,True,3.377807802736024e-05
2090,1000,360,False,5.296610169491525e-05
2091,1000,1038,False,4.7950131862862616e-05
2092,1001,1075,False,0.0008257638315441
2093,1002,413,False,0.0001496110113704
2094,1002,414,False,4.724335049841735e-05
2095,1002,369,False,6.783858212619399e-05
2096,1002,441,True,5.274261603375527e-05
2097,1003,983,False,6.741270055278414e-05
2098,1004,571,False,0.0002298362858456
2099,1005,247,False,0.0001332977872567
2100,1005,386,False,0.0003053435114503
2101,1006,623,False,4.1461088768191055e-05
2102,1006,505,False,5.3307745615437925e-05
2103,1006,626,False,6.189058091052455e-05
2104,1007,913,False,0.0001502629601803
2105,1007,241,False,0.0002506893958385
2106,1008,787,True,0.0001296512381693
2107,1009,60,False,0.000233808744447
2108,1009,1044,False,0.0034602076124567
2109,1010,1042,False,4.758505829169641e-05
2110,1010,584,False,4.171011470281544e-05
2111,1010,585,False,4.171011470281544e-05
2112,1010,1066,True,0.0001910450490757
2113,1011,954,False,3.654035882632368e-05
2114,1012,563,True,7.014529163791297e-05
2115,1012,1024,False,0.000463177396943
2116,1012,1025,False,0.0002399424138206
2117,1012,1026,False,2.580045924817461e-05
2118,1012,1028,False,6.866844725041461e-05
2119,1012,541,False,3.313123281317298e-05
2120,1012,545,False,3.1049150805725465e-05
2121,1012,577,False,0.0001313887793982
2122,1013,473,False,0.0001322576378785
2123,1014,427,False,0.0001438419843177
2124,1015,798,False,0.0001866716445771
2125,1016,114,False,0.0002411027831647
2126,1017,477,False,8.250144377526606e-05
2127,1018,181,False,3.9826357083117606e-05
2128,1018,472,False,0.0002208203012116
2129,1019,1057,False,5.876476464711759e-05
2130,1020,8,True,0.0003960019641697
2131,1021,10,False,0.0001247349382562
2132,1022,1,False,0.0004832692196168
2133,1023,0,True,0.0002887897261643
2134,1024,358,False,0.0206185567010309
2135,1025,1039,False,0.0001965795164143
2136,1026,438,False,0.000274197970935
2137,1027,485,False,6.1005368472425575e-05
2138,1027,719,False,5.116778335207648e-05
2139,1028,906,False,0.0005595970900951
2140,1029,451,False,0.0001866716445771
2141,1030,1063,True,0.0001646090534979
2142,1031,1040,False,4.052849152954527e-05
2143,1032,834,False,0.0001687194196051
2144,1033,1021,False,7.123014459719353e-05
2145,1034,924,True,0.0001715560130382
2146,1034,919,False,2.946028753240632e-05
2147,1035,183,False,0.0083265836837103
2148,1036,1008,False,0.0003042287800425
2149,1037,837,True,0.0004555808656036
2150,1038,1072,False,0.0003418803418803
2151,1039,900,False,1.5955579666209275e-05
2152,1040,514,False,0.0001336005344021
2153,1041,947,False,0.0136518771331058
2154,1042,293,True,2.375917698210934e-05
2155,1043,722,False,4.044325810887325e-05
2156,1044,913,False,0.0001490979573579
2157,1044,241,True,0.0002483238142537
2158,1045,328,False,4.177807486631016e-05
2159,1045,329,False,0.0001905850962454
2160,1046,294,False,2.7156202476645668e-05
2161,1047,1059,False,5.4350779933692045e-05
2162,1048,525,False,3.26253629571629e-05
2163,1049,702,False,0.0048286962520119
2164,1050,1071,True,2.875877142528472e-05
2165,1051,557,False,0.0001808972503617
2166,1052,764,False,1.596373040452093e-05
2167,1052,765,False,1.5664405770767086e-05
2168,1052,999,True,0.0001105373888137
2169,1053,982,False,3.455783253274355e-05
2170,1054,154,False,0.0002278942570647
2171,1054,42,False,0.0001930874686232
2172,1054,435,False,0.0001499865318216
2173,1055,649,False,4.756702632476161e-05
2174,1055,650,False,2.358880003774208e-05
2175,1056,1070,False,0.0032467532467532
2176,1057,989,False,5.135315565141479e-05
2177,1057,990,False,7.509762691498949e-05
2178,1057,991,False,8.097165991902834e-05
2179,1057,992,False,8.426729586247578e-05
2180,1057,993,False,0.0003250975292587
2181,1057,995,False,5.135315565141479e-05
2182,1057,838,False,5.9941257567583765e-05
2183,1057,971,True,0.0014960461637101
2184,1057,420,False,4.0402407983515824e-05
2185,1058,832,False,0.0037414283679599
2186,1058,224,False,0.003700277520814
2187,1058,482,False,0.006123237166127
2188,1059,366,False,3.175409627841992e-05
2189,1059,94,True,4.123031252576895e-05
2190,1059,153,False,3.797516424258536e-05
2191,1060,981,True,3.510523538060322e-05
2192,1061,791,False,4.47227191413238e-05
2193,1061,724,False,5.989458552946814e-05
2194,1062,1073,False,0.0030127361517461
2195,1062,1074,False,0.0001967342120794
2196,1063,1073,True,0.0024667171289906
2197,1063,1074,False,0.0001646090534979
2198,1064,506,False,0.0001755309812181
2199,1065,787,False,0.0001454122437109
2200,1065,375,False,0.0001840603718019
2201,1066,102,True,5.492694716027683e-05
2202,1066,65,False,6.127826459954654e-05
2203,1067,611,False,0.0003580379520229
2204,1069,1067,False,0.0024213075060532
2205,1070,1024,False,0.000525486074619
2206,1070,344,False,6.167889964843027e-05
2207,1070,557,False,0.0001720282126268
2208,1071,382,False,0.000175469380593
2209,1071,465,False,0.0002462661702713
2210,1072,827,False,0.0001698369565217
2211,1072,883,False,0.0024225210926405
2212,1072,869,False,0.000144885540423
2213,1072,886,False,0.0023827130063265
2214,1073,374,False,9.019572472264816e-05
2215,1074,22,True,0.0007025440331102
2216,1075,17,False,0.0044571270196356
