imdb.csv,tvdb.csv
1177,0
1977,1
4322,2
1616,3
2660,4
4966,5
882,6
1409,7
1618,8
1287,9
1346,10
677,11
1467,12
3767,13
4094,13
1040,14
4798,15
4993,16
3591,17
201,18
3255,19
1572,20
3142,21
82,22
4372,23
127,24
3763,25
1708,26
1241,27
2808,28
1177,29
4163,30
2333,31
4427,32
1731,33
1040,34
3954,35
201,35
2459,36
271,37
373,38
1929,39
4797,40
4094,41
1489,42
3989,43
1746,44
1040,45
1040,46
1287,47
3882,48
4094,49
1334,50
639,51
1740,52
1028,53
180,54
3225,55
4251,56
3608,57
4797,58
1040,59
1114,60
4687,61
3450,62
1916,63
3731,64
4394,65
4867,66
898,67
1877,68
4839,69
2338,70
2549,71
2259,72
3448,73
3448,74
4758,75
2486,76
109,76
3411,77
3071,78
4770,79
3255,80
3954,81
1616,82
1040,83
2605,84
3729,85
596,86
779,87
2214,88
3380,89
2272,90
4771,91
3225,92
3733,93
898,94
846,95
2319,96
4839,97
2464,98
2472,99
4919,100
1404,101
179,102
854,103
4076,104
3204,105
2534,106
2203,107
3056,108
2263,109
896,110
4070,111
3005,112
2340,113
31,114
3674,115
1899,116
3058,117
3043,118
1040,118
3763,119
2397,120
1478,121
3193,122
1507,123
4008,124
1864,125
910,126
2608,127
2885,128
4799,129
3351,130
1845,131
1040,132
4682,133
3075,134
1821,135
2860,136
2427,137
69,138
4016,139
4250,140
3379,141
1521,142
4094,143
201,144
4094,145
1756,146
1478,147
2913,148
1040,149
66,150
1115,151
3225,152
3271,153
2927,154
676,155
3398,156
520,157
918,158
4906,159
2353,160
2650,161
4236,162
2249,164
4094,165
1657,166
4340,167
13,168
4372,169
2609,170
2896,171
3476,172
2866,173
2632,174
1715,175
2549,176
3101,177
614,178
1320,179
4689,180
3756,181
2237,182
161,183
3450,184
1570,185
3204,186
559,187
3066,188
1895,189
2845,190
845,191
4607,192
313,193
318,194
5012,195
854,196
1799,197
1705,198
1124,199
779,200
3523,201
4358,202
693,203
4142,204
4881,205
4546,206
2999,207
4401,208
4094,209
4094,210
4595,211
1040,212
4094,213
2287,214
3621,215
4958,216
1891,217
437,218
676,219
271,220
2967,221
192,222
2969,223
1797,224
432,225
1022,226
339,227
2305,228
959,229
4839,230
3566,231
2984,232
1357,233
3944,234
751,235
2549,236
1110,237
4518,238
3707,239
4562,240
4200,241
2363,242
3255,243
1294,244
1962,245
2340,246
759,247
4601,248
4372,249
881,250
3923,251
4094,252
3227,253
1040,254
276,255
5000,256
3524,257
3731,258
5053,259
931,260
1884,261
4094,262
2022,263
3314,264
1571,265
3545,266
3984,267
4546,268
2969,269
1040,270
1626,271
1091,272
1168,273
4094,274
3008,275
182,276
705,277
4094,278
4850,279
3314,280
2467,281
3742,282
4921,283
3387,284
4097,285
1640,286
2770,287
3849,288
5089,289
1421,290
3261,291
2003,292
5038,293
2296,294
3621,295
4094,296
3229,297
2079,298
2373,299
4519,300
345,301
1186,302
69,303
274,304
2984,305
2809,306
115,307
1161,308
1040,309
2927,310
706,311
789,312
3957,313
1735,314
4807,315
1040,316
3989,317
461,318
1019,319
4863,319
4882,320
3178,321
3225,322
405,323
4775,324
3190,325
1973,325
2549,326
2305,327
619,328
4310,329
4810,330
2826,331
823,332
3156,333
985,334
247,335
2163,336
2479,337
1932,338
4706,339
1086,340
1040,341
2744,342
2147,343
4094,344
5106,345
2422,346
4236,347
2498,348
4839,349
3225,350
305,351
2132,352
4094,353
1501,354
3440,355
106,356
4094,357
2585,358
4597,359
3994,360
1572,361
4559,362
2720,363
1664,364
1626,365
2759,366
4094,367
201,368
854,369
1416,370
2165,370
1040,371
4659,372
1759,373
562,374
2244,375
1592,376
4094,377
3255,378
3201,379
4810,380
1464,381
1177,382
1986,383
3937,384
4401,385
2124,386
4612,387
3217,388
96,389
439,390
686,391
608,392
1705,393
4094,394
4657,395
615,396
1548,397
1458,398
2487,399
705,400
2001,401
345,402
3994,403
1151,404
3545,405
123,406
1916,407
2199,407
1955,408
4767,409
4366,410
3697,411
1868,412
4964,413
1040,414
2124,415
3843,416
4291,417
180,418
747,419
1251,420
405,421
4687,422
432,423
1277,424
4659,425
1349,426
4124,427
4094,428
2426,429
1064,430
1797,431
1040,432
3453,433
4164,434
1059,435
1457,435
4094,436
3252,437
4367,438
2744,439
2373,440
1040,441
3437,442
2630,442
2227,442
2549,443
298,444
3101,445
1756,446
4094,447
1551,448
1186,449
2742,449
5100,449
1694,449
4201,450
2477,451
1040,452
4094,453
3836,454
1694,455
1868,456
4599,457
1501,458
2352,459
3414,460
1616,461
2031,462
4164,463
522,464
4990,465
1601,466
1821,467
676,468
4372,469
3443,470
1336,471
4440,472
2979,473
4841,474
66,475
2079,476
1089,477
481,478
614,479
392,480
3545,481
1509,482
3225,483
676,484
1583,485
3075,486
4837,487
3597,488
1223,489
4094,490
4310,491
4035,492
968,493
1404,494
1420,495
4094,496
1750,497
3120,498
4597,499
1040,500
2125,501
4394,502
2202,503
4094,504
5055,505
13,506
3043,507
1040,507
1006,508
4094,509
1986,510
1634,511
1694,512
1571,513
3747,514
1019,515
4863,515
4937,516
1139,517
737,518
4848,519
3196,520
3225,521
3040,522
3524,523
4001,524
2772,525
4582,526
4256,527
4164,528
4094,529
3141,530
2244,531
2079,532
734,533
3092,534
3559,535
3608,536
481,537
494,538
3642,539
4787,540
278,541
3528,542
2036,543
1955,544
4259,545
4094,546
2836,547
2751,548
2009,549
2504,550
4238,551
562,552
345,553
1121,554
2270,555
4394,556
3192,557
3008,558
3098,559
4145,560
4134,560
5053,560
4183,561
4863,562
1019,562
570,563
3216,564
1459,565
3872,566
4724,567
788,568
4094,569
437,570
2083,571
1626,572
3596,573
1460,574
4545,575
2865,576
4094,577
1685,578
4094,579
4094,580
1493,581
3022,582
1228,583
3957,584
2606,585
4448,586
1022,586
4142,587
1501,588
212,589
3729,590
1869,591
3938,592
2765,593
683,594
1357,595
1040,596
3892,597
4372,598
505,599
3081,600
1305,601
4094,602
3900,603
4094,604
4094,605
4094,606
1040,607
4756,608
4094,609
3225,610
1657,611
4385,612
2892,613
590,614
4142,615
1730,616
345,617
4370,618
1040,619
4435,620
1177,621
298,622
3682,623
160,624
157,625
4177,626
1228,627
2923,628
1186,629
2742,629
5100,629
1694,629
83,629
3912,630
4300,631
2953,632
960,633
2398,634
1758,635
1177,636
4839,637
2249,638
3922,639
3211,640
4399,641
1418,642
4971,643
824,644
2202,645
910,646
3002,647
2769,648
1040,649
471,650
1605,651
1137,652
1889,653
1766,654
2990,655
1844,655
2162,656
2408,657
2472,658
4798,659
1977,660
2249,661
4123,662
3171,663
3225,664
1428,665
3564,666
3259,667
4094,668
4606,669
1868,670
1892,671
4094,672
1524,673
786,674
388,675
4094,676
1597,677
2864,678
2742,679
4921,680
2424,681
3833,682
271,683
1250,684
2087,685
1186,686
2742,686
5100,686
1694,686
22,687
4438,688
2549,689
2922,690
260,691
116,692
276,693
3225,694
2467,695
1835,696
1997,697
4515,698
1853,699
663,700
3464,701
3748,702
4094,703
4149,704
33,705
4564,706
2477,707
3130,708
2446,709
4273,709
2751,710
2620,711
4511,712
4372,713
4251,714
1694,715
1186,715
3700,716
1955,717
2632,718
1657,719
4094,720
955,721
1186,722
2742,722
5100,722
1694,722
4278,723
3304,724
5082,725
4164,726
1357,727
3221,728
3776,729
2302,730
3564,731
2543,732
1431,733
1486,734
3572,735
4706,736
3344,737
2376,738
3478,739
4269,740
2809,741
4252,742
4766,743
4094,744
1040,745
4115,746
1040,747
4478,748
2305,749
722,749
352,750
4986,751
1955,752
1040,753
5056,754
3214,755
189,756
4671,757
4706,758
1650,759
963,760
1177,761
2486,762
818,763
1186,764
1694,764
536,765
82,766
4546,767
2079,768
4562,769
1891,770
3058,771
1445,772
118,773
2220,774
1868,775
3098,776
432,777
4606,778
5107,779
910,780
1960,781
3180,782
1378,783
1556,784
290,785
798,786
3031,787
1524,787
2079,788
4970,789
4094,790
5112,791
1785,792
2095,793
1310,795
5028,796
3380,797
5050,798
1040,799
1530,800
1721,801
3688,802
3512,803
4797,804
672,805
4948,806
481,807
4724,808
4935,809
2287,810
4094,811
4884,812
5095,813
5045,814
4818,815
1996,816
2038,817
2651,818
638,819
2772,820
2589,821
948,822
2494,823
4392,824
4931,825
13,826
1794,827
161,828
3147,829
2745,830
2221,831
201,832
855,833
4331,834
3001,836
3556,837
3225,838
3336,839
4286,840
4094,841
3922,842
3761,843
2079,844
1972,845
907,846
3063,847
1630,848
201,849
3225,850
3465,851
4372,852
246,853
629,854
4867,855
2541,856
3225,857
4120,858
2016,859
2428,860
4094,861
1412,862
255,863
3458,864
3199,865
3324,866
4094,867
1664,868
1921,869
1850,870
2146,871
1177,872
2888,873
2110,874
25,875
2510,876
1828,877
4094,878
4323,879
3870,880
1759,881
2327,882
3608,883
2982,884
2669,885
3783,886
175,887
4094,888
1140,889
193,890
3855,891
4129,892
424,893
3856,894
1257,895
4094,896
3801,897
5096,898
1818,899
4636,900
2751,901
3036,902
1357,903
1463,904
1619,905
3907,906
4792,907
3228,908
505,909
3172,910
2632,911
2631,912
4108,913
42,914
3225,915
4094,916
4094,917
1986,918
276,919
1204,920
3095,921
3491,922
4355,923
3992,924
1968,925
544,926
1373,927
3102,928
1022,929
127,930
1705,931
4149,932
2486,933
109,933
1040,934
3437,935
2630,935
2227,935
4228,936
1353,937
676,938
2891,939
2772,940
4094,941
4546,942
2333,943
3285,944
1759,945
2385,946
1040,947
4694,948
1694,949
2201,950
4766,951
2985,952
4519,953
1907,954
201,955
8,956
1375,957
2505,958
481,959
2030,960
4650,961
253,961
1177,962
2263,963
4392,964
2108,965
5058,966
2832,967
1563,968
907,969
1040,970
3976,971
3089,972
4620,973
2969,974
1705,975
4492,976
4964,977
4164,978
1151,979
4094,980
438,981
3311,982
2826,983
910,984
1051,985
4124,986
3431,987
4516,988
2905,989
4244,990
4498,991
1583,992
1592,993
2486,994
109,994
1614,995
1320,996
3479,997
77,998
2799,999
292,1000
1783,1001
3943,1002
3608,1003
505,1004
263,1004
1746,1005
4094,1006
4392,1007
1357,1008
4712,1009
2851,1010
618,1011
2468,1012
4094,1013
2019,1014
3909,1015
74,1016
2380,1017
4645,1018
4559,1019
3165,1020
4094,1021
1471,1022
1626,1023
4094,1024
3199,1025
4094,1026
5106,1027
2652,1028
3994,1029
3670,1030
1224,1031
1916,1032
4370,1033
3582,1034
4251,1035
1643,1036
1384,1037
4269,1038
481,1039
4457,1040
1040,1041
1177,1042
701,1043
3201,1044
2162,1045
733,1046
2745,1047
4094,1048
4236,1049
2495,1049
4882,1050
677,1051
3304,1052
910,1053
2510,1054
1734,1055
4606,1056
2731,1057
3350,1058
4094,1059
4937,1060
4094,1061
3608,1062
1040,1063
46,1064
77,1065
1915,1066
1158,1067
4966,1068
1672,1069
4244,1070
2877,1071
4415,1072
290,1073
3298,1074
4486,1075
4404,1076
1973,1077
1976,1078
505,1079
263,1079
1367,1080
3883,1081
1051,1082
4704,1083
4992,1084
3682,1085
3548,1086
4094,1087
3682,1088
2691,1089
481,1090
3097,1091
2929,1092
481,1093
4724,1094
26,1095
4094,1096
2069,1097
1277,1098
3732,1099
3922,1100
1102,1101
1478,1102
2648,1103
2851,1104
3255,1105
4094,1106
4841,1107
4528,1108
4453,1109
1708,1110
3402,1111
3037,1112
1177,1113
335,1114
4727,1115
896,1116
910,1117
3199,1118
3568,1119
3180,1120
4361,1121
3512,1122
4756,1123
2908,1124
2632,1125
3856,1126
1400,1127
2681,1128
45,1129
1572,1130
3470,1131
2857,1132
959,1133
959,1134
3004,1135
3732,1136
5091,1137
5094,1138
3780,1139
1407,1140
345,1141
1442,1142
201,1143
4624,1144
3532,1145
1174,1146
46,1147
5000,1148
2395,1149
3425,1149
3132,1150
1428,1151
907,1152
4236,1153
2669,1154
2632,1155
1073,1156
3801,1157
2888,1158
4064,1159
3476,1160
1859,1161
639,1162
2412,1163
874,1164
2796,1165
3528,1166
2395,1167
1916,1168
2929,1169
1177,1170
1988,1171
3255,1172
4251,1173
4388,1174
3736,1175
3783,1176
4094,1177
4611,1178
3608,1178
2019,1179
4821,1180
4164,1181
1974,1182
505,1183
263,1183
58,1184
1040,1185
4879,1186
4094,1187
4681,1188
2080,1189
1040,1190
109,1191
2618,1192
4094,1193
8,1194
2340,1195
345,1196
74,1197
2742,1198
4094,1199
4735,1200
4391,1201
4370,1202
4076,1203
2302,1204
4135,1205
2791,1206
1409,1207
1022,1208
1124,1209
1809,1210
2070,1211
295,1212
1941,1213
2133,1214
3585,1215
1777,1216
2044,1217
2167,1218
1131,1219
3945,1220
1986,1221
2509,1222
3987,1223
3736,1224
4183,1225
631,1226
3512,1227
3252,1228
3252,1229
1064,1230
3939,1231
3555,1232
4922,1233
5108,1234
4057,1235
3440,1236
3271,1237
2798,1238
4677,1239
3261,1240
4186,1241
1361,1242
3402,1243
1424,1244
3961,1245
2246,1246
3587,1247
1177,1248
345,1249
4927,1250
2510,1251
3608,1252
3975,1253
656,1254
1963,1255
4287,1256
3771,1257
4071,1258
4657,1259
1460,1260
1015,1261
4858,1262
910,1263
3008,1264
2095,1265
4655,1266
3020,1267
3012,1268
639,1269
4256,1270
4576,1271
1568,1272
2636,1273
1040,1274
4245,1275
2109,1276
4546,1277
2109,1278
1568,1279
5022,1280
1783,1281
2904,1282
936,1283
4177,1284
3158,1285
4249,1286
1330,1287
2871,1288
4326,1289
1169,1290
1392,1291
3340,1292
4094,1293
3624,1294
74,1295
1177,1296
5050,1297
4094,1298
2723,1299
1267,1300
1040,1301
25,1302
4477,1303
723,1304
3199,1305
3136,1306
3158,1307
2726,1308
1028,1309
3266,1310
66,1311
4094,1312
3437,1313
2630,1313
2227,1313
3938,1314
2597,1315
1395,1316
3147,1317
3003,1318
1320,1318
3817,1319
4606,1320
1873,1321
201,1322
1433,1323
481,1324
1883,1325
1035,1326
2324,1326
1040,1327
3198,1328
2813,1329
1035,1330
1007,1331
2385,1332
131,1333
1916,1334
3697,1335
1058,1336
4094,1337
4919,1338
4251,1339
416,1340
4076,1341
3165,1342
3271,1343
4366,1344
837,1345
3856,1346
2319,1347
1040,1348
2733,1349
1177,1350
162,1351
2388,1352
4056,1353
481,1354
1522,1355
4094,1356
1040,1357
1660,1358
4361,1359
298,1360
3356,1361
3470,1362
2547,1363
1086,1364
4611,1365
4611,1366
3608,1366
2384,1366
2214,1367
1258,1368
311,1369
2083,1370
4184,1371
2707,1372
2964,1373
2108,1374
3937,1375
1572,1376
3366,1377
520,1378
481,1379
764,1380
633,1381
3058,1382
2162,1383
2828,1384
3193,1385
2674,1386
893,1387
1121,1388
4919,1389
4236,1390
2495,1390
3008,1391
4251,1392
3437,1393
2630,1393
2227,1393
269,1394
2403,1395
3228,1396
761,1396
1548,1397
2587,1398
1602,1399
2597,1400
1478,1401
4427,1402
1557,1403
3115,1404
3507,1405
5086,1406
3545,1407
2315,1408
4936,1409
3002,1410
4094,1411
3548,1412
3256,1413
2329,1414
106,1415
1821,1416
716,1417
4611,1418
1139,1419
4611,1420
3608,1420
4094,1421
5104,1422
3655,1423
3470,1424
3938,1425
1180,1426
3901,1427
2648,1428
1328,1429
4964,1430
5028,1431
3245,1432
2476,1433
77,1434
2343,1435
2632,1436
1169,1437
2269,1438
1177,1439
2589,1440
1838,1440
1769,1441
1177,1442
3579,1443
4192,1444
4040,1445
1073,1446
381,1447
3485,1448
2079,1449
564,1450
3271,1451
5047,1452
1901,1453
1040,1454
4913,1455
2052,1456
591,1457
3706,1458
82,1459
3090,1460
202,1460
3597,1461
4826,1462
1375,1463
1064,1464
201,1464
4994,1465
1662,1466
4945,1467
1568,1468
2597,1469
1511,1470
1644,1471
3059,1472
1756,1473
2587,1474
4212,1475
2031,1476
4687,1477
1555,1478
4251,1480
2995,1481
3998,1482
4787,1483
2632,1484
3922,1485
2811,1486
1533,1487
616,1488
2745,1489
4094,1490
481,1491
138,1492
676,1493
82,1494
5053,1495
4145,1495
4134,1495
509,1496
2520,1497
2930,1498
201,1499
2552,1500
3225,1501
814,1502
557,1503
2226,1504
3271,1505
3783,1506
2246,1507
4519,1508
1630,1509
4151,1510
3646,1511
2398,1512
5040,1513
3867,1514
477,1515
202,1516
3932,1517
1561,1518
366,1519
4094,1520
2951,1521
3261,1522
345,1523
1143,1524
2255,1525
1212,1526
3551,1527
2622,1528
79,1529
2308,1530
1367,1531
1891,1532
2798,1533
3475,1534
833,1535
13,1536
3596,1537
4843,1538
2962,1539
1899,1540
2428,1541
3602,1542
676,1543
1715,1544
2659,1545
1000,1545
1040,1546
3306,1547
3418,1548
262,1549
1395,1550
5032,1551
4937,1552
2337,1553
2374,1554
4094,1555
3608,1556
3097,1557
3071,1558
4094,1559
5082,1560
404,1561
2246,1562
4372,1563
2592,1564
3756,1565
62,1566
2493,1567
1464,1568
4642,1569
398,1571
4761,1572
4094,1572
806,1573
158,1574
2463,1575
2286,1576
492,1577
4372,1578
3829,1579
1177,1580
1634,1581
3111,1582
1040,1583
4624,1584
1357,1585
4385,1586
4163,1587
3479,1588
4094,1588
4251,1589
1759,1590
3450,1591
2597,1592
82,1594
2682,1595
1281,1596
3335,1597
74,1598
4094,1599
2976,1600
3433,1601
271,1602
4937,1603
290,1604
3347,1605
4606,1606
3225,1607
1040,1608
440,1609
1538,1610
1430,1611
4767,1612
4765,1613
1209,1615
481,1615
162,1615
1901,1616
676,1617
2552,1618
1478,1619
201,1620
1039,1621
3224,1622
1177,1623
1868,1624
3678,1625
705,1626
3359,1627
1377,1628
303,1629
3058,1630
4523,1631
2282,1632
4340,1633
4649,1634
2122,1635
3251,1636
2479,1637
910,1638
3437,1639
2630,1639
2227,1639
2549,1640
2486,1641
109,1641
4166,1642
346,1643
2615,1644
1593,1645
2520,1646
4787,1647
2477,1648
2727,1649
4607,1650
1507,1651
4164,1652
1890,1653
1836,1654
2410,1655
3762,1656
4697,1657
4094,1658
2813,1659
910,1660
4770,1661
1287,1662
2137,1663
609,1664
1431,1665
3748,1666
1266,1667
1421,1668
609,1669
676,1670
4865,1671
3304,1672
1984,1673
1782,1674
3936,1675
2032,1676
1903,1677
596,1678
3565,1679
2871,1680
3115,1681
4597,1682
2632,1683
3081,1684
4094,1685
459,1686
1494,1687
4937,1688
1186,1689
2742,1689
5100,1689
1694,1689
4247,1690
4704,1691
3608,1692
2079,1693
4063,1694
2622,1695
4006,1696
158,1697
3912,1698
1973,1699
737,1700
1395,1701
3199,1702
616,1703
4094,1704
2342,1705
4094,1706
2460,1707
2383,1708
2095,1709
2137,1710
3380,1711
852,1712
4934,1713
4699,1714
2146,1715
3340,1716
4094,1717
4526,1718
5067,1719
4770,1720
1756,1721
4094,1722
4757,1723
432,1724
151,1725
2926,1726
4597,1727
4149,1728
3190,1729
1973,1729
4164,1730
1686,1731
345,1732
3324,1733
4807,1734
1917,1735
4145,1736
4134,1736
5053,1736
5050,1737
3059,1738
2871,1739
1527,1740
2518,1741
3593,1742
4509,1743
1096,1744
3288,1745
2937,1746
1921,1747
3108,1748
1362,1749
2708,1750
4116,1751
3137,1752
3994,1753
1492,1754
1604,1755
3165,1756
1488,1757
66,1758
4222,1759
3476,1760
2045,1761
907,1762
526,1763
4094,1764
3776,1765
4094,1766
4256,1767
1268,1768
4164,1769
1089,1770
4094,1771
4666,1772
953,1772
2190,1773
4392,1774
2575,1775
224,1776
1109,1777
2828,1778
4094,1779
2069,1780
3225,1781
2066,1782
3332,1783
4520,1784
2226,1785
3344,1786
2919,1788
3867,1789
2670,1790
1694,1791
2731,1792
3752,1793
2030,1793
4111,1794
4200,1795
1510,1796
5050,1797
261,1798
4562,1800
701,1801
2271,1802
3704,1803
4094,1804
4253,1805
4236,1806
3534,1807
1559,1808
1092,1809
5089,1810
1700,1811
4380,1812
4582,1813
907,1814
3177,1815
3564,1816
3190,1817
1973,1817
2669,1818
4606,1819
4094,1820
4094,1821
1666,1822
3834,1823
4076,1824
3470,1825
3233,1826
3549,1827
806,1828
4581,1829
4606,1830
201,1831
3328,1832
3989,1833
4063,1834
1384,1835
2712,1836
3327,1837
4094,1838
3942,1839
2142,1840
330,1841
3264,1843
843,1844
1694,1845
959,1846
3938,1847
4851,1848
3249,1849
3710,1850
3600,1851
1326,1852
2653,1853
2079,1854
2133,1855
2633,1856
4597,1857
2398,1858
3867,1859
2282,1860
1250,1861
907,1862
4913,1863
2909,1864
4606,1865
4863,1866
1019,1866
4094,1867
1694,1868
1521,1869
3858,1870
2877,1871
1527,1872
4316,1873
3005,1874
4843,1875
2422,1876
4201,1877
1562,1878
3778,1879
3253,1880
3665,1881
766,1882
2682,1883
2894,1884
4116,1885
2826,1886
4094,1887
4947,1888
3542,1889
1598,1890
4348,1891
2045,1892
1293,1893
3163,1894
3754,1895
581,1896
4164,1897
2803,1897
4094,1898
3938,1899
4094,1900
1694,1901
3225,1902
1148,1903
1219,1904
2079,1905
2470,1906
4094,1907
767,1908
391,1909
1915,1910
2095,1911
1865,1912
3302,1913
4026,1914
4999,1915
1887,1916
3344,1917
391,1919
3057,1920
2747,1921
3795,1922
4919,1923
461,1924
1309,1925
52,1926
4094,1927
2153,1928
1917,1929
545,1930
1253,1931
3119,1932
1977,1933
1421,1934
4929,1935
4777,1936
4990,1937
576,1938
2965,1939
2606,1940
1853,1941
2190,1942
4198,1943
2069,1944
3440,1945
3470,1946
2742,1947
5075,1948
1285,1949
4606,1950
1433,1951
4762,1952
2671,1953
845,1954
151,1955
2772,1956
2554,1957
1486,1958
1040,1959
2333,1960
3425,1961
1568,1962
2149,1963
1982,1964
4810,1965
1040,1966
3398,1967
4889,1968
345,1969
3997,1970
2632,1971
4689,1972
1614,1973
1202,1974
1818,1975
4735,1976
1786,1977
3094,1978
1065,1979
1475,1980
4094,1981
1474,1982
3608,1983
4995,1984
2710,1985
2453,1986
4818,1987
859,1989
5085,1990
4889,1991
3608,1992
2022,1993
1701,1993
3001,1994
2826,1995
1040,1996
3434,1997
1392,1998
1626,1999
907,2000
2261,2001
3255,2002
914,2003
4094,2004
3184,2005
1040,2006
3825,2007
4463,2008
631,2009
3908,2010
4094,2011
619,2012
4678,2013
773,2014
200,2015
2731,2016
1823,2017
4597,2018
2703,2019
3225,2020
4801,2021
4543,2022
2398,2023
4183,2024
4213,2025
4164,2026
4682,2027
696,2028
1177,2029
4094,2030
2960,2031
533,2032
2269,2033
1115,2034
828,2035
3225,2036
716,2037
3783,2038
2744,2039
4991,2040
2840,2041
3608,2042
4098,2043
3736,2044
1250,2045
4094,2046
4076,2047
4934,2048
4943,2049
3783,2050
1982,2051
4775,2052
4572,2053
843,2054
4317,2055
2139,2056
529,2056
4392,2057
2979,2058
4094,2059
3986,2060
2966,2061
1855,2062
2302,2063
4094,2064
2053,2065
344,2066
786,2067
2987,2068
1432,2069
1247,2070
3332,2071
1010,2072
1838,2073
1868,2074
1209,2075
4094,2076
3867,2077
2927,2078
4392,2079
452,2080
4094,2081
2794,2082
3856,2083
4094,2084
1289,2085
4026,2086
3464,2087
2368,2088
4163,2089
1977,2090
2821,2091
4606,2092
2549,2093
88,2094
4201,2095
1063,2096
832,2097
3225,2098
1756,2099
3752,2099
2030,2099
707,2100
4846,2101
1127,2102
4183,2102
97,2102
914,2103
2079,2104
4372,2105
910,2106
3553,2107
3225,2108
3022,2109
4094,2110
4251,2111
676,2112
162,2112
4094,2113
1339,2114
5083,2114
3407,2115
4485,2116
1715,2117
3305,2118
1223,2119
5106,2120
4392,2121
4678,2122
1232,2123
1272,2124
1266,2125
1310,2126
591,2127
287,2128
2562,2129
767,2130
5020,2131
75,2132
5000,2133
3060,2134
27,2135
1977,2136
4828,2137
4961,2138
3554,2138
4318,2139
985,2140
1040,2141
1040,2142
1571,2143
1715,2144
1851,2145
1364,2146
3572,2146
1287,2147
4094,2149
4606,2150
4770,2151
288,2152
1843,2153
1035,2154
4807,2154
4094,2155
25,2156
1571,2157
4094,2158
3116,2159
2576,2160
705,2161
4853,2162
605,2163
4415,2164
3618,2165
910,2166
4606,2167
4094,2168
1040,2169
345,2170
2424,2171
3795,2172
3185,2173
676,2174
2572,2175
4392,2176
934,2177
5086,2178
4230,2179
3772,2180
3938,2181
3255,2182
1254,2183
910,2184
2305,2185
1545,2186
2373,2187
4076,2188
2921,2189
4094,2190
4094,2191
3753,2192
2744,2193
3748,2194
1911,2195
1564,2196
2918,2197
1821,2198
4606,2199
2969,2200
3528,2201
548,2202
3983,2203
3807,2204
1568,2205
4724,2206
4029,2207
2324,2208
1227,2209
4121,2210
2942,2211
4999,2212
960,2213
1486,2214
1845,2215
1868,2216
2095,2217
4964,2218
4593,2219
3551,2220
481,2221
69,2222
2342,2223
885,2224
2632,2225
1472,2226
2612,2227
4724,2228
2136,2229
1320,2230
2342,2231
4094,2232
3994,2233
5015,2234
1040,2235
4655,2236
4414,2237
5022,2238
2479,2239
4628,2240
4293,2241
4891,2242
2574,2243
4846,2244
1576,2245
2632,2246
3483,2247
427,2248
907,2249
524,2250
631,2251
896,2252
2095,2253
1803,2254
1776,2255
2999,2256
591,2257
2095,2258
4086,2259
3163,2260
1484,2261
2545,2262
2358,2263
2030,2264
2669,2265
4121,2266
4263,2267
631,2268
2107,2269
915,2269
1266,2270
404,2271
1353,2272
2282,2273
4799,2274
125,2275
310,2276
585,2277
798,2278
2606,2279
2740,2280
2354,2281
2772,2282
994,2283
3545,2284
1580,2286
3889,2287
455,2288
3816,2289
2996,2290
4228,2291
2486,2292
109,2292
3705,2293
271,2294
3469,2295
3410,2296
1264,2297
3152,2298
97,2298
1174,2298
895,2298
3979,2298
1326,2300
4908,2301
2586,2302
1369,2303
713,2304
1701,2305
2101,2306
2551,2307
907,2308
4394,2309
1365,2310
3165,2311
3994,2312
627,2313
4251,2314
2382,2315
4846,2316
620,2317
4129,2318
3479,2319
3009,2320
1438,2321
1409,2322
4767,2323
1275,2323
2759,2323
4033,2323
2109,2323
2256,2324
1868,2325
2069,2326
1493,2327
932,2328
3736,2329
1341,2330
65,2331
3375,2332
1275,2333
2312,2334
4655,2335
4964,2336
3402,2337
4846,2338
3321,2339
2808,2340
3334,2341
4524,2342
3801,2343
3613,2344
3388,2345
2095,2346
5050,2347
398,2348
1504,2349
3043,2350
3778,2351
4077,2352
287,2353
2477,2354
4607,2355
433,2356
4329,2356
3707,2357
3677,2358
2472,2359
266,2360
2383,2361
2333,2362
2639,2363
1112,2364
2016,2365
4201,2366
1177,2367
4787,2368
3110,2369
1916,2370
2403,2371
25,2372
2438,2374
959,2375
3252,2376
1568,2377
2269,2378
1177,2379
1425,2380
4412,2381
3098,2382
2249,2383
2856,2384
960,2385
668,2386
735,2387
3225,2388
1186,2389
2742,2389
5100,2389
1694,2389
2999,2390
3922,2391
1608,2392
2226,2393
1177,2394
4841,2395
1836,2396
4068,2397
850,2398
1685,2399
2477,2400
782,2401
3572,2402
3225,2403
3380,2404
3250,2405
1357,2406
2886,2407
2733,2408
2378,2409
4935,2410
990,2411
2699,2412
3190,2413
1973,2413
4318,2414
2910,2415
74,2416
1746,2417
1040,2418
4754,2419
3597,2420
5012,2421
536,2422
1399,2423
3190,2424
1973,2424
3058,2425
2851,2426
228,2427
453,2428
3888,2429
3507,2430
2548,2431
1440,2432
4003,2433
4094,2434
2731,2435
2606,2436
2056,2437
2368,2438
2329,2439
2949,2440
4183,2441
1486,2442
3938,2443
1613,2444
2202,2445
3387,2446
103,2447
3564,2448
3240,2449
2164,2450
629,2451
4520,2452
4846,2453
2445,2454
2669,2455
1609,2456
1486,2457
3075,2458
481,2459
2669,2460
686,2461
2202,2462
2997,2463
1096,2464
25,2465
1933,2466
3618,2467
2398,2468
2733,2469
4252,2470
4559,2471
3455,2472
1265,2473
2203,2474
4094,2475
1821,2476
4996,2477
634,2478
5052,2479
3648,2480
4288,2481
4164,2482
4029,2483
4186,2484
3440,2485
929,2486
1076,2487
5032,2488
458,2489
4608,2490
2801,2491
3165,2492
3225,2493
3525,2494
1715,2495
3834,2496
201,2497
4164,2498
226,2499
3501,2500
5053,2501
722,2502
2712,2503
2172,2504
1315,2505
3756,2506
1040,2507
2484,2508
4164,2509
1435,2510
4940,2511
1253,2512
4461,2513
1568,2514
345,2516
4142,2517
202,2518
3971,2519
2896,2520
823,2521
3937,2522
91,2523
25,2524
4094,2525
4857,2526
3103,2527
2340,2528
4094,2529
675,2529
1359,2530
1955,2531
187,2532
3261,2533
1670,2534
2896,2535
1696,2536
3323,2537
4094,2538
3008,2539
218,2540
4094,2541
1428,2542
4164,2543
1129,2544
1579,2545
884,2546
4094,2547
3418,2548
3008,2549
4787,2550
4094,2551
2398,2552
3801,2553
4662,2554
3681,2555
1486,2556
3510,2557
994,2558
603,2559
1395,2560
4256,2561
5049,2562
4094,2563
179,2564
4094,2565
2921,2566
1090,2567
3312,2568
3131,2569
4769,2570
345,2571
2221,2572
4304,2573
3750,2574
3960,2575
3528,2576
2189,2577
3078,2578
1474,2579
17,2580
4094,2581
2121,2582
1054,2583
4325,2584
1431,2585
910,2586
3470,2587
4,2588
4372,2589
2384,2590
1119,2591
1481,2592
4372,2593
4606,2594
4771,2595
2963,2596
569,2597
3439,2598
964,2599
1540,2600
2797,2601
3296,2602
3817,2603
3882,2604
4094,2605
3362,2606
4396,2607
4131,2608
4913,2609
676,2610
298,2611
2897,2612
1315,2613
2759,2614
1633,2615
2772,2616
693,2617
1705,2618
1550,2619
4038,2620
4906,2621
3225,2622
647,2623
4604,2624
3683,2625
907,2626
3233,2627
1024,2628
2253,2629
2733,2630
2982,2631
1177,2632
1040,2633
1173,2634
2857,2635
3551,2636
2493,2637
149,2638
4991,2639
3336,2640
4370,2641
2930,2642
3008,2643
2456,2644
4044,2645
949,2646
3652,2647
200,2648
3211,2649
5109,2650
1840,2651
3973,2652
5043,2653
3437,2654
4390,2655
3225,2656
2095,2657
201,2658
2159,2659
1478,2660
4398,2661
1407,2662
1401,2663
834,2663
4465,2664
1010,2665
1977,2666
676,2667
3051,2668
461,2669
4094,2670
3058,2671
2613,2672
3600,2673
4094,2674
992,2675
2403,2676
4094,2677
3773,2678
4867,2678
1186,2679
2742,2679
5100,2679
1694,2679
83,2679
3618,2680
4230,2681
596,2682
4094,2683
3911,2684
2016,2685
992,2686
4919,2687
1793,2688
345,2689
1218,2690
699,2690
4183,2691
4354,2692
3137,2693
2154,2694
2821,2695
1040,2696
886,2697
4252,2698
4689,2699
3836,2700
452,2701
3288,2702
4094,2703
4606,2704
2931,2705
3704,2706
1510,2707
4094,2708
634,2709
4094,2710
4850,2711
2980,2712
345,2713
959,2714
1040,2715
196,2716
2669,2717
1821,2718
986,2719
3491,2720
1241,2721
1177,2722
266,2723
2087,2724
3234,2725
4728,2726
4228,2727
4189,2728
2775,2729
4094,2730
4094,2731
4094,2732
1708,2733
3682,2734
217,2735
1040,2736
1582,2737
4134,2738
3177,2739
2953,2740
168,2741
3243,2742
4314,2743
3058,2744
4199,2745
3081,2746
4094,2747
290,2748
3682,2749
1040,2750
3963,2751
2171,2752
1992,2753
1658,2754
762,2755
1411,2756
723,2757
2079,2758
4775,2759
907,2759
1705,2760
611,2761
4070,2762
3179,2763
4164,2764
3336,2765
3698,2766
994,2767
907,2768
3043,2769
1630,2770
4318,2771
2245,2772
3698,2773
1605,2775
4861,2776
3349,2777
4919,2778
2852,2779
4094,2780
2731,2781
1264,2782
1527,2783
4814,2784
1300,2785
4822,2786
2069,2787
3840,2788
3111,2789
3736,2790
3668,2791
4393,2792
4370,2793
1177,2794
3437,2795
2630,2795
2227,2795
2373,2796
1784,2797
701,2798
1698,2799
3860,2800
4398,2801
1802,2802
4170,2803
1527,2804
1040,2805
5074,2806
3387,2807
418,2808
2566,2809
3295,2810
1781,2811
2802,2812
663,2813
3225,2814
2906,2815
2005,2816
813,2817
3008,2818
3921,2819
907,2820
3533,2821
881,2822
3491,2823
2327,2824
4415,2825
810,2826
676,2827
1626,2828
2240,2829
25,2830
2374,2831
3545,2832
4552,2833
5077,2834
1147,2835
4060,2836
2382,2837
427,2838
5074,2839
3994,2840
3137,2841
3033,2842
3564,2843
4797,2844
1241,2845
4819,2846
1049,2847
1177,2848
107,2849
4392,2850
4846,2851
154,2852
3135,2853
2809,2854
2485,2855
3224,2856
526,2857
4612,2858
2987,2859
4395,2860
390,2861
4797,2862
1321,2863
1040,2864
3867,2865
2477,2866
4092,2867
3179,2868
4606,2869
2394,2870
4164,2871
1746,2872
345,2873
4961,2874
1315,2875
2802,2876
1767,2877
3022,2878
2949,2879
2543,2880
471,2881
2929,2882
1799,2883
751,2884
3994,2885
1433,2886
3676,2887
1855,2888
1592,2889
4251,2890
2704,2891
1568,2892
2956,2893
481,2894
1766,2895
3546,2896
3203,2897
3783,2898
4808,2899
1577,2900
1454,2901
2322,2902
559,2903
3470,2904
1040,2905
1531,2906
4509,2907
4707,2908
4372,2909
1626,2910
2380,2911
1694,2912
4797,2913
4937,2914
4120,2915
481,2916
620,2917
2079,2918
4746,2919
2313,2920
1630,2921
3518,2922
4541,2922
907,2923
4094,2924
4035,2925
481,2926
41,2927
3795,2928
910,2929
1997,2930
2602,2931
4828,2932
2929,2933
4372,2934
1004,2935
4392,2936
3488,2937
654,2938
4405,2939
941,2940
495,2941
2282,2942
609,2943
3608,2944
2403,2945
4392,2946
1538,2947
2963,2948
3801,2949
5100,2950
1092,2951
3867,2952
2837,2953
2079,2954
3736,2955
3058,2956
2026,2957
3394,2958
4173,2959
4966,2960
4210,2961
5015,2962
638,2963
4893,2964
3458,2965
5106,2966
2900,2967
3458,2968
3491,2969
2284,2970
3254,2971
629,2972
1764,2973
3120,2974
1142,2975
2382,2976
2446,2977
4183,2978
74,2979
1524,2980
437,2981
2371,2982
4858,2983
1177,2984
3680,2985
4164,2986
4808,2987
4029,2988
2843,2989
4727,2990
4559,2991
2249,2992
2069,2993
4410,2994
2509,2995
3391,2996
452,2997
2597,2998
1453,2999
1266,3000
2427,3001
4094,3002
3564,3003
4260,3004
4094,3005
2058,3006
4966,3008
4826,3009
2150,3010
5106,3011
4094,3012
4846,3013
4094,3014
4398,3015
4251,3016
1040,3017
2060,3018
3574,3019
1812,3020
201,3021
183,3022
1824,3023
2534,3024
1799,3025
4372,3026
4164,3027
4564,3028
4094,3029
591,3030
4360,3031
1756,3032
1633,3033
1662,3034
4660,3035
1177,3036
4076,3037
2995,3038
4346,3038
649,3039
2669,3040
2079,3041
4364,3042
1493,3043
64,3044
2069,3045
2746,3046
4165,3047
4790,3048
2662,3049
1634,3050
3439,3051
1803,3052
1429,3053
907,3054
3013,3055
4094,3056
1938,3057
341,3057
1699,3058
2249,3059
5087,3060
2744,3061
4236,3062
2632,3063
4118,3064
2223,3065
4843,3066
1552,3067
345,3068
734,3069
881,3070
2608,3071
3573,3072
3464,3073
3703,3074
4094,3075
4606,3076
1430,3077
4195,3078
3095,3079
1205,3080
3190,3081
1973,3081
4162,3082
1809,3083
4562,3084
1756,3085
4462,3086
895,3087
4624,3088
4807,3089
2203,3090
2162,3091
3255,3092
503,3093
3148,3094
1318,3095
1705,3096
3252,3097
3938,3098
4993,3099
2597,3100
3022,3101
3342,3102
1434,3103
4094,3104
4806,3105
2202,3106
4372,3107
1177,3108
74,3109
105,3110
4094,3111
1040,3112
651,3113
1287,3114
1177,3115
2340,3116
631,3117
1177,3118
83,3119
2999,3120
4094,3121
3579,3122
2340,3123
2632,3124
1395,3125
447,3127
2954,3128
481,3129
1929,3130
3002,3131
4606,3132
3470,3133
3403,3134
4383,3135
2587,3136
1527,3137
2079,3138
4029,3139
710,3140
1672,3141
1521,3142
3572,3143
4868,3144
2364,3145
3512,3146
3470,3147
96,3148
4094,3149
2805,3150
4629,3151
4094,3152
4094,3153
2648,3154
1557,3155
1066,3156
1868,3157
4254,3158
1472,3159
1615,3160
138,3161
481,3162
2612,3163
4212,3164
969,3165
2775,3166
2131,3167
4076,3168
776,3169
3983,3170
1294,3171
4094,3172
1371,3173
2953,3174
3173,3176
201,3177
201,3178
832,3179
4606,3180
760,3181
1474,3182
1982,3183
43,3184
4879,3185
4739,3186
1721,3187
4797,3188
4094,3189
1894,3190
2929,3191
2203,3192
3661,3193
2597,3194
4717,3195
2263,3196
3539,3197
510,3198
1040,3199
3516,3200
3470,3201
1588,3202
982,3203
2376,3204
348,3205
4094,3206
1433,3207
2517,3208
4076,3209
4094,3210
1040,3211
1040,3212
3059,3213
4094,3214
4094,3215
4251,3216
1040,3217
4541,3218
3518,3218
3198,3219
1123,3220
1919,3221
3705,3222
3576,3223
4846,3224
4094,3225
1478,3226
562,3227
3528,3228
4519,3229
1556,3230
4284,3231
2745,3232
481,3233
1040,3234
2343,3235
2534,3236
778,3237
4173,3238
2563,3239
4121,3240
1177,3241
3820,3242
1186,3243
4094,3244
4611,3245
4094,3246
1697,3247
1756,3248
4392,3249
994,3250
2949,3251
481,3252
1476,3253
4798,3254
3437,3255
2630,3255
2227,3255
3907,3256
3856,3257
2999,3258
5109,3259
1732,3260
4964,3261
3279,3262
1556,3264
3149,3265
2648,3266
4964,3267
4858,3268
2779,3269
4550,3270
1007,3271
2162,3272
3120,3273
3107,3274
4724,3275
5039,3276
4094,3277
1260,3278
3616,3279
1143,3280
4512,3281
2168,3282
1433,3283
3425,3284
3228,3285
1571,3286
481,3287
1869,3288
3811,3289
4896,3290
5050,3291
2486,3292
3152,3293
1174,3293
1127,3293
895,3293
3979,3293
4094,3294
4164,3295
546,3296
4094,3297
977,3298
4252,3299
4521,3300
287,3301
4509,3302
3642,3303
688,3304
357,3305
3636,3306
4094,3307
3470,3308
4076,3309
4372,3310
1517,3311
4094,3312
2477,3313
4094,3314
2274,3315
74,3316
2275,3317
2657,3318
193,3319
4977,3320
3784,3321
3009,3322
1177,3323
1750,3324
4546,3325
1177,3326
1389,3327
5050,3328
1375,3329
4597,3330
604,3331
3844,3332
994,3333
1133,3334
4094,3335
664,3336
3002,3337
1493,3338
4526,3339
3022,3340
4850,3341
1265,3342
2597,3343
2773,3344
3599,3345
4094,3346
4164,3347
92,3348
2302,3349
2826,3350
1835,3351
4405,3352
3326,3353
4519,3354
266,3355
910,3356
3095,3357
4094,3358
271,3359
3956,3360
4094,3361
3660,3362
1880,3363
4552,3364
4415,3365
3225,3366
2263,3367
3100,3368
1859,3369
1040,3370
4846,3371
1139,3372
4125,3373
2202,3374
2472,3375
3952,3376
2896,3377
2674,3378
1986,3379
2340,3380
4417,3381
2731,3382
4502,3383
3475,3384
4807,3385
1177,3386
3199,3387
2752,3388
2385,3389
1675,3390
1864,3391
1799,3392
2733,3393
25,3394
1405,3394
3597,3395
1657,3396
1803,3397
1429,3398
4094,3399
3736,3400
2203,3401
1759,3402
3380,3403
46,3404
1871,3405
2733,3406
1196,3407
1478,3408
2226,3409
1885,3410
595,3411
1478,3412
2069,3413
2587,3414
2157,3415
821,3416
3856,3417
3320,3418
1821,3419
4183,3420
3660,3421
1524,3422
1265,3423
2109,3424
1976,3425
3059,3426
303,3427
4094,3428
629,3429
345,3430
203,3431
4964,3432
907,3433
3552,3434
676,3435
3340,3436
4164,3437
1336,3438
3876,3439
1277,3440
3190,3441
3872,3442
2319,3443
4427,3445
3081,3446
3221,3447
3976,3448
1186,3449
2742,3449
5100,3449
1694,3449
5055,3450
3677,3451
2921,3452
5000,3453
3706,3454
4539,3455
4869,3456
2300,3457
4361,3458
4094,3459
341,3460
2826,3461
3700,3462
4546,3463
4398,3464
1375,3465
3541,3466
318,3467
3482,3468
208,3470
2941,3471
4814,3472
3450,3473
2619,3474
4655,3475
2233,3476
1731,3477
1040,3478
2927,3479
1675,3480
4597,3481
1838,3482
5072,3483
676,3484
4165,3485
4094,3486
798,3487
64,3488
476,3489
1749,3490
2742,3491
1186,3491
5100,3491
1694,3491
992,3492
4417,3493
1608,3494
2415,3495
4782,3496
4094,3497
1465,3498
1655,3499
4991,3500
1162,3501
1367,3502
3752,3503
2030,3503
481,3504
1288,3505
492,3506
2282,3507
3687,3508
3217,3509
3135,3510
4094,3511
608,3512
17,3513
4025,3513
3008,3514
2009,3515
4094,3516
2250,3517
2118,3518
1320,3519
2965,3520
3046,3521
2073,3522
1746,3523
798,3524
713,3525
900,3526
2748,3527
4094,3528
2305,3529
345,3530
631,3531
3260,3532
1463,3533
4321,3534
1864,3535
2649,3536
1098,3537
434,3538
1064,3539
201,3539
1486,3540
1626,3541
2896,3542
1630,3543
3344,3544
1346,3545
4828,3546
4189,3547
2620,3548
1177,3549
4372,3550
5106,3551
4606,3552
2137,3553
1976,3553
4094,3554
4094,3555
4931,3556
3895,3557
3777,3558
1349,3559
83,3560
2987,3561
1458,3562
2343,3563
2079,3564
1962,3565
2263,3566
3391,3567
2574,3568
4767,3569
2188,3570
2744,3571
4832,3572
4840,3573
5049,3574
1608,3575
345,3576
1521,3577
1995,3578
3608,3579
4934,3580
1759,3581
4394,3582
3288,3583
4922,3584
4394,3585
2438,3586
3081,3587
369,3588
3022,3589
1832,3590
1916,3591
3693,3592
737,3593
481,3593
340,3594
791,3595
1761,3596
3777,3597
2333,3598
2486,3599
109,3599
4528,3600
876,3601
2711,3602
4995,3603
4094,3604
3710,3605
4524,3606
4365,3607
2633,3608
1908,3609
545,3610
4056,3611
3922,3612
941,3612
1172,3613
2742,3614
3228,3615
3703,3616
608,3617
3411,3618
490,3619
2669,3620
345,3621
591,3622
4094,3623
4396,3624
1421,3625
2733,3626
1648,3627
2396,3628
980,3629
4606,3630
2319,3631
4064,3632
3437,3633
2630,3633
2227,3633
4073,3634
2538,3635
2401,3636
2261,3637
1012,3637
4007,3638
3336,3639
4546,3640
2312,3640
5109,3641
4037,3642
3521,3643
1145,3644
4094,3645
2156,3646
25,3647
4140,3648
3836,3649
4655,3650
1411,3651
58,3652
4094,3653
1574,3654
1040,3655
4094,3656
1557,3657
782,3658
718,3659
2669,3660
391,3661
2079,3662
1901,3663
2960,3664
4825,3665
1395,3666
4650,3667
253,3667
4094,3668
2479,3669
3225,3670
595,3671
2376,3672
1557,3673
4549,3674
1395,3675
3579,3676
1304,3677
639,3678
4164,3679
3272,3680
3268,3681
4012,3682
2099,3683
1731,3684
82,3684
2479,3685
1433,3686
5026,3687
4165,3688
3380,3689
954,3690
4761,3691
2790,3692
3025,3693
4526,3693
1124,3694
1177,3695
2937,3696
733,3697
4983,3698
3190,3699
1973,3699
4790,3700
1467,3701
1887,3702
3225,3703
1283,3704
534,3705
228,3706
5043,3707
2403,3708
486,3709
2079,3710
4183,3711
3789,3712
4793,3713
4133,3714
3101,3715
2995,3716
4329,3717
1262,3718
1336,3719
3812,3720
4392,3721
2949,3722
1045,3723
3008,3724
759,3725
1967,3726
1899,3727
4509,3728
3071,3729
4094,3730
1250,3731
3379,3732
239,3733
3225,3734
3584,3735
4606,3736
2897,3737
4528,3738
1139,3739
481,3740
2168,3741
876,3742
1486,3743
4,3744
3340,3745
3163,3746
3060,3747
1118,3748
4958,3749
631,3750
340,3751
3190,3752
1973,3752
79,3753
481,3754
4164,3755
2813,3756
18,3757
4699,3758
1344,3759
1395,3760
4569,3761
3774,3762
2629,3763
1299,3764
1292,3765
907,3766
582,3767
310,3768
3008,3769
3101,3770
3096,3771
3261,3772
932,3773
3783,3774
264,3775
4606,3776
4094,3777
1853,3778
3233,3779
371,3780
3938,3781
3458,3782
1369,3783
524,3784
4252,3785
4662,3786
218,3787
4164,3788
201,3789
2120,3790
4350,3791
358,3792
2886,3793
2650,3794
3204,3795
3585,3796
676,3797
2486,3798
4392,3799
426,3800
179,3801
2358,3802
3776,3803
1186,3804
4611,3805
1868,3806
1844,3807
1177,3808
2893,3809
1973,3810
2913,3811
3579,3812
3572,3813
112,3814
3235,3815
4986,3816
2687,3817
2549,3818
4606,3819
1177,3820
4966,3821
2036,3822
3165,3823
1177,3824
4913,3825
676,3826
162,3826
4606,3827
910,3828
4500,3829
1800,3830
994,3831
2016,3832
4094,3833
1040,3834
4378,3835
1429,3836
3383,3837
2847,3838
4094,3839
1177,3840
345,3841
3774,3842
4629,3843
1920,3844
2485,3845
4094,3846
4302,3847
2866,3848
3507,3849
274,3849
2471,3850
3867,3851
1601,3852
2751,3853
2772,3854
487,3855
4094,3856
4231,3857
5106,3858
2135,3859
3936,3860
340,3861
2193,3862
3168,3863
2384,3864
1486,3865
1855,3866
155,3867
4051,3868
1579,3869
1040,3870
3660,3871
3132,3872
1700,3873
1177,3874
1367,3875
4699,3876
690,3877
3250,3878
83,3879
2340,3880
694,3881
1935,3882
3095,3883
173,3884
3597,3885
2966,3886
941,3887
1556,3888
2733,3889
1510,3890
1039,3891
1694,3892
1127,3893
4183,3893
97,3893
1886,3894
4546,3895
4919,3896
4252,3897
3058,3898
690,3899
4858,3900
4094,3901
3314,3902
791,3903
4905,3904
3501,3905
3890,3906
2308,3907
1040,3908
1096,3909
1747,3910
1903,3912
4071,3913
2438,3914
2268,3915
452,3916
345,3917
2515,3918
3365,3919
2446,3920
4753,3921
3778,3922
994,3923
836,3924
4094,3925
4094,3926
227,3927
1058,3928
2079,3929
3124,3930
4094,3931
3502,3932
1977,3933
322,3934
4531,3935
2398,3936
4101,3937
3184,3938
992,3939
2987,3940
139,3941
3881,3942
2772,3943
3922,3944
2745,3945
1040,3946
4808,3947
3344,3948
531,3949
353,3950
4094,3951
3872,3952
824,3952
72,3953
1899,3954
853,3955
4094,3956
2668,3957
2085,3958
1977,3959
2740,3960
3682,3961
907,3962
4118,3963
4547,3964
1431,3965
2813,3966
1868,3967
2054,3968
1968,3969
663,3970
2204,3971
1647,3972
1413,3973
3656,3974
1357,3975
2220,3976
2596,3977
3608,3978
1677,3979
1590,3980
3519,3981
5105,3982
253,3983
2109,3984
4094,3985
2515,3986
3647,3987
4178,3988
1797,3989
1216,3990
2153,3991
1405,3992
3267,3993
3198,3994
1264,3995
2079,3996
1922,3997
298,3998
2794,3999
3695,4000
736,4001
3225,4002
74,4003
3380,4004
1920,4005
1429,4006
2425,4007
1040,4008
3395,4009
4094,4010
1769,4011
2632,4012
3867,4013
1040,4014
2081,4015
4236,4016
3824,4017
4919,4018
1865,4019
631,4020
3494,4021
2427,4022
4536,4023
3225,4024
2882,4025
481,4026
3564,4027
3731,4028
3615,4029
3937,4030
2753,4031
3974,4031
2918,4032
4559,4033
3152,4034
1174,4034
895,4034
4094,4035
1326,4036
3475,4037
2707,4038
100,4039
4742,4040
4094,4041
1963,4042
1759,4043
676,4044
202,4045
994,4046
4576,4047
3914,4048
481,4049
2589,4050
1593,4051
2566,4052
228,4053
2087,4054
1973,4055
4661,4056
1177,4057
4251,4058
2744,4059
4344,4060
4392,4061
1040,4062
3245,4063
2529,4064
1693,4065
1189,4065
3095,4066
4172,4067
5047,4068
4606,4069
1040,4070
3047,4071
2750,4072
1875,4073
554,4074
2079,4076
1006,4077
505,4078
4251,4079
994,4081
3938,4082
1339,4083
4797,4084
1087,4085
1219,4086
3616,4087
2246,4088
4418,4089
755,4090
3896,4091
4372,4092
570,4093
1351,4094
1040,4095
2645,4096
1715,4097
5042,4098
1328,4099
4606,4100
1527,4101
2787,4102
2740,4103
4094,4104
3271,4105
3286,4106
2477,4107
3425,4108
2302,4109
3564,4110
1258,4111
661,4112
633,4113
2547,4114
2109,4115
4792,4116
4076,4117
1552,4118
1428,4119
3225,4120
4606,4121
3553,4122
2399,4123
4427,4124
2220,4125
4125,4126
1043,4127
2476,4128
2579,4129
1776,4130
4346,4131
4107,4132
2594,4133
4094,4134
431,4135
645,4136
4094,4137
2929,4138
2808,4139
1040,4140
3190,4141
1916,4142
1755,4143
3600,4144
3470,4145
1562,4146
1349,4147
1040,4148
4392,4149
1040,4150
2263,4151
1776,4152
907,4153
3937,4154
910,4155
4919,4156
2152,4157
4076,4158
4164,4159
4372,4160
3899,4161
2269,4162
4316,4163
2632,4164
3922,4165
661,4166
2102,4167
2506,4168
1040,4169
3250,4170
5070,4171
1625,4172
3801,4173
715,4174
312,4175
481,4176
4897,4177
572,4178
1186,4179
1339,4180
5083,4180
2689,4181
4372,4182
2744,4183
3856,4184
966,4185
4210,4186
4251,4187
367,4188
3524,4189
2196,4190
3771,4191
2581,4192
2162,4193
3783,4194
5091,4195
345,4196
4392,4197
3225,4198
2648,4199
138,4200
4527,4201
3695,4202
481,4203
2427,4204
1328,4205
2289,4206
910,4207
2566,4208
4753,4209
3165,4210
1177,4211
2816,4212
481,4213
3903,4214
4808,4215
4606,4216
2505,4217
1868,4218
2312,4219
1357,4220
2014,4221
2282,4222
1756,4223
2422,4224
241,4225
2340,4226
2956,4227
2087,4228
1177,4229
2905,4230
1365,4231
4537,4232
1093,4233
1110,4234
247,4235
4966,4236
773,4237
4076,4238
4836,4239
1930,4240
4665,4241
2549,4242
1538,4243
4094,4244
4529,4245
4595,4246
2896,4247
4094,4248
4624,4249
2750,4250
3099,4251
602,4252
1712,4253
4094,4254
829,4255
1174,4256
2814,4257
1568,4258
1883,4259
1040,4260
1234,4261
1694,4262
2772,4263
819,4264
2518,4265
1257,4266
4485,4267
1868,4268
111,4269
4394,4270
4961,4271
4993,4272
283,4273
4389,4274
2267,4275
2549,4276
1868,4277
2275,4278
2403,4279
1336,4280
207,4281
5106,4282
4655,4283
1782,4284
1478,4285
3490,4286
5015,4287
846,4288
3783,4289
2203,4290
3200,4291
13,4292
3809,4293
3325,4294
3811,4295
3458,4296
4990,4297
1300,4298
776,4299
3872,4300
1246,4301
2170,4302
4392,4303
1010,4304
570,4305
2282,4306
1986,4307
3271,4308
2964,4309
1040,4310
1232,4311
4882,4312
1977,4313
1657,4314
2353,4315
2763,4317
2682,4318
3244,4319
2830,4320
1258,4321
1626,4322
1460,4323
3457,4324
1630,4325
1177,4326
1438,4327
1571,4328
4523,4329
1700,4330
1601,4331
2622,4332
4415,4333
603,4334
133,4334
2486,4335
109,4335
2463,4336
290,4337
1177,4338
1478,4339
3205,4340
2669,4341
2267,4342
2548,4343
3101,4344
1708,4345
1832,4346
554,4347
5023,4348
3121,4349
4404,4350
636,4351
3190,4352
1973,4352
4094,4353
4183,4354
3660,4355
4094,4356
4355,4357
3752,4358
2030,4358
2477,4359
606,4360
3470,4361
3225,4362
2661,4363
3225,4364
4164,4365
4275,4366
2427,4367
1691,4368
1486,4369
4978,4370
959,4371
4094,4372
4094,4373
2804,4374
4121,4375
2131,4376
2398,4377
2956,4378
4398,4379
2343,4380
173,4381
2475,4382
2227,4383
2597,4384
1301,4385
3380,4386
1838,4387
910,4388
2790,4389
4947,4390
4970,4391
743,4392
3748,4393
3402,4394
302,4396
4963,4397
3190,4398
4094,4399
3740,4400
4094,4401
969,4402
1040,4403
3795,4404
2543,4405
4094,4406
900,4407
629,4408
3101,4409
2759,4410
1275,4410
3225,4411
2426,4412
670,4413
615,4414
4372,4415
2632,4416
3081,4417
2589,4418
4843,4419
3470,4420
3106,4421
1124,4422
940,4423
2295,4424
3165,4425
3823,4426
3752,4427
2030,4427
2042,4428
978,4429
4236,4430
626,4431
3746,4432
1973,4433
4094,4434
1366,4435
5053,4436
649,4437
1040,4438
4664,4439
3696,4440
4094,4441
3866,4442
2272,4443
3095,4444
4927,4445
3752,4446
2030,4446
1055,4447
907,4448
602,4449
2632,4450
4546,4451
1249,4452
3550,4453
17,4454
4025,4454
3008,4455
4029,4456
2740,4457
3072,4458
1297,4459
843,4460
4826,4461
1524,4462
3505,4463
337,4464
3271,4465
4094,4466
1977,4467
4027,4468
4706,4469
1467,4470
4591,4471
2305,4472
1495,4472
4597,4473
3411,4474
4094,4475
1032,4476
909,4477
2547,4478
2343,4479
1347,4480
4247,4481
152,4482
4065,4483
4807,4484
3795,4485
4370,4486
1593,4487
4094,4488
1833,4489
758,4490
4164,4491
798,4492
4094,4493
4828,4494
2137,4495
2305,4496
3385,4497
852,4498
4701,4499
4221,4500
4611,4501
1177,4502
4818,4503
4029,4504
1174,4505
83,4506
4606,4507
4657,4508
345,4509
2495,4510
4236,4510
4586,4511
2509,4512
4094,4513
5,4514
4094,4515
3479,4516
1368,4517
22,4518
4606,4519
2002,4520
1552,4521
1917,4522
4007,4522
4982,4522
3582,4523
134,4524
1287,4525
4390,4526
2393,4527
1177,4528
33,4529
4799,4530
1177,4531
1626,4532
4405,4532
1291,4533
2891,4534
2174,4535
3063,4536
2101,4537
4526,4538
2143,4539
4392,4540
1110,4541
2079,4542
4661,4543
4400,4544
2185,4545
1929,4546
2669,4547
2358,4548
1245,4549
1040,4550
4023,4551
1705,4552
4033,4553
1775,4554
633,4555
2615,4556
1958,4557
4424,4558
2358,4559
1287,4560
4164,4561
4094,4562
4867,4563
2921,4564
4841,4565
1177,4566
1856,4567
2322,4568
2255,4569
608,4570
4958,4571
2203,4572
3201,4573
1845,4574
2363,4575
1094,4575
117,4576
2956,4577
4094,4578
2016,4579
5,4580
2486,4581
109,4581
1073,4582
5001,4583
1843,4584
505,4585
3058,4586
1659,4587
4,4588
953,4589
3952,4590
3841,4591
2731,4592
4094,4593
1506,4594
4094,4595
3783,4596
1524,4597
3031,4597
4164,4598
432,4599
4606,4600
5052,4601
1814,4602
2680,4603
852,4604
2039,4605
1484,4606
3937,4607
3954,4608
1909,4609
3402,4610
658,4611
3564,4612
3950,4613
781,4614
3058,4615
1616,4616
4260,4617
481,4618
4385,4619
3272,4620
4597,4621
480,4622
3878,4623
4335,4624
2560,4625
4350,4626
4546,4627
1855,4628
2733,4629
72,4630
25,4631
2418,4632
2485,4633
5099,4634
1759,4635
3813,4636
3224,4637
2896,4638
887,4639
1486,4640
1433,4641
3705,4642
970,4643
1986,4644
2418,4645
4718,4646
3344,4647
2122,4648
3071,4649
1571,4650
4799,4651
221,4652
4094,4653
882,4654
4702,4655
2136,4656
539,4657
4236,4658
1977,4659
2062,4660
634,4661
5053,4662
4145,4662
4134,4662
1053,4663
1982,4664
1040,4665
4094,4666
1749,4667
4398,4668
1040,4669
3828,4669
4597,4670
4272,4671
667,4672
3502,4673
3113,4674
4094,4675
4076,4676
4094,4677
4966,4678
4821,4679
3025,4679
4164,4680
4846,4681
4613,4682
614,4683
1730,4684
1186,4685
2742,4685
5100,4685
1694,4685
2249,4686
4597,4687
1495,4688
4537,4689
2312,4690
2968,4690
4183,4690
555,4691
4817,4692
3707,4693
3389,4694
2916,4695
1403,4696
1258,4697
3060,4698
1059,4699
4935,4700
4639,4701
4094,4702
3022,4703
4094,4704
4094,4705
3224,4706
361,4707
539,4708
4076,4709
4597,4710
3261,4711
170,4712
1624,4713
1009,4714
1004,4715
676,4716
1915,4717
3655,4718
2240,4719
295,4720
4859,4721
2645,4722
3485,4723
3228,4723
761,4723
2534,4724
3229,4725
3922,4726
4094,4727
1626,4728
3524,4729
862,4730
2303,4731
4094,4732
1040,4733
3528,4734
1476,4735
4372,4736
676,4737
4606,4738
2996,4739
199,4740
910,4741
3783,4742
1186,4743
1847,4744
2225,4745
676,4746
4094,4747
4404,4748
5046,4749
1040,4750
4622,4751
3593,4752
2283,4753
1012,4754
3778,4755
3464,4756
1357,4757
4520,4758
2921,4759
1581,4760
4797,4761
619,4762
4372,4763
2153,4764
1433,4765
2924,4766
4468,4767
2016,4768
4094,4769
907,4770
453,4771
4606,4772
4226,4773
1064,4774
432,4775
2669,4776
1700,4777
190,4778
828,4779
481,4780
2248,4781
2109,4782
3081,4782
1177,4783
4012,4784
443,4785
1756,4786
3100,4787
1573,4788
1302,4789
1395,4791
3922,4792
941,4792
3938,4793
69,4794
3660,4795
4767,4796
1986,4797
3058,4798
2430,4799
679,4801
3402,4802
4120,4803
3384,4804
201,4805
1244,4806
3725,4807
2725,4808
725,4809
4809,4810
4385,4811
2015,4812
3959,4813
3268,4814
201,4815
3047,4816
3279,4817
4597,4818
2340,4819
3564,4820
4183,4821
841,4822
2814,4823
1931,4824
1756,4825
4564,4826
3462,4827
1581,4828
4783,4829
4094,4830
4485,4831
3470,4832
1906,4833
1218,4834
2359,4835
1375,4836
340,4837
3724,4838
3922,4839
4861,4840
2263,4841
4094,4842
4094,4843
3005,4844
1895,4844
4989,4845
2058,4846
2598,4847
14,4848
4094,4849
907,4850
3956,4851
3380,4852
1168,4853
2766,4854
278,4855
767,4856
2179,4857
4024,4858
1799,4859
471,4860
1025,4861
589,4862
1982,4863
1021,4864
4663,4865
3392,4866
522,4867
4640,4868
714,4869
4094,4870
3008,4871
4178,4872
4779,4873
566,4874
1986,4875
3534,4876
4293,4877
4267,4878
2503,4879
4562,4880
1040,4881
1401,4882
3225,4883
3608,4884
1039,4885
950,4886
4076,4887
4630,4888
2083,4889
3795,4890
4797,4891
523,4892
3720,4893
3748,4894
2082,4895
608,4896
773,4897
2725,4898
1472,4899
1364,4900
1900,4901
641,4902
283,4903
1040,4904
3910,4905
2554,4906
5082,4907
3233,4908
2982,4909
600,4910
910,4911
4546,4912
4094,4913
3751,4914
4799,4915
4859,4916
4392,4917
1866,4918
773,4919
1040,4920
731,4921
696,4922
572,4923
1433,4924
1315,4925
4770,4926
4234,4927
3152,4928
4799,4929
2430,4930
3241,4931
1103,4932
1397,4933
693,4934
3196,4935
4419,4936
168,4937
2793,4938
4094,4939
3922,4940
740,4941
70,4942
4983,4943
2263,4944
2365,4945
2733,4946
208,4947
3584,4948
2263,4949
5047,4950
4394,4951
100,4952
3599,4953
1265,4954
686,4955
411,4956
1300,4957
3022,4958
4392,4959
500,4960
4085,4961
1777,4962
4094,4963
1935,4964
5028,4965
5050,4966
1110,4967
1249,4968
3421,4969
4372,4970
4094,4971
1433,4972
1955,4973
134,4974
2745,4975
2505,4976
2673,4977
950,4978
2294,4979
4094,4980
3121,4981
3678,4982
676,4983
1552,4984
3867,4985
2179,4986
4477,4987
4392,4988
2785,4989
3340,4990
1040,4991
3100,4992
2484,4993
3060,4994
4221,4994
2423,4995
2669,4996
3056,4997
1799,4998
4075,4999
4096,5000
3225,5001
4094,5002
734,5003
1040,5004
1186,5005
2467,5006
1315,5007
2669,5008
1212,5009
1218,5010
699,5010
4591,5011
1177,5012
1429,5013
69,5014
3785,5015
2445,5016
4606,5017
3396,5018
3678,5019
2818,5020
4094,5021
1657,5022
2377,5023
1877,5024
676,5025
1626,5026
2803,5027
4252,5028
1756,5029
1818,5030
3081,5031
2109,5031
3476,5032
3476,5033
3736,5034
1571,5035
2822,5036
4094,5037
3548,5038
186,5039
1139,5040
2149,5041
290,5042
2731,5043
494,5044
1522,5045
3225,5046
1557,5047
676,5048
201,5049
1977,5050
1242,5051
3938,5052
4597,5053
290,5054
5052,5055
799,5056
3228,5057
4076,5058
4186,5059
2058,5060
3437,5061
2630,5061
2227,5061
63,5062
5109,5063
2632,5064
3922,5065
3922,5066
3380,5067
2080,5068
963,5069
4131,5070
250,5071
387,5072
3190,5073
1973,5073
2162,5074
1038,5075
717,5076
567,5077
2315,5078
1821,5079
1003,5080
1759,5081
1073,5082
2669,5083
3199,5084
4779,5085
2328,5086
4207,5087
3564,5088
1832,5089
2219,5090
751,5091
609,5092
3498,5093
4029,5094
1777,5095
3078,5096
3938,5097
2863,5098
550,5099
4263,5100
1538,5101
4259,5102
1292,5102
1982,5103
2340,5104
3475,5105
2606,5106
464,5107
644,5108
3225,5109
5074,5110
4094,5111
4056,5112
1011,5113
74,5114
4153,5115
2214,5116
4922,5117
1907,5118
4843,5119
3423,5120
4248,5121
2312,5122
420,5123
3844,5124
1331,5125
5047,5126
4183,5127
1127,5127
97,5127
334,5128
4966,5129
3019,5130
1684,5131
2963,5132
2993,5133
2517,5134
294,5135
2322,5136
3100,5137
1040,5138
3922,5139
4564,5140
4076,5141
3459,5142
2639,5143
2450,5144
798,5145
1774,5146
2996,5147
114,5148
933,5149
914,5150
1040,5151
4094,5152
168,5153
1977,5154
3292,5155
2729,5156
3152,5157
2109,5158
4908,5159
1433,5160
1777,5161
1895,5162
3970,5163
2202,5164
4644,5165
669,5165
4818,5166
345,5167
2345,5168
3548,5169
1127,5170
3745,5171
1177,5172
4843,5173
907,5174
4163,5175
3861,5176
2725,5177