tmdbclean.csv,tvdbclean.csv
181,0
3250,1
3451,2
5772,2
267,3
1915,4
2869,5
3340,6
2981,7
4284,8
3452,9
4362,10
1454,11
2914,12
4970,13
2072,14
883,15
5614,16
5159,17
718,18
4682,19
3269,20
5745,21
1635,22
220,22
1266,23
3864,24
838,25
2776,26
2887,27
4471,28
1786,29
175,30
137,31
4689,32
4271,33
3266,34
3266,35
1759,36
5880,37
3336,38
3972,39
679,40
3378,41
1161,41
5688,42
815,43
5591,44
2142,44
1109,45
5185,46
664,47
3647,48
1718,49
653,50
1908,51
3970,52
2912,53
1330,54
573,55
2119,56
3736,57
679,58
2414,59
1583,60
1231,61
29,62
4508,63
4348,64
228,65
2077,66
3890,67
5498,68
3630,69
268,70
2486,71
4306,72
2287,73
2287,74
2016,75
6002,76
381,77
4975,78
2718,79
4682,80
4697,81
4640,81
3316,81
267,82
5918,83
3536,83
3642,84
1225,85
2806,86
850,87
827,88
3124,89
706,90
3992,90
2799,91
4975,92
1507,93
3890,94
3187,95
1524,96
3630,97
5063,98
1111,99
1944,100
3065,101
3936,102
4064,102
4422,102
2147,103
5589,104
1665,105
632,106
4605,107
3533,108
4043,108
4858,109
3372,110
5776,111
301,112
3987,113
3861,114
532,115
1517,116
3346,117
170,118
838,119
3236,120
5203,121
11,122
3577,123
4204,124
568,125
4916,126
5702,127
1937,128
4502,129
1704,130
5352,131
536,132
1649,133
3638,134
4670,135
1658,136
2724,137
738,138
2881,139
5238,140
3660,141
595,142
681,143
2212,144
4947,145
3763,146
5203,147
5372,148
3715,149
4287,150
2279,151
4236,152
3642,152
694,153
794,154
1953,155
4248,156
3452,156
4148,157
164,158
2952,159
4640,160
866,161
3825,162
4442,163
2974,164
1764,165
5319,166
5906,167
4156,168
740,169
5883,170
5522,171
1333,172
5662,173
4650,174
114,175
2889,176
2244,177
1748,178
2145,179
5649,180
1146,181
2979,182
1356,183
4737,184
2806,185
6014,186
3985,187
2326,188
4173,188
568,189
5825,190
3095,191
3231,192
5987,193
817,194
2665,195
2147,196
840,197
5847,198
2162,199
850,200
5441,201
4803,202
2461,203
4389,204
204,205
1896,206
3153,207
279,208
1104,209
2806,210
699,211
3536,212
5918,212
5021,213
246,214
5252,215
562,216
83,217
4956,218
2220,219
5393,220
2603,221
4493,222
157,223
1874,224
5,225
3504,226
318,227
801,228
118,229
3630,230
3347,231
3135,232
4119,233
5640,234
27,234
5047,235
1980,236
1927,236
3006,237
5927,238
3340,239
2253,240
5161,241
2354,242
3122,242
4682,243
5975,244
6004,245
5043,246
2626,247
267,248
5440,249
2154,250
1559,250
961,250
2493,250
2533,250
2817,250
5876,250
3434,250
4675,250
1332,250
4930,250
341,250
4264,250
126,250
5207,250
4018,250
2207,250
2777,250
399,250
4630,250
4636,251
2806,252
964,253
2022,253
3266,254
2989,255
1473,256
1002,257
4348,258
4253,259
2872,260
2990,261
3585,262
3892,263
5553,264
2083,265
2153,266
3014,267
3163,268
1473,269
5471,270
1862,270
602,270
2916,270
121,270
1273,270
2832,270
284,271
5956,272
2258,273
2806,274
745,275
3405,276
4658,277
4250,278
4504,278
738,279
5553,280
80,281
1360,282
3255,283
3174,284
4138,285
776,286
1496,287
1596,288
5747,288
3857,289
3501,290
232,291
3002,292
4907,293
4232,294
5252,295
4716,296
895,297
774,298
3821,299
773,300
2999,301
4226,302
738,303
5220,304
1690,305
4375,306
3609,307
560,308
3970,309
5181,310
4680,311
1877,312
3898,313
4140,314
42,315
3504,316
4409,317
2449,318
3568,319
1995,320
1520,321
4236,322
420,323
4928,324
4673,325
3033,326
2379,327
2294,328
4334,329
1906,330
4236,331
896,332
2083,333
3156,334
1910,334
468,335
3638,336
5464,337
407,338
1089,339
2276,340
5847,341
2175,342
2318,343
1685,344
1550,345
3867,346
5115,347
617,348
3630,349
5378,350
5030,351
1274,352
2806,353
3266,354
1524,355
4023,356
2675,357
2634,358
572,359
2271,360
3269,361
589,362
4358,363
2176,364
284,365
4367,366
1119,367
3266,368
2147,369
5773,370
3266,371
5482,372
5010,373
3536,374
1641,375
5452,376
2806,377
4682,378
4244,379
1906,380
141,381
5900,382
4586,383
1617,384
279,385
5108,386
2756,387
4924,388
4237,389
1933,390
3897,391
2554,392
3266,393
2806,394
1788,395
3723,396
3407,396
5293,397
2121,398
6012,399
697,399
5868,400
3895,401
5029,402
3638,403
4740,404
2153,405
204,406
3913,407
4691,408
1356,408
5600,409
5068,410
5054,411
4974,412
862,413
2287,414
5108,415
2970,416
3950,417
1330,418
5455,419
2771,420
420,421
1231,422
615,423
5246,424
3988,425
3080,426
301,427
2806,428
2167,429
168,430
1103,430
1874,431
3196,432
2263,433
5875,434
1571,435
4658,436
175,437
1914,438
350,438
5125,439
3821,440
718,441
2341,442
4254,443
28,444
4163,444
4802,445
5935,446
2806,447
638,448
5641,449
2925,450
3015,451
3266,452
1948,453
3507,454
3077,455
2084,456
2007,457
3541,458
2806,459
4640,460
3316,460
267,461
588,462
5044,463
877,464
5846,465
5490,466
4931,466
4980,467
3949,468
5139,469
4492,470
4041,471
1950,472
2984,473
4402,474
3983,475
3849,476
649,477
3265,478
1245,479
1127,480
2153,481
1928,482
857,483
3448,484
3182,485
3638,486
5512,487
1727,488
2501,489
2806,490
4334,491
3879,492
28,493
4551,494
1932,495
4001,496
1788,497
2414,498
5237,499
157,500
3709,501
3514,502
5630,503
5822,504
3304,505
4156,506
170,507
1256,508
734,509
2381,510
4714,511
5641,512
3269,513
4954,514
3568,515
3585,516
3988,517
3549,518
1104,519
436,520
394,520
3207,521
769,522
1558,522
1002,523
5308,524
3408,525
3950,526
2224,526
5383,527
4383,528
2806,529
5841,530
1641,531
208,532
5892,533
5602,534
1190,535
4431,536
2273,537
791,538
4926,539
5222,540
911,541
5125,542
3072,543
2912,544
5514,545
3350,546
1763,547
2569,548
3087,549
749,550
2484,551
3536,552
3545,553
3772,554
3540,555
3482,556
4734,557
4495,558
5324,559
2807,560
924,561
3568,562
5745,563
3782,564
1983,565
1691,566
476,567
2658,568
3585,569
3533,570
4043,570
4511,571
284,572
4230,573
3091,574
2065,575
4160,576
604,577
3010,578
5658,578
2806,579
1119,580
3393,581
1805,582
5206,583
5979,584
2813,585
3874,586
4389,587
808,588
5,589
1225,590
5211,591
1557,592
3580,593
676,594
3952,595
2072,596
4370,597
5743,598
52,599
391,600
2805,601
63,602
5924,603
2806,604
2806,605
3634,606
2613,607
1532,608
3038,609
4975,610
5319,611
1997,612
2659,613
241,614
4389,615
1121,616
2708,617
3224,618
2081,619
3297,620
3826,621
4058,622
2093,623
3991,624
10,625
2064,626
10,627
3028,628
3346,629
5333,630
5889,631
2771,632
22,633
5383,634
3374,635
3084,636
3630,637
4322,638
3340,639
4316,640
1681,641
2314,642
4504,643
3726,644
1333,645
1980,646
2752,647
5577,648
1509,649
5298,650
2508,651
3156,652
4935,653
3902,654
4415,655
3266,656
5804,657
1111,658
2881,659
1665,659
4819,660
2974,661
1832,662
214,663
5220,664
2806,665
2544,666
4029,666
4167,667
2806,668
5824,669
1551,670
1708,671
5342,671
4087,672
4356,673
1132,674
4686,675
2739,676
1040,677
68,678
2607,679
4288,680
1711,681
2449,682
2934,683
935,684
566,685
5641,686
5195,687
4729,688
3529,689
3959,690
2806,691
1005,692
182,693
4975,694
5853,695
5170,696
3381,697
5211,698
5722,699
2084,700
2957,701
2153,701
3806,702
2806,703
4862,704
2685,705
198,705
598,706
2286,707
1475,708
2403,709
5658,710
1921,711
1827,711
5850,712
5542,713
4804,714
4377,715
2191,716
133,717
455,718
5319,719
3936,720
4166,721
3346,722
1109,723
4443,724
2718,725
3743,726
2970,727
3210,728
3362,729
3671,730
4029,731
4232,732
5285,733
1210,734
4502,735
1089,736
518,737
723,738
373,739
2540,739
5255,740
5621,741
4855,742
5097,743
1995,744
3266,745
1376,746
3579,747
2984,748
4855,749
3670,750
1340,751
1356,752
3266,753
5594,754
548,755
4548,756
3638,757
1089,758
4924,759
1119,760
4732,761
5115,762
1619,763
5611,764
947,765
3922,766
3286,767
5972,768
3753,769
83,770
4798,771
4028,772
805,773
1039,774
2084,775
102,776
3932,777
3823,778
5419,779
3708,780
4607,781
2850,782
3625,783
3319,784
160,785
4395,786
2400,787
452,788
4812,789
926,790
3101,790
4097,790
1838,790
1189,790
1444,791
1133,792
4847,793
5176,795
3066,796
2723,797
781,798
3266,799
1872,800
428,801
2174,802
4741,803
4528,804
5997,805
64,806
5316,807
2602,808
5063,809
246,810
3152,811
3076,812
2995,813
2443,813
785,814
5887,815
5373,816
1988,816
2884,817
5694,818
2584,819
3408,820
1373,821
97,822
3185,823
4157,824
4246,825
4156,826
1782,827
1356,828
3749,829
982,830
3083,831
5916,832
3064,833
1992,834
4256,836
612,837
2324,838
355,839
2146,840
4410,841
308,842
4502,843
3849,844
3675,845
4695,846
4045,847
2474,848
2916,849
5471,849
121,849
1273,849
2832,849
1862,849
602,849
4975,850
1537,851
4407,852
100,853
1078,854
2237,855
1473,856
5423,857
3409,858
5641,859
2380,860
4332,861
2806,862
5215,863
4444,864
1767,865
2206,866
5854,867
4870,868
1519,869
5184,870
5930,871
1028,872
5488,873
5130,874
2518,875
3166,876
1961,877
2050,878
2929,879
1782,880
5010,881
377,882
4056,883
5507,884
4418,885
3337,886
4959,887
2800,888
2176,889
1372,890
3156,891
1910,891
2035,892
1768,893
5458,894
5789,895
2806,896
1197,897
3193,898
727,899
2125,900
5658,901
3275,902
2970,903
21,904
3835,905
3746,906
3993,907
5722,908
576,909
2853,910
3381,911
1644,912
5235,913
3705,914
1958,915
3006,916
409,917
2289,918
182,919
3122,920
4487,921
2984,922
78,923
2869,924
1768,925
3261,926
2167,927
1240,928
420,929
3864,930
1646,931
4862,932
3257,933
2777,934
3762,934
1559,934
341,934
5876,934
4675,934
4264,934
5829,934
3434,934
2207,934
1009,934
2154,934
961,934
4930,934
2533,934
1332,934
126,934
2493,934
4630,934
81,934
4018,934
5207,934
2817,934
1604,934
399,934
1800,935
4645,936
2780,937
4376,938
3266,939
3408,940
5758,941
109,942
5772,943
5081,944
5010,945
2806,946
3266,947
2862,948
5465,949
576,950
175,951
1769,952
3639,952
5722,953
1198,954
5924,955
3330,956
2828,957
2834,958
5216,959
950,960
1109,961
78,962
354,963
3636,964
1683,965
926,966
3206,967
1082,968
2694,969
3266,970
1699,971
4110,971
2263,972
2050,973
2539,974
2584,975
2235,976
862,977
5653,978
3011,979
1641,980
1952,981
4097,982
4236,983
5419,984
5928,985
5515,986
1595,987
2362,988
5089,989
5658,990
951,991
3334,992
5658,993
4959,994
3864,995
2714,996
1335,997
4508,998
4993,999
4958,1000
1924,1001
4658,1002
151,1003
3986,1004
105,1005
2806,1006
881,1007
738,1008
2251,1009
3248,1010
1461,1010
1147,1011
5924,1012
504,1013
3101,1014
3156,1015
390,1016
2035,1017
4740,1018
5223,1019
3059,1020
1881,1021
214,1022
284,1023
3705,1024
1123,1025
2806,1026
5201,1027
463,1028
1635,1029
220,1029
5081,1030
148,1031
749,1032
2806,1033
1415,1034
4804,1035
964,1036
2022,1036
4338,1037
5255,1038
2435,1039
4560,1040
1454,1041
1738,1042
385,1043
4689,1044
4237,1045
2798,1046
4950,1046
217,1046
3153,1047
2806,1048
5115,1049
1995,1050
1454,1051
4443,1052
4220,1053
3166,1054
4556,1055
4440,1056
4148,1057
594,1058
962,1059
153,1060
2806,1061
2289,1062
3266,1063
5979,1064
5535,1065
2352,1066
1648,1067
565,1068
1912,1069
2569,1070
1388,1071
2486,1072
160,1073
987,1074
614,1075
5452,1076
4097,1077
4911,1078
5646,1079
4691,1080
4134,1081
2797,1082
1314,1082
2808,1083
4875,1084
2444,1085
1483,1086
2806,1087
5966,1088
4433,1089
29,1090
644,1091
2842,1092
1654,1093
476,1094
589,1095
3087,1096
434,1097
5246,1098
5138,1099
3069,1100
3212,1101
2844,1102
4668,1103
3248,1104
1461,1104
4682,1105
897,1106
1153,1107
4196,1107
4741,1108
4283,1109
2776,1110
4890,1111
5443,1112
5131,1113
5442,1114
2104,1115
6015,1115
3372,1116
3033,1117
864,1118
674,1119
2850,1120
4623,1121
4741,1122
5697,1123
502,1124
3262,1125
3121,1126
1130,1127
1613,1128
2167,1129
3269,1130
5216,1131
459,1132
3849,1133
1373,1133
208,1133
1505,1134
2352,1135
4640,1135
2665,1135
5138,1136
5818,1137
122,1138
2922,1139
4541,1140
2639,1141
4209,1142
3266,1143
381,1144
1696,1145
3435,1146
4800,1147
1473,1148
4553,1149
1516,1150
5931,1151
3831,1151
5744,1151
5143,1151
1783,1151
6003,1152
176,1153
2700,1154
213,1155
4959,1156
1197,1157
5779,1158
2743,1159
3026,1160
4074,1161
5373,1162
281,1163
2659,1164
652,1165
3101,1166
287,1166
3996,1167
3381,1168
176,1169
4755,1170
5368,1171
1601,1171
4682,1172
4804,1173
2806,1174
3205,1175
3494,1176
45,1177
2132,1178
3101,1179
3471,1180
260,1181
5817,1182
5759,1183
1668,1184
1509,1185
924,1186
2806,1187
4119,1188
831,1189
4237,1190
683,1191
3681,1192
2806,1193
4591,1194
4583,1195
223,1196
6,1197
1218,1198
2806,1199
50,1200
926,1201
3171,1202
2406,1203
2349,1204
4322,1205
403,1206
3160,1207
3833,1208
5783,1209
651,1210
1115,1211
3993,1211
2725,1211
2795,1212
271,1213
2985,1214
5758,1215
2829,1216
5587,1217
313,1218
2658,1219
3070,1220
5421,1220
1610,1221
1832,1222
4617,1223
1369,1224
1820,1225
3336,1226
4741,1227
125,1228
175,1229
420,1230
3573,1231
5404,1232
555,1233
3662,1234
4110,1235
3738,1236
2426,1237
3355,1238
838,1239
3509,1240
858,1241
4730,1242
4890,1243
2853,1244
5025,1245
5406,1246
2806,1247
2399,1248
2943,1249
1079,1250
3166,1251
5331,1252
318,1253
4401,1254
5862,1255
4093,1256
5742,1257
5096,1258
1788,1259
4888,1260
503,1261
4153,1262
1927,1263
1980,1263
3623,1264
1794,1265
2721,1266
4176,1267
3007,1268
1908,1269
3704,1270
5088,1270
324,1270
1718,1271
2591,1272
2349,1273
5119,1274
3609,1275
1012,1276
5741,1277
4542,1278
5490,1279
4931,1279
5443,1280
1924,1281
5176,1282
246,1283
907,1284
4409,1285
5384,1286
1788,1287
2352,1288
1844,1289
1333,1290
541,1291
3816,1292
2881,1293
1377,1294
3821,1295
5702,1296
4903,1297
1878,1298
4879,1298
5635,1299
4716,1300
542,1301
3104,1302
1486,1303
3285,1304
1441,1305
1434,1306
4409,1307
1650,1308
2912,1309
3381,1310
4287,1311
4332,1312
1131,1313
5480,1314
4407,1315
2673,1316
3749,1317
2682,1318
2520,1319
4510,1320
5771,1321
2777,1322
1559,1322
341,1322
5876,1322
4264,1322
3434,1322
2207,1322
2154,1322
961,1322
4930,1322
2533,1322
1332,1322
126,1322
2493,1322
4675,1322
4630,1322
4018,1322
5207,1322
2817,1322
399,1322
2035,1323
4314,1324
3772,1325
3357,1326
3266,1327
5654,1328
3791,1329
3661,1330
5210,1331
2806,1332
1103,1333
5226,1334
5054,1335
5847,1336
2806,1337
3167,1338
5921,1339
3688,1340
4361,1341
1693,1342
4862,1343
5068,1344
2995,1345
2443,1345
1899,1346
5285,1347
1454,1348
3346,1349
423,1350
733,1351
3704,1352
2264,1353
4542,1354
821,1355
1095,1356
3285,1357
89,1358
5873,1359
28,1360
4163,1360
5158,1361
3432,1362
1950,1363
4656,1364
1063,1365
338,1366
731,1367
3590,1368
1910,1369
1952,1370
125,1371
1569,1372
3478,1373
1683,1374
4815,1375
3269,1376
3529,1377
4148,1378
3566,1379
133,1380
1374,1381
2074,1382
3266,1383
3472,1384
11,1385
3450,1386
2485,1387
844,1388
2213,1389
5115,1390
4065,1391
3743,1391
4804,1392
4658,1393
1937,1394
393,1395
5171,1396
5293,1397
1613,1398
1509,1399
6014,1400
5442,1401
3269,1402
954,1403
3441,1404
4424,1405
817,1406
2957,1407
2153,1407
2883,1408
5378,1409
4823,1410
2806,1411
749,1412
5468,1413
2823,1414
4023,1415
4927,1416
2722,1417
1751,1418
1309,1418
4558,1419
4985,1420
2806,1421
1765,1422
2828,1423
419,1424
26,1425
3319,1426
3025,1427
351,1428
3377,1429
3351,1430
2603,1431
768,1432
3266,1433
5535,1434
714,1435
184,1436
1333,1437
3945,1438
2521,1439
5149,1440
926,1441
2349,1442
6041,1443
1290,1444
140,1445
329,1446
1912,1447
3266,1448
1319,1449
5905,1450
694,1451
2342,1452
4552,1453
463,1454
967,1455
4954,1456
4293,1457
5691,1458
1005,1459
2725,1460
1727,1461
5131,1462
2828,1463
168,1464
1103,1464
368,1465
45,1466
506,1467
5776,1468
4407,1469
5076,1470
5245,1471
3939,1472
4365,1473
835,1474
4113,1475
588,1476
1231,1477
4198,1478
4471,1480
5726,1481
4882,1481
1522,1482
5211,1483
2176,1484
2120,1485
3389,1486
451,1486
1385,1486
1361,1487
5375,1488
2775,1489
2806,1490
3421,1491
1618,1492
5277,1493
3922,1494
332,1495
3718,1496
5835,1497
5887,1498
3266,1499
2852,1500
4975,1501
2908,1502
1181,1503
1291,1503
5601,1504
5776,1505
1041,1506
5395,1507
2724,1508
5479,1509
1104,1510
810,1511
4539,1512
1900,1513
1356,1514
5134,1515
3369,1516
4040,1517
5124,1518
5549,1519
2806,1520
5360,1521
19,1522
3066,1523
4277,1524
467,1525
3909,1526
3688,1527
2581,1527
818,1528
3266,1529
5193,1530
4691,1531
83,1532
2850,1533
820,1533
3962,1534
2083,1535
3133,1536
2709,1537
4689,1538
1609,1539
1517,1540
4525,1541
2321,1542
2220,1543
3319,1544
749,1545
3196,1546
3264,1547
2806,1548
2765,1549
2673,1550
1937,1551
5274,1552
644,1553
5888,1554
2037,1555
2289,1556
644,1557
4852,1558
3002,1559
6036,1560
4215,1561
4448,1562
2035,1563
1266,1564
4568,1565
2465,1566
2710,1567
4502,1568
1388,1569
1329,1571
5355,1572
3309,1573
4895,1574
5211,1575
378,1576
3498,1577
4083,1578
5647,1579
2286,1580
4217,1581
1564,1582
3266,1583
437,1584
2970,1585
5108,1585
224,1586
175,1587
2806,1588
4804,1589
5635,1590
3595,1591
2041,1592
1005,1594
35,1595
1209,1596
422,1597
3351,1598
4802,1599
3568,1600
5080,1601
742,1602
5025,1603
2153,1604
2957,1604
3536,1605
167,1606
4975,1607
6037,1608
5,1609
572,1610
5108,1611
732,1612
4775,1613
4565,1615
4552,1616
744,1617
421,1618
5203,1619
5924,1620
218,1621
5973,1622
2564,1623
140,1624
5213,1625
473,1626
2352,1627
3731,1628
694,1629
866,1630
1864,1631
1007,1632
5906,1633
4975,1634
2761,1635
1388,1636
5464,1637
4533,1637
3708,1638
540,1639
1980,1640
1927,1640
2361,1641
5861,1642
4106,1643
2178,1644
1764,1644
768,1645
5835,1646
1843,1647
5691,1648
1562,1649
4688,1650
3577,1651
4272,1652
3975,1653
1487,1654
5108,1655
2798,1656
4950,1656
217,1656
5270,1657
4171,1658
1741,1659
3708,1660
2718,1661
2590,1662
1840,1663
2338,1664
5285,1665
927,1666
849,1667
1358,1668
4896,1669
1078,1670
4640,1671
2665,1671
2352,1671
3266,1672
5052,1673
838,1674
4551,1675
3688,1676
4519,1677
5111,1678
2342,1679
2404,1680
1726,1681
5714,1682
2874,1683
3795,1684
5975,1685
5658,1686
1509,1687
3585,1688
2074,1689
866,1689
1377,1690
5661,1691
3592,1692
1373,1693
3849,1693
208,1693
768,1694
885,1695
2798,1696
4950,1696
217,1696
4895,1697
5857,1698
4673,1699
4733,1700
2673,1701
3854,1702
5375,1703
5660,1704
5641,1705
4717,1706
2620,1707
4474,1708
5005,1709
5570,1710
603,1711
1420,1712
1034,1713
5527,1714
5930,1715
5989,1716
2806,1717
1578,1718
2402,1719
2718,1720
3984,1721
3845,1722
786,1723
3418,1724
5113,1725
4959,1726
2328,1727
4862,1728
4673,1729
4669,1730
5955,1731
641,1732
2206,1733
4234,1734
1296,1735
5199,1736
2117,1737
3550,1738
4640,1739
5368,1740
1601,1740
3656,1741
5707,1742
443,1743
3585,1743
1586,1744
141,1745
3025,1746
1519,1747
2004,1748
5704,1749
698,1750
1062,1751
2806,1752
4362,1753
5814,1754
1819,1755
3831,1756
3305,1756
300,1757
4364,1758
2806,1759
4003,1760
2458,1761
4603,1762
5188,1763
2806,1764
6026,1765
2806,1766
160,1767
2414,1768
247,1769
4370,1770
4129,1771
3743,1772
5171,1773
1266,1774
4009,1775
1788,1776
3337,1777
3472,1778
4308,1779
434,1780
4975,1781
5088,1782
3704,1782
324,1782
0,1783
514,1784
5352,1785
4419,1786
1530,1787
3289,1788
1396,1789
2422,1790
768,1791
5303,1792
1971,1792
2140,1793
3658,1794
5161,1795
3403,1796
67,1797
4306,1798
3121,1800
4508,1801
2377,1802
3889,1803
2806,1804
712,1805
5115,1806
62,1807
5603,1808
3586,1809
3062,1810
4390,1811
4388,1812
3390,1813
3249,1814
4865,1815
2544,1816
4673,1817
5803,1818
1887,1819
2806,1820
2806,1821
908,1822
3412,1823
3137,1824
5963,1825
141,1826
4356,1827
423,1828
3108,1829
2585,1830
2011,1831
565,1832
1636,1833
768,1834
4338,1835
2775,1836
4323,1837
4528,1838
11,1839
4164,1839
2620,1840
1103,1841
3771,1843
1258,1844
2277,1845
1529,1846
2964,1847
2602,1848
4657,1849
2609,1850
5432,1851
4046,1852
4212,1853
1806,1854
2985,1855
1175,1856
1636,1857
97,1858
1356,1859
4691,1859
914,1860
720,1861
4021,1862
1372,1863
56,1864
4319,1865
175,1866
1714,1867
77,1868
1551,1869
1956,1870
1388,1871
5266,1872
2806,1873
437,1874
4689,1875
2881,1876
4840,1877
3174,1878
2366,1879
5994,1880
3412,1881
2262,1882
1733,1883
652,1884
1062,1885
706,1886
3384,1887
3804,1888
398,1889
4508,1890
1564,1891
4300,1892
3076,1893
5738,1894
1492,1895
5019,1896
3180,1897
250,1898
3182,1899
2751,1900
746,1901
3708,1902
3999,1903
1746,1904
1102,1905
2009,1906
2806,1907
5469,1908
2351,1909
849,1910
4262,1911
4189,1912
1863,1913
5857,1914
1451,1915
5957,1916
5578,1917
2885,1919
4954,1920
3669,1921
1780,1922
3561,1923
5185,1924
3295,1925
4292,1926
4717,1927
445,1928
1989,1929
3266,1930
3855,1931
4202,1932
4646,1933
1641,1934
769,1934
1625,1935
3387,1936
5723,1937
3578,1938
1125,1939
2813,1940
4416,1941
5171,1942
590,1943
3173,1943
3597,1944
2326,1945
4173,1945
564,1946
5895,1947
5068,1948
5580,1949
2299,1950
2006,1951
4391,1952
2338,1953
1821,1954
627,1955
371,1956
3730,1957
1210,1958
3248,1959
849,1960
5750,1961
541,1962
2364,1963
5872,1964
1906,1965
3266,1966
4248,1967
3452,1967
575,1968
2393,1969
2717,1970
3905,1971
926,1972
3319,1973
530,1974
4736,1975
50,1976
1563,1977
4583,1978
1869,1979
5637,1980
5514,1981
2361,1982
2289,1983
4490,1983
3519,1983
1133,1984
3285,1985
2282,1986
5887,1987
5628,1988
4108,1989
3705,1990
575,1991
408,1992
5606,1993
4256,1994
168,1995
3266,1996
3668,1997
541,1998
284,1999
4849,2000
919,2001
4682,2002
1396,2003
2806,2004
3442,2005
3266,2006
1422,2007
3343,2008
5472,2009
5220,2010
3775,2011
3674,2012
5186,2013
5737,2014
3640,2015
5303,2016
161,2017
2435,2018
2806,2019
1833,2020
3033,2021
291,2022
4975,2023
2012,2024
5144,2025
3680,2026
3754,2027
193,2028
1726,2029
4101,2030
1148,2031
3104,2032
431,2033
425,2033
2279,2034
3266,2035
305,2036
2920,2037
1266,2038
779,2039
514,2040
1113,2041
1309,2042
1759,2043
1369,2044
2850,2045
2285,2046
5567,2047
5184,2048
4000,2049
1469,2050
3759,2051
766,2052
1993,2053
3621,2054
5640,2055
27,2055
4537,2056
4269,2057
2984,2058
2806,2059
3076,2060
1038,2061
4809,2062
2349,2063
2806,2064
175,2065
3658,2066
1132,2067
3278,2068
5674,2069
2963,2070
0,2071
990,2072
3238,2073
2025,2073
883,2074
3462,2075
4717,2076
5861,2076
1419,2077
5584,2078
1612,2079
4075,2080
5726,2081
897,2082
1056,2083
2806,2084
5515,2085
5238,2086
2957,2087
261,2088
175,2089
3419,2090
3987,2091
4088,2092
4254,2093
5166,2094
3921,2095
1365,2096
2468,2097
5918,2098
1362,2099
2784,2100
3545,2101
4233,2102
2079,2103
2080,2104
4863,2105
4254,2106
1898,2107
5781,2108
1805,2109
2806,2110
4804,2111
4962,2112
2806,2113
4712,2114
1377,2115
3638,2116
3319,2117
3644,2117
2806,2118
2501,2119
2334,2120
1378,2121
5186,2122
5202,2123
2511,2124
4101,2125
262,2126
3409,2126
877,2127
478,2128
615,2129
5469,2130
2380,2131
5703,2132
5151,2132
1473,2133
2297,2134
2148,2135
2949,2136
5542,2137
3024,2138
1078,2139
2874,2140
3793,2141
5471,2142
1862,2142
602,2142
2916,2142
121,2142
1273,2142
2832,2142
5776,2143
3319,2144
4219,2144
5391,2145
5675,2146
3723,2147
2806,2149
5633,2150
2718,2151
344,2152
5688,2153
5566,2154
3677,2155
3476,2156
5776,2157
2835,2158
393,2159
1642,2160
443,2161
3838,2162
4643,2163
2486,2164
3907,2165
5117,2166
1959,2167
2982,2168
3392,2169
4765,2170
3146,2171
2738,2172
4288,2173
2220,2174
1973,2175
5715,2176
5620,2177
5757,2178
76,2179
3414,2180
1626,2181
4682,2182
4092,2183
831,2184
4547,2185
1793,2186
3738,2187
2204,2188
1629,2189
3483,2190
4764,2191
284,2192
2920,2193
4239,2194
154,2195
5555,2196
1063,2196
5973,2197
1314,2198
5534,2199
2539,2200
3101,2201
287,2201
734,2202
1353,2203
4936,2204
5776,2205
476,2206
1566,2207
3326,2208
5373,2209
1988,2209
1821,2210
2276,2211
1451,2212
3851,2213
3433,2214
5451,2215
5368,2216
1601,2216
2883,2217
3351,2218
4990,2219
3688,2220
614,2221
738,2222
2806,2223
2232,2224
4870,2225
5069,2226
3293,2227
476,2228
3095,2229
4315,2230
568,2231
2806,2232
5018,2233
1898,2234
5657,2235
2025,2236
5546,2237
5664,2238
1957,2239
434,2240
5085,2241
1275,2242
1726,2243
5967,2244
5722,2245
4913,2246
2247,2247
5934,2248
3172,2249
1521,2250
4343,2251
3372,2252
1195,2253
926,2254
3421,2255
5211,2256
5464,2257
3973,2258
3931,2259
5897,2260
4129,2261
4947,2262
2888,2263
4676,2264
4995,2265
4646,2266
2859,2267
5787,2268
291,2269
5780,2270
4215,2271
3701,2272
2433,2273
5126,2274
393,2275
3617,2276
3410,2277
4774,2278
2813,2279
1442,2280
2296,2281
3408,2282
2620,2283
2153,2284
2957,2284
1576,2286
1017,2287
1460,2287
6018,2288
1073,2289
4716,2290
5470,2291
4959,2292
5692,2293
510,2294
3002,2295
2536,2296
2581,2297
5439,2298
3767,2299
4046,2300
2715,2301
5776,2302
2728,2303
723,2304
4834,2305
1490,2306
615,2307
3414,2308
1378,2309
532,2310
5528,2311
2271,2312
175,2313
201,2314
625,2315
5720,2316
2965,2317
3606,2318
4112,2319
1344,2320
3685,2321
4169,2322
5557,2323
5313,2324
1551,2325
3323,2326
4257,2327
56,2328
4191,2329
2042,2330
5211,2331
5614,2332
2210,2333
2066,2334
5733,2335
3061,2336
175,2337
3697,2338
2459,2339
4944,2340
5650,2341
1578,2342
1197,2343
3074,2344
5724,2345
1768,2346
1042,2347
1329,2348
753,2349
706,2350
3992,2350
2366,2351
3122,2352
2657,2353
816,2354
4211,2355
4961,2356
4176,2357
3328,2357
5431,2358
2354,2359
5557,2360
4474,2361
1564,2362
2242,2363
1213,2364
31,2365
3256,2366
1028,2367
1525,2368
3699,2369
5226,2370
393,2371
4540,2372
2985,2374
3167,2375
4069,2376
5490,2377
4931,2377
318,2378
4874,2379
3109,2380
1493,2381
1088,2382
4322,2383
3129,2384
2069,2385
1571,2386
5506,2386
4689,2387
4975,2388
3346,2389
3128,2390
1439,2391
1551,2392
3336,2393
2030,2394
177,2395
1487,2396
5283,2397
3508,2398
5658,2399
3010,2399
4239,2400
5126,2401
4502,2402
4975,2403
1254,2404
445,2405
1642,2406
2589,2407
2578,2408
1927,2409
1980,2409
1754,2410
100,2411
2952,2412
4694,2413
4095,2414
652,2415
4143,2416
4959,2417
3266,2418
5924,2419
4691,2420
1356,2420
2665,2421
213,2422
5818,2423
4673,2424
1155,2425
1461,2426
3248,2426
4239,2427
4957,2428
2214,2429
1584,2430
2025,2431
3490,2432
5183,2433
2806,2434
1971,2435
5303,2435
2813,2436
373,2437
1058,2438
2823,2439
4798,2440
128,2441
3927,2442
1202,2443
4356,2444
2175,2445
498,2446
2333,2447
4993,2448
2636,2449
4967,2450
258,2451
1396,2452
1909,2453
2161,2454
2092,2455
4155,2456
1217,2457
3638,2458
4059,2459
3684,2460
307,2461
2239,2462
4698,2463
3811,2464
4110,2465
1699,2465
5834,2466
3907,2467
3704,2468
5088,2468
324,2468
5691,2469
4587,2470
4175,2471
1943,2472
4730,2473
2050,2474
2806,2475
3806,2476
1771,2477
1950,2478
562,2479
1211,2480
5171,2481
5121,2482
5555,2483
5592,2484
2326,2485
4173,2485
5651,2486
5238,2487
1937,2488
5680,2489
2476,2490
2809,2491
3751,2492
55,2493
3598,2494
3856,2495
3760,2496
5916,2497
3421,2498
4194,2499
4058,2500
2769,2501
4900,2502
3135,2503
1240,2504
2450,2505
1146,2506
1569,2507
264,2508
785,2509
5265,2510
2790,2511
733,2512
5297,2513
5776,2514
3531,2515
4124,2516
4389,2517
3542,2518
4096,2519
4572,2520
896,2521
3097,2522
2753,2523
5669,2524
2806,2525
248,2526
5047,2527
3353,2528
4609,2529
152,2530
4691,2531
1356,2531
1578,2532
4475,2533
2857,2534
5981,2535
1059,2536
6000,2537
2748,2538
3623,2539
4170,2540
4225,2541
2315,2542
3915,2543
2881,2544
1665,2544
801,2545
2823,2546
1800,2547
3206,2548
5687,2549
4323,2550
3630,2551
1131,2552
1197,2553
833,2554
3879,2555
4595,2556
3965,2557
4649,2558
2156,2559
4718,2560
160,2561
673,2562
2806,2563
5235,2564
5817,2565
951,2566
3206,2567
1933,2568
4952,2569
2806,2570
1732,2571
3083,2572
386,2573
5229,2574
4965,2575
3101,2576
287,2576
3010,2577
5658,2577
3845,2578
2361,2579
4911,2580
2315,2581
339,2581
1361,2582
5847,2583
2980,2584
5285,2585
1980,2586
5264,2587
1587,2588
2393,2589
5897,2590
1181,2591
4017,2592
3453,2593
955,2594
5722,2595
1118,2596
4460,2597
5140,2598
5251,2599
1215,2600
5292,2601
3481,2602
5953,2603
4237,2604
2806,2605
5178,2606
2257,2607
4689,2608
3303,2609
1797,2610
28,2611
4163,2611
1647,2612
1711,2613
1942,2614
1422,2615
1788,2616
2461,2617
1646,2618
2881,2619
3712,2620
2952,2621
177,2622
5658,2623
5443,2624
567,2625
71,2626
62,2627
5580,2628
1776,2629
866,2630
1603,2631
2225,2632
3266,2633
1040,2634
459,2635
3688,2636
1297,2637
3798,2638
6036,2639
5481,2640
3252,2641
5887,2642
2349,2643
1245,2644
3677,2645
1446,2646
519,2646
253,2647
5763,2648
3852,2649
2288,2650
802,2651
2083,2652
3334,2653
5056,2654
3099,2655
4463,2656
5457,2657
3266,2658
3703,2659
3068,2660
295,2661
4541,2662
3730,2663
2153,2664
2957,2664
990,2665
5075,2666
1953,2667
2806,2668
2449,2669
1915,2670
5748,2671
4560,2672
1718,2673
2984,2674
402,2675
324,2676
1830,2677
1029,2678
2074,2679
866,2679
3744,2680
175,2681
4384,2682
4641,2683
1969,2684
768,2685
402,2686
1373,2687
327,2688
5946,2689
4914,2690
4768,2691
2950,2692
4798,2693
5382,2694
2085,2695
3266,2696
1013,2697
3520,2698
706,2698
2101,2699
838,2699
5954,2700
1579,2701
4040,2702
1066,2703
5334,2704
160,2705
3889,2706
869,2707
2806,2708
1950,2709
791,2710
1933,2711
3611,2712
3600,2713
1839,2714
5471,2715
1862,2715
602,2715
2916,2715
121,2715
1273,2715
2832,2715
1486,2716
1997,2717
3317,2718
52,2719
2984,2720
2887,2721
1889,2722
2220,2723
1980,2724
1927,2724
3688,2725
236,2726
4863,2727
4254,2728
5730,2729
2806,2730
1117,2731
2218,2732
2776,2733
5869,2734
1085,2735
2072,2736
2505,2737
1553,2738
5936,2739
2771,2740
5005,2741
3533,2742
4043,2742
4489,2743
4798,2744
1835,2745
2463,2746
2806,2747
160,2748
825,2749
3266,2750
3152,2751
5684,2752
2010,2753
1523,2754
878,2755
195,2756
3285,2757
2687,2758
5084,2758
1373,2758
3899,2758
3849,2758
208,2758
5799,2759
2920,2760
5195,2761
1110,2762
1048,2763
5409,2764
5191,2765
4228,2766
168,2767
3301,2768
754,2769
2369,2770
5959,2771
2806,2772
4228,2773
4147,2775
863,2776
1300,2777
1593,2778
4338,2779
1711,2780
4148,2781
2315,2782
5266,2783
2936,2784
611,2785
4568,2786
5892,2787
2783,2788
275,2789
5203,2790
4612,2791
2073,2792
5608,2793
3913,2794
5716,2795
5729,2796
645,2797
385,2798
2561,2799
858,2800
5159,2801
547,2802
5748,2803
5595,2804
2613,2805
4343,2806
498,2807
4775,2808
1948,2809
3494,2810
1919,2811
5188,2812
2084,2813
4975,2814
1996,2815
1119,2816
736,2817
2349,2818
3649,2819
5247,2820
4251,2821
1273,2822
5471,2822
2832,2822
121,2822
602,2822
1862,2822
2916,2822
2984,2823
4726,2824
3791,2825
3389,2826
1385,2826
4376,2827
284,2828
6020,2829
3544,2830
5888,2831
2153,2832
2957,2832
3677,2833
4015,2834
3997,2835
3356,2836
3714,2837
3266,2838
4153,2839
4099,2840
4798,2841
3555,2842
4029,2843
679,2844
2887,2845
133,2846
2707,2847
1441,2848
443,2849
2745,2850
2964,2851
1162,2852
4502,2853
1636,2854
5851,2855
262,2856
198,2856
178,2857
2756,2858
1372,2859
1424,2860
4305,2861
679,2862
424,2863
5471,2864
1862,2864
602,2864
2916,2864
121,2864
1273,2864
2832,2864
1356,2865
4691,2865
2296,2865
2823,2866
89,2867
1252,2868
5386,2869
734,2870
678,2871
5837,2872
4877,2873
599,2874
3448,2875
5188,2876
1788,2877
3773,2878
4497,2879
3927,2880
1591,2881
3401,2882
5745,2883
30,2884
4362,2885
9,2886
4083,2887
5277,2888
5658,2889
5464,2890
4533,2890
4804,2890
5128,2891
1112,2892
5912,2893
2944,2894
2046,2895
1189,2896
3266,2897
5500,2898
2412,2899
3541,2900
2321,2901
4129,2902
3060,2903
4821,2904
3579,2905
5903,2906
443,2907
2612,2908
5417,2909
284,2910
4312,2911
1954,2912
679,2913
4959,2914
3409,2915
4785,2916
2965,2917
2311,2918
3235,2919
4153,2920
5217,2921
2957,2922
5247,2923
2332,2924
5289,2925
600,2926
713,2927
3182,2928
2889,2929
2806,2930
4839,2931
3001,2932
1839,2933
1876,2934
4975,2935
404,2936
3210,2937
368,2938
501,2939
1421,2940
79,2941
4646,2942
5651,2943
2926,2944
3574,2944
359,2945
1116,2946
4003,2947
614,2948
1197,2949
1020,2950
2785,2951
4996,2952
1507,2953
3576,2954
2657,2955
4190,2956
4391,2957
3282,2958
1823,2959
5758,2960
561,2961
3372,2962
720,2963
5237,2964
3848,2965
3776,2966
5054,2967
3924,2968
2984,2969
4474,2970
5219,2971
2220,2972
338,2973
2414,2974
2779,2975
4583,2976
767,2977
762,2978
4829,2979
3156,2980
1910,2980
459,2981
5337,2982
4890,2983
1997,2984
204,2985
1432,2986
2464,2987
5211,2988
740,2989
4975,2990
5157,2991
2974,2992
434,2993
1957,2994
603,2995
4221,2996
4075,2997
4813,2998
1385,2999
5119,3000
2262,3001
2806,3002
4029,3003
1290,3004
3517,3005
6015,3006
1950,3008
5328,3009
2491,3010
1726,3011
2000,3012
819,3013
1446,3014
2254,3015
4540,3016
2404,3017
601,3018
723,3019
3063,3020
5005,3020
3266,3021
3165,3022
1206,3023
632,3024
1711,3025
919,3026
3601,3027
765,3028
3664,3029
5464,3030
5235,3031
5619,3032
3763,3032
5128,3033
45,3034
4950,3035
2881,3036
702,3037
5835,3038
2441,3039
4784,3040
4375,3041
2970,3042
5636,3043
2413,3044
434,3045
5727,3046
4190,3047
2727,3048
5658,3049
6023,3050
5140,3051
926,3052
3449,3053
144,3053
5369,3054
780,3055
2806,3056
827,3057
3500,3058
2974,3059
1985,3060
5436,3061
840,3061
5115,3062
4129,3063
3703,3064
5410,3065
1208,3065
4689,3066
5329,3067
1889,3068
3870,3069
2869,3070
3078,3071
2698,3072
2957,3073
2153,3073
274,3074
1333,3075
2686,3076
5108,3077
5037,3078
5103,3079
2875,3080
4673,3081
5211,3082
651,3083
4925,3084
2562,3085
3721,3086
3041,3087
913,3088
4911,3089
615,3090
5657,3091
4682,3092
5662,3093
2467,3094
5419,3095
1646,3096
12,3097
757,3098
5614,3099
2429,3100
1805,3101
3548,3102
2053,3103
2806,3104
4702,3105
3734,3106
1876,3107
2958,3108
4643,3109
4148,3110
1813,3111
463,3112
3419,3113
4248,3114
3452,3114
4557,3115
1212,3116
4131,3117
1028,3118
2527,3119
3741,3120
597,3121
5894,3122
4032,3123
2154,3124
1559,3124
961,3124
2533,3124
2817,3124
5876,3124
3434,3124
3762,3124
4675,3124
1332,3124
4930,3124
341,3124
2493,3124
4264,3124
126,3124
5829,3124
5207,3124
81,3124
4018,3124
2207,3124
1604,3124
1009,3124
2777,3124
399,3124
4630,3124
2673,3125
5593,3127
4844,3128
3755,3129
6036,3130
2752,3131
5720,3132
4755,3133
55,3134
2780,3135
5502,3136
5266,3137
5839,3138
696,3139
4625,3140
3638,3141
4237,3142
5654,3143
3381,3144
1548,3145
43,3146
3124,3147
1864,3148
472,3149
1455,3150
2423,3151
5292,3152
5918,3153
71,3154
3577,3155
4006,3156
4974,3157
758,3158
4246,3159
3187,3160
1875,3161
5312,3162
3293,3163
4113,3164
5646,3165
876,3165
5730,3166
2750,3167
726,3168
4722,3169
1353,3170
5599,3171
2806,3172
3634,3173
2771,3174
5219,3176
3269,3177
3269,3178
1956,3179
751,3180
4691,3181
1356,3181
2361,3182
3324,3183
5042,3184
1681,3185
345,3186
3838,3187
1410,3187
679,3188
708,3189
2828,3190
4200,3191
3418,3192
4890,3193
4310,3194
2850,3195
3690,3196
3095,3197
1605,3198
3266,3199
358,3200
5618,3201
3133,3202
810,3203
3407,3204
5506,3205
2874,3206
1478,3207
4292,3208
5551,3209
3466,3210
2081,3211
536,3212
5636,3213
2806,3214
5538,3215
4804,3216
3838,3217
1410,3217
1269,3218
4502,3219
4377,3220
4099,3221
4989,3222
2005,3223
6016,3224
2806,3225
568,3226
3536,3227
3101,3228
287,3228
5128,3229
4294,3230
3245,3231
3222,3232
1986,3233
4129,3234
3591,3235
632,3236
947,3237
1646,3238
1006,3239
1536,3240
1707,3241
2076,3242
1065,3243
2806,3244
2265,3245
2806,3246
32,3247
2562,3248
5221,3248
6006,3249
91,3250
4773,3251
260,3252
1651,3253
2881,3254
1665,3254
1329,3255
3746,3256
1859,3257
1010,3258
5193,3259
939,3260
1776,3261
620,3262
291,3264
914,3265
909,3266
379,3267
4400,3268
1224,3269
5881,3270
3099,3271
5018,3272
2414,3273
584,3274
476,3275
3861,3276
986,3276
2806,3277
1029,3278
1092,3279
362,3280
1160,3281
470,3282
2787,3283
3403,3284
4917,3285
5722,3285
5776,3286
1378,3287
511,3288
4099,3289
4732,3290
2824,3291
3298,3292
563,3293
5368,3294
5417,3295
61,3296
3354,3297
4414,3297
2,3298
706,3299
5030,3300
5031,3301
443,3302
4926,3303
2077,3304
1676,3305
5118,3306
422,3307
1400,3308
660,3309
4778,3310
1623,3311
329,3312
630,3312
1935,3313
1638,3314
1605,3315
4143,3316
4597,3317
3206,3318
1266,3319
2737,3320
3932,3321
360,3322
772,3323
1158,3324
2066,3325
853,3326
5209,3327
4490,3328
4182,3328
3840,3328
3519,3328
2441,3328
2289,3328
3466,3329
4910,3330
1984,3331
3912,3332
5924,3333
4502,3334
2806,3335
2936,3336
4533,3337
35,3338
1490,3339
1805,3340
962,3341
4769,3342
3872,3343
1377,3344
3277,3345
4802,3346
2071,3347
554,3348
3872,3349
4443,3350
5152,3351
501,3352
4646,3353
4097,3354
4149,3355
3033,3356
4454,3357
4625,3358
3492,3359
4346,3360
3745,3361
4570,3362
2806,3363
5108,3364
3319,3364
3791,3365
3476,3366
3524,3367
949,3368
448,3368
4317,3369
3392,3370
5503,3371
1971,3372
5640,3373
2046,3374
2354,3375
5379,3376
3879,3377
3450,3378
5556,3379
587,3380
359,3381
5776,3382
1961,3383
3962,3384
2682,3385
5155,3386
4514,3387
1915,3388
4101,3389
1580,3390
3753,3391
3654,3392
2074,3393
1555,3394
1727,3395
1821,3396
926,3397
1711,3398
604,3399
3251,3400
4605,3401
5010,3402
3124,3403
3077,3404
862,3405
1155,3406
2491,3407
5442,3408
4239,3408
568,3408
106,3409
4576,3410
4531,3411
2025,3412
3471,3413
5746,3414
1325,3415
5368,3416
1601,3416
4448,3417
5884,3418
2256,3419
1025,3420
3425,3421
1981,3422
1422,3423
1331,3424
1792,3425
2419,3426
4502,3427
2806,3428
1614,3429
2639,3430
3851,3431
862,3432
1289,3433
5501,3434
2688,3435
3148,3436
1909,3437
4041,3438
4620,3439
4205,3440
2600,3441
5861,3442
3034,3443
4268,3445
1762,3446
1135,3447
3837,3448
3211,3448
4798,3449
3304,3450
817,3451
1870,3452
1473,3453
5691,3454
2251,3455
3187,3456
3734,3457
4980,3458
5662,3459
1759,3460
91,3461
2422,3462
691,3463
5159,3464
3466,3465
2828,3465
174,3466
2806,3467
4558,3468
5282,3469
1990,3470
2211,3471
2994,3472
3656,3473
1290,3474
5382,3475
652,3476
5039,3477
3248,3478
5091,3479
1580,3480
5714,3481
2504,3482
175,3483
4830,3484
4190,3485
4546,3486
4774,3487
680,3488
3377,3489
1361,3490
1155,3491
402,3492
5073,3493
6034,3493
1777,3494
3813,3495
5317,3496
2806,3497
1838,3498
3957,3499
514,3500
1462,3501
4691,3502
5830,3503
5663,3504
5722,3505
3498,3506
3692,3507
2259,3508
4924,3509
1111,3510
2806,3511
14,3512
5009,3513
3291,3514
4323,3515
2347,3516
3638,3517
5977,3518
1074,3519
5145,3520
2889,3521
1425,3522
5574,3523
1387,3524
2813,3525
3595,3526
2524,3527
1670,3528
644,3529
3239,3529
2943,3530
1667,3531
723,3532
384,3533
5065,3534
3566,3535
1533,3536
2492,3537
3390,3538
168,3539
1103,3539
5226,3540
3683,3541
4038,3542
1587,3543
2286,3544
4362,3545
1309,3546
4254,3547
1921,3548
1827,3548
3453,3549
714,3550
4126,3551
4706,3552
4055,3553
2806,3554
2806,3555
4520,3556
3863,3557
5196,3558
1848,3559
76,3560
5944,3561
2121,3562
2829,3563
4507,3564
985,3565
3018,3566
469,3567
1416,3568
3164,3569
5681,3570
2920,3571
3451,3572
796,3573
615,3574
5005,3575
2650,3576
4890,3577
3964,3578
1164,3579
5184,3580
5010,3581
1824,3582
4040,3583
555,3584
1026,3585
3476,3586
3971,3587
2307,3588
1805,3589
2443,3590
923,3591
3042,3592
4450,3593
1468,3594
93,3595
140,3596
2129,3597
4580,3598
1414,3599
706,3600
152,3601
1466,3602
1133,3603
2725,3604
1115,3604
2292,3604
3993,3604
16,3605
1578,3606
191,3607
2280,3608
3189,3609
3266,3610
2264,3611
2883,3612
4416,3613
4260,3614
4471,3615
5732,3616
2471,3617
381,3618
1044,3619
293,3620
745,3621
5464,3622
4533,3622
2806,3623
2257,3624
1358,3625
5630,3625
5769,3626
1380,3627
4835,3628
1860,3628
3542,3629
4743,3630
1807,3631
4747,3632
111,3633
3937,3634
2669,3635
5506,3636
5980,3637
696,3638
291,3639
5980,3640
5654,3641
4831,3642
3098,3643
496,3644
2806,3645
1584,3646
4045,3647
4291,3648
1084,3649
453,3650
5939,3651
1668,3652
5130,3653
4283,3654
3266,3655
3724,3656
1166,3657
4832,3658
1864,3659
5135,3660
1961,3661
2635,3662
4552,3663
4461,3664
4782,3665
4944,3666
4855,3667
195,3668
4533,3669
4975,3670
1448,3671
5630,3672
4570,3673
5678,3674
5767,3675
5398,3676
4725,3677
1908,3678
1001,3679
2284,3680
231,3681
2223,3682
2886,3683
1005,3684
5464,3685
4533,3685
1841,3686
5621,3687
4190,3688
5797,3689
5211,3690
947,3691
286,3692
1578,3693
2162,3694
2657,3695
3025,3696
2798,3697
4950,3697
217,3697
475,3698
4673,3699
2651,3700
2033,3701
5957,3702
4975,3703
1966,3704
160,3705
4074,3706
2738,3707
970,3708
4752,3709
3899,3710
2012,3711
2175,3712
2248,3713
5648,3714
5402,3715
5726,3716
4882,3716
4961,3717
1090,3718
2073,3719
5652,3720
1567,3721
1458,3722
2336,3723
2068,3724
2626,3725
1809,3726
1517,3727
443,3728
4852,3729
4794,3730
935,3731
3660,3732
1805,3733
4975,3734
5634,3735
2686,3736
1568,3737
5924,3738
3988,3739
741,3740
470,3741
521,3742
1210,3743
5619,3744
4431,3744
985,3745
2278,3746
3111,3747
4491,3748
562,3749
1756,3750
866,3751
1856,3752
3266,3753
2003,3754
2734,3755
4254,3756
195,3757
5527,3758
5058,3759
2673,3760
5370,3761
3151,3762
4464,3763
3328,3764
3723,3765
4016,3766
1945,3767
5256,3768
3564,3769
722,3770
4763,3771
663,3772
5447,3773
2881,3774
1665,3774
91,3775
502,3776
2806,3777
4416,3778
5211,3779
2237,3780
1055,3781
3247,3782
2320,3783
1521,3784
706,3785
795,3786
4170,3787
4431,3788
2916,3789
5471,3789
121,3789
1273,3789
2832,3789
1862,3789
602,3789
2148,3790
5243,3791
1678,3792
2589,3793
4550,3794
6014,3795
5776,3796
2565,3797
4353,3798
255,3799
647,3800
5127,3801
1824,3802
2180,3803
1007,3804
3000,3805
1331,3805
1551,3806
3216,3807
2035,3808
650,3809
4673,3810
5372,3811
2865,3812
5126,3813
2375,3814
5499,3815
1340,3816
5188,3817
3033,3818
5014,3819
2427,3820
2850,3821
820,3821
4500,3822
4379,3823
4656,3824
3065,3825
1614,3826
5350,3827
5117,3828
3408,3829
4206,3830
91,3831
77,3832
2806,3833
3543,3834
2798,3835
4950,3835
217,3835
1402,3836
5193,3837
1867,3838
4307,3839
1991,3840
9,3841
445,3842
4783,3843
4503,3844
3889,3844
2914,3845
2806,3846
4000,3847
5662,3848
2785,3849
5107,3850
1396,3851
5982,3852
5658,3853
3408,3854
429,3855
5918,3856
284,3857
564,3858
3323,3859
2580,3860
3175,3861
543,3862
3205,3863
3346,3864
4595,3865
81,3866
537,3867
2153,3868
2957,3868
801,3869
5654,3870
2150,3871
5406,3872
771,3873
4906,3874
2659,3875
5527,3876
8,3877
4186,3878
5285,3879
1839,3879
3516,3880
4282,3881
716,3881
3697,3882
1607,3883
4412,3884
1727,3885
1277,3886
166,3887
4294,3888
3044,3889
869,3890
218,3891
3228,3892
5167,3893
2480,3894
4738,3895
4760,3896
1391,3897
4798,3898
4483,3899
4400,3900
739,3901
5553,3902
4523,3903
2806,3904
4058,3905
4134,3906
723,3907
773,3908
132,3909
5106,3910
432,3911
3698,3912
5096,3913
3476,3914
1168,3915
5041,3916
5029,3917
3658,3918
3976,3919
3608,3920
1676,3921
5647,3922
2620,3923
536,3924
3634,3925
2902,3926
454,3927
394,3928
436,3928
5020,3929
3073,3930
5021,3931
1949,3932
1612,3933
5325,3934
814,3935
97,3936
2606,3937
2385,3938
402,3939
5720,3940
1810,3941
5644,3942
5452,3943
2791,3944
2810,3945
3266,3946
4268,3947
4375,3948
5118,3949
584,3950
422,3951
4994,3952
1627,3953
1517,3954
1898,3955
2806,3956
2438,3957
2027,3958
4032,3959
1442,3960
6011,3961
4786,3962
4931,3963
943,3964
1551,3965
4254,3966
140,3967
5918,3968
1768,3969
2084,3970
4368,3971
4284,3972
1310,3973
5582,3974
2970,3975
1039,3976
5468,3977
2824,3978
1309,3978
1687,3979
2122,3980
5905,3981
4848,3982
3053,3983
2403,3984
1569,3985
4017,3986
4791,3987
986,3988
1874,3989
846,3990
3006,3991
2726,3992
1713,3993
5126,3994
2581,3995
1163,3996
451,3997
2695,3998
897,3999
5129,4000
4680,4001
4975,4002
5939,4002
318,4003
5479,4004
4503,4005
3889,4005
5251,4006
1226,4007
542,4008
4924,4009
4628,4010
783,4011
2881,4012
1665,4012
2613,4013
3266,4014
2593,4015
3290,4016
27,4017
5640,4017
4273,4018
215,4019
762,4020
1240,4021
5128,4022
3101,4023
4975,4024
3161,4025
538,4026
700,4027
4348,4028
5916,4029
4129,4030
3785,4031
5973,4032
5643,4033
5487,4034
2806,4035
4046,4036
3962,4037
1151,4038
2881,4039
1665,4039
4850,4040
2458,4041
4261,4042
5010,4043
2544,4044
3542,4045
91,4046
1718,4047
3533,4048
4732,4049
5625,4050
5407,4051
1939,4052
5908,4053
3499,4054
4673,4055
5118,4056
4205,4057
4804,4058
840,4059
1103,4060
2821,4061
3266,4062
768,4063
1240,4064
5762,4065
5359,4066
3752,4067
2220,4068
1199,4069
1109,4070
2792,4071
5584,4072
4650,4073
2329,4074
3572,4076
1256,4077
576,4078
125,4079
5433,4080
2480,4081
5001,4082
4712,4083
679,4084
2780,4085
1021,4086
1092,4087
971,4088
5185,4089
5694,4090
5931,4091
3831,4091
2217,4091
5744,4091
5143,4091
1783,4091
1266,4092
4759,4093
4997,4094
5471,4095
1862,4095
602,4095
2916,4095
121,4095
1273,4095
2832,4095
2007,4096
3319,4097
3644,4097
2539,4098
2806,4099
4868,4100
5368,4101
3755,4102
1442,4103
2806,4104
5776,4105
4745,4106
3502,4107
4979,4108
5400,4109
2544,4110
1747,4111
4929,4112
3052,4113
2606,4114
439,4115
3993,4116
5551,4117
4876,4118
1783,4119
4975,4120
2024,4121
1197,4122
4270,4123
4145,4124
1039,4125
2223,4126
735,4127
3266,4128
1775,4129
2240,4130
3399,4131
2991,4132
657,4133
2418,4134
4239,4135
198,4136
5428,4137
3722,4137
971,4138
4944,4139
2161,4140
1684,4141
5226,4142
2743,4143
5432,4144
3182,4145
4863,4146
1078,4147
394,4148
436,4148
1880,4149
3266,4150
2014,4151
6021,4152
2061,4153
5461,4154
5468,4155
5419,4155
4369,4156
2806,4157
4403,4158
5099,4159
3480,4160
2898,4161
6,4162
2806,4163
5018,4164
5236,4165
681,4166
5442,4167
5104,4168
2881,4169
1665,4169
4766,4170
2889,4171
1201,4172
1197,4173
2203,4174
4923,4175
3684,4176
3296,4177
1032,4178
2266,4179
4712,4180
4893,4181
2554,4182
5125,4183
731,4184
5025,4185
561,4186
4804,4187
3638,4188
1002,4189
3801,4190
2264,4191
2963,4192
3266,4193
1266,4194
5818,4195
3866,4196
2566,4197
4975,4198
2100,4199
41,4200
4402,4201
1538,4202
1411,4203
5128,4204
4588,4205
4237,4206
1741,4207
3340,4208
1551,4209
4456,4210
3841,4211
4700,4212
5978,4213
316,4214
2357,4215
5679,4216
364,4217
4974,4218
5808,4219
2970,4220
3056,4221
96,4222
1773,4223
3934,4224
1188,4225
3374,4226
371,4227
1927,4228
1980,4228
1378,4229
4433,4230
532,4231
5835,4232
727,4233
3873,4234
1951,4235
1397,4236
5995,4237
1855,4238
4887,4239
2957,4240
2153,4240
311,4241
5419,4242
4337,4243
5333,4244
5003,4245
1216,4246
2964,4247
1799,4248
1711,4249
4847,4250
3020,4251
4928,4252
291,4253
2806,4254
2691,4255
618,4256
5512,4257
5490,4258
4931,4258
3772,4259
3266,4260
2920,4261
4551,4262
1485,4263
528,4264
3656,4265
1240,4266
719,4267
1551,4268
3099,4269
2641,4270
3024,4271
4058,4272
658,4273
3327,4274
4101,4275
2889,4276
1551,4277
4597,4278
393,4279
4041,4280
3708,4281
1786,4282
3674,4283
838,4284
1767,4285
693,4286
3351,4287
3187,4288
1266,4289
4232,4290
580,4291
4220,4292
305,4293
4677,4294
4099,4295
5479,4296
2113,4297
611,4298
4723,4299
1691,4300
2766,4301
807,4302
464,4303
1699,4304
1210,4305
5513,4306
2513,4307
2597,4308
3478,4309
6037,4310
3988,4311
1995,4312
5447,4313
5319,4314
4640,4315
2776,4317
1293,4318
2766,4319
4078,4320
4432,4321
5192,4322
1878,4323
1473,4324
285,4325
5705,4326
3685,4327
5776,4328
3692,4329
2074,4330
5490,4331
4931,4331
3440,4332
4635,4332
2486,4333
32,4334
246,4335
5348,4335
443,4336
160,4337
1155,4338
5203,4339
4368,4340
5779,4341
4101,4342
2025,4343
4959,4344
62,4345
2995,4346
2443,4346
864,4347
2529,4348
838,4349
2708,4350
1014,4351
3485,4352
5311,4353
4856,4354
1025,4354
4622,4355
5364,4356
2526,4356
3350,4357
2534,4358
3015,4359
1075,4360
3628,4361
4975,4362
4973,4363
1453,4364
4551,4365
5022,4366
2724,4367
3639,4368
1210,4369
1544,4370
5241,4371
1909,4372
2391,4373
229,4373
1885,4374
5738,4375
2750,4376
5836,4377
2321,4378
295,4379
3947,4380
3557,4381
2940,4382
3761,4382
3122,4383
6014,4384
5211,4385
2408,4386
2025,4387
1927,4388
1980,4388
1510,4389
2158,4390
611,4391
2004,4392
817,4393
4890,4394
1591,4396
32,4397
1326,4398
5929,4399
3631,4400
5649,4401
5729,4402
3266,4403
2527,4404
1912,4405
2806,4406
4628,4407
445,4408
1141,4409
4178,4410
4644,4411
1399,4412
5443,4413
3723,4414
3407,4414
1711,4415
1532,4416
1317,4417
5149,4418
27,4419
5640,4419
3135,4420
5529,4421
2162,4422
3034,4423
2802,4424
1659,4425
5354,4426
1264,4427
2806,4428
2241,4429
5115,4430
3410,4431
4405,4432
4673,4433
2806,4434
2178,4435
5414,4436
441,4437
2072,4438
2034,4439
3510,4439
4175,4440
5368,4441
2676,4442
1703,4443
3044,4444
4298,4445
1941,4446
1374,4447
2891,4448
3487,4449
3464,4450
860,4451
5063,4452
2946,4453
150,4454
3291,4455
4323,4456
1442,4457
4561,4458
3204,4459
793,4460
274,4461
3156,4462
1910,4462
3683,4463
2641,4464
5776,4465
2781,4466
340,4467
2746,4468
1089,4469
578,4470
3533,4471
4043,4471
4587,4472
516,4473
381,4474
4893,4475
3036,4476
2764,4477
2606,4478
3040,4479
1641,4480
1377,4481
840,4482
2955,4483
3702,4484
453,4485
3303,4486
96,4487
2806,4488
3260,4489
1377,4490
4410,4491
4431,4492
2163,4493
5353,4494
5272,4495
706,4496
1571,4497
3478,4497
4048,4498
1106,4499
328,4500
4616,4501
4030,4502
5887,4503
4910,4504
5228,4505
2488,4506
3274,4507
3190,4508
4185,4509
5115,4510
5208,4511
4418,4512
3179,4513
709,4514
1306,4515
3517,4516
1159,4517
5195,4518
751,4519
3730,4520
3243,4521
2034,4522
1681,4523
622,4524
4248,4525
3452,4525
3099,4526
3014,4527
3049,4528
4081,4529
4502,4530
3509,4531
501,4532
168,4533
1103,4533
3266,4534
933,4535
4045,4536
1490,4537
1578,4538
5063,4539
5639,4540
3381,4541
2683,4542
5118,4543
2122,4544
2682,4545
3972,4546
1405,4547
5643,4548
91,4549
3266,4550
5506,4551
5700,4552
3437,4553
4673,4554
2699,4555
1764,4556
1927,4557
1980,4557
851,4558
4856,4559
4248,4560
3452,4560
2427,4561
2806,4562
153,4563
4906,4564
2838,4565
5748,4566
1615,4566
1321,4567
2122,4568
467,4569
755,4570
562,4571
5342,4572
4689,4573
4844,4574
1329,4575
5652,4576
5801,4577
5361,4578
77,4579
537,4580
4862,4581
2189,4582
1113,4583
5688,4584
576,4585
3006,4586
1710,4587
2283,4588
117,4589
844,4590
3734,4591
542,4592
2310,4593
5091,4594
5490,4595
564,4596
3319,4597
2747,4598
2050,4599
5171,4600
3978,4601
5764,4602
1343,4603
1420,4604
5732,4605
1002,4606
2690,4607
4697,4608
4640,4608
3316,4608
317,4609
4890,4610
3590,4611
2544,4612
2663,4613
716,4614
4282,4614
4551,4615
796,4616
1290,4617
4472,4618
2198,4619
2284,4620
5237,4621
5502,4622
935,4623
2806,4624
2806,4625
5243,4626
856,4627
3528,4628
3006,4629
1627,4630
256,4631
4967,4632
572,4633
5553,4634
5560,4635
5231,4636
5973,4637
1629,4638
3941,4639
2630,4640
2006,4641
5084,4642
1267,4643
3238,4644
1847,4645
1951,4646
1075,4647
2761,4648
4852,4649
1110,4650
4502,4651
2291,4652
964,4653
2022,4653
2342,4654
4959,4655
927,4656
2197,4657
679,4658
3482,4659
3550,4660
1950,4661
4012,4662
2133,4663
4237,4664
3266,4665
5658,4666
1361,4667
295,4668
2404,4669
714,4670
5165,4671
694,4672
754,4673
1129,4674
1045,4675
3137,4676
1775,4677
2850,4678
820,4678
3471,4679
2403,4680
2229,4681
5438,4682
6036,4683
3945,4683
2971,4684
2074,4685
4322,4686
1069,4687
2806,4688
4975,4689
4690,4690
168,4691
1103,4691
4342,4692
3805,4693
3091,4694
3168,4695
5712,4696
1793,4697
577,4698
5030,4699
2261,4700
2394,4701
2806,4702
1805,4703
3295,4704
1569,4705
5973,4706
2511,4707
2197,4708
4324,4709
1491,4710
4103,4711
2148,4712
5740,4713
4756,4714
1155,4715
5610,4716
2352,4717
1040,4718
6020,4719
4606,4720
1934,4721
2007,4722
2815,4723
632,4724
3395,4725
5696,4726
2806,4727
2602,4728
1002,4729
6032,4730
637,4731
24,4732
3266,4733
3101,4734
1651,4735
5715,4736
445,4737
94,4738
3412,4739
4000,4740
1353,4741
4863,4742
3883,4743
3094,4744
1099,4745
1660,4746
1936,4747
5452,4748
4045,4749
947,4750
2159,4751
5073,4752
6034,4752
4384,4753
1266,4754
5647,4755
2957,4756
1703,4757
1396,4758
3253,4759
5324,4760
679,4761
3954,4762
5076,4763
4377,4764
1266,4765
4458,4766
2978,4767
77,4768
2800,4769
374,4770
5174,4771
3814,4772
3452,4773
5247,4774
2570,4775
939,4776
5396,4777
3099,4778
3266,4779
3925,4780
486,4781
1839,4782
2441,4783
2223,4784
788,4785
1940,4786
5024,4787
5510,4788
4071,4789
2673,4791
4114,4792
5204,4792
1188,4793
738,4794
2201,4795
4421,4796
856,4797
5641,4798
5677,4799
5926,4801
4890,4802
3409,4803
3318,4804
2881,4805
1665,4805
4075,4806
5117,4807
4309,4808
5226,4809
1754,4810
3192,4811
5143,4812
1292,4813
231,4814
2011,4815
3540,4816
4050,4817
1431,4818
1573,4819
5277,4820
4465,4821
5694,4822
3321,4823
4873,4824
4385,4825
4780,4826
369,4827
5324,4828
5058,4829
2806,4830
3638,4831
5103,4832
4673,4833
4972,4834
1673,4835
2828,4836
162,4837
1964,4838
5205,4839
5142,4840
4157,4841
2806,4842
2806,4843
5670,4844
4759,4845
2748,4846
4666,4847
4612,4848
1683,4849
214,4850
5482,4851
5173,4852
3613,4853
4028,4854
5782,4855
5469,4856
2786,4857
5271,4858
840,4859
1591,4860
2843,4861
1759,4862
3338,4863
3936,4864
2104,4865
6015,4865
343,4866
877,4867
3247,4868
5350,4869
3410,4870
4795,4871
986,4872
3053,4873
4769,4873
5325,4874
4586,4875
4499,4875
5519,4876
2602,4877
5558,4878
1715,4879
2028,4880
3266,4881
1768,4882
2099,4883
1963,4884
3222,4885
4463,4886
1905,4887
2007,4888
3612,4889
5948,4890
679,4891
937,4892
2049,4893
2444,4894
2794,4895
3272,4896
5737,4897
3851,4898
768,4899
5675,4900
3805,4901
269,4902
5918,4903
5471,4904
1862,4904
602,4904
2916,4904
121,4904
1273,4904
2832,4904
1927,4905
4835,4906
1860,4906
2718,4907
5211,4908
4089,4909
4121,4910
5419,4911
3697,4912
2748,4913
2933,4914
4502,4915
1934,4916
2964,4917
4281,4918
5762,4919
3715,4920
1333,4921
4816,4922
3558,4923
4065,4924
3790,4925
2718,4926
5235,4927
4557,4928
5126,4929
4472,4930
1333,4931
4574,4932
3372,4932
295,4933
2461,4934
394,4935
436,4935
20,4936
5005,4937
2109,4938
2806,4939
2883,4940
3024,4941
424,4942
1853,4943
2093,4944
1898,4945
2845,4946
1990,4947
2026,4948
5953,4949
1831,4950
5380,4951
183,4952
3016,4953
4730,4954
5988,4955
1038,4956
2995,4957
1805,4958
4020,4959
3906,4960
4867,4961
2339,4962
4717,4963
1498,4964
1347,4965
4022,4966
5664,4967
5063,4968
498,4969
951,4970
4758,4971
1316,4972
3660,4973
622,4974
4149,4975
4318,4976
476,4977
3926,4978
2774,4979
2806,4980
838,4981
1187,4982
1953,4983
3243,4984
4691,4985
1356,4985
994,4986
5025,4987
5915,4988
839,4989
5211,4990
428,4991
2638,4992
264,4993
5842,4994
2541,4995
4406,4996
3831,4997
3305,4997
840,4998
2806,4999
4922,5000
2377,5001
5018,5002
4171,5003
3266,5004
4687,5005
525,5006
5165,5007
4205,5008
4156,5009
4578,5010
3533,5011
4043,5011
4763,5012
1649,5013
738,5014
3988,5015
2161,5016
3244,5017
4975,5018
10,5018
5635,5019
611,5020
2806,5021
3258,5022
5463,5023
5498,5024
2276,5025
284,5026
3307,5027
2007,5028
3468,5029
4736,5030
1657,5031
4003,5032
4003,5033
696,5034
5982,5035
5442,5036
4239,5036
568,5036
2806,5037
292,5038
1803,5039
421,5040
2919,5041
2153,5042
2957,5042
5172,5043
791,5044
4968,5045
4975,5046
2845,5047
445,5048
5924,5049
3111,5050
3240,5051
4857,5052
1825,5053
1000,5054
2806,5055
5938,5056
3793,5057
1938,5058
5255,5059
4975,5060
3746,5061
2995,5062
2443,5062
2288,5063
161,5064
4037,5065
3618,5066
57,5067
831,5068
5442,5069
4689,5070
3708,5071
2866,5072
928,5073
3266,5074
346,5075
1018,5076
926,5077
2883,5078
3427,5079
4501,5080
3795,5081
609,5082
1518,5083
1889,5084
4769,5085
807,5086
475,5087
2544,5088
2443,5089
2995,5089
4976,5090
5085,5091
2338,5092
2639,5093
2209,5094
5997,5095
3845,5096
3792,5097
5160,5098
3819,5099
2950,5100
2623,5101
4298,5102
3131,5103
2787,5104
1143,5105
2813,5106
974,5107
5658,5108
4975,5109
2667,5110
2806,5111
2264,5112
716,5113
4282,5113
4143,5114
5239,5115
2357,5116
555,5117
3486,5118
4650,5119
3654,5120
3542,5121
944,5122
2654,5123
3116,5124
925,5125
2624,5126
17,5127
3408,5128
4502,5129
1369,5130
5961,5131
1257,5132
2397,5133
4292,5134
36,5135
630,5136
394,5137
1868,5137
2083,5137
1493,5138
927,5139
5374,5140
3085,5141
5754,5142
1099,5143
3160,5144
4410,5145
3317,5146
3412,5147
5180,5148
1097,5149
3404,5150
3543,5151
4139,5152
4919,5153
901,5154
5356,5155
4526,5156
5487,5157
2056,5158
4163,5159
28,5159
3431,5160
5967,5161
5267,5162
5404,5163
2046,5164
4862,5165
5887,5166
2454,5167
5042,5168
4959,5169
5815,5170
3173,5171
3128,5172
4689,5173
214,5174
175,5175
652,5176
4309,5177