imdb.csv,tvdb.csv
4,6738
5,6725
7,6342
8,7228
8,7734
8,4173
8,2627
8,3016
8,1142
14,7237
17,6506
22,6619
22,798
27,5608
27,5844
27,2808
27,5325
27,6392
27,7318
27,5237
31,119
33,6633
42,1078
45,484
45,985
45,1377
48,1122
53,418
53,1388
59,4986
62,7599
62,7276
64,4196
64,7386
65,7717
65,3322
66,7499
66,4714
66,2248
69,3234
69,144
69,2944
69,328
69,1213
69,7525
69,7150
77,1073
77,1291
77,1300
77,1795
77,3220
77,1188
79,1921
79,5346
82,1826
82,2011
83,5044
90,5445
91,3404
91,279
92,3270
92,4672
95,3474
96,6075
97,6258
97,6840
97,856
97,3053
100,1418
100,6887
100,6340
106,387
106,1767
112,5446
113,711
114,7762
115,332
117,6718
118,910
118,5449
118,7793
118,599
118,7304
118,5139
119,7568
119,6954
119,6742
123,455
123,4105
124,5151
125,3023
127,86
127,24
127,1112
134,7460
135,2878
138,6067
138,7510
138,255
138,6709
138,7268
139,5660
149,3568
150,2043
150,2785
150,1526
151,2205
151,3319
152,6546
154,2089
157,727
158,2168
161,3413
161,621
161,5559
161,887
162,1684
163,3134
168,7387
170,5608
170,5236
170,6972
170,7510
170,7318
170,1746
170,5844
171,15
173,470
173,6393
177,256
180,55
180,469
181,2686
182,296
183,4169
183,4782
185,6729
186,6786
186,3682
187,3414
189,891
189,2219
190,3540
193,7777
193,7781
193,6070
193,2616
193,4625
193,7642
196,6659
199,7775
199,7025
199,5383
199,6633
203,4822
208,4886
216,2394
217,3709
221,6856
223,7748
223,5516
223,4069
223,6589
223,3106
223,3495
223,7075
224,2275
227,5641
228,1684
228,1169
228,5831
228,7424
228,4295
241,7734
241,4592
241,6125
241,1843
246,7791
246,1012
247,5396
247,364
247,4174
247,7748
247,5785
247,5028
250,7622
251,807
251,271
252,231
253,5217
255,1024
260,804
262,1949
266,5162
266,3158
269,3896
269,3354
271,37
276,807
276,271
276,1100
278,616
281,453
283,5969
283,287
283,5136
283,2953
284,6333
284,3904
284,5330
284,5992
287,6532
287,4684
287,7624
287,5966
288,2833
290,929
292,1200
294,3134
295,1496
298,502
302,6412
306,2394
306,7440
307,5821
311,1710
311,6872
311,5631
312,7762
312,3036
312,6029
313,204
317,7379
318,4882
319,7440
321,4688
322,5650
327,1974
328,4178
337,3214
339,242
340,5516
341,4870
341,6543
345,6063
345,5618
345,1476
346,2091
348,4444
350,7599
350,7276
352,885
354,2260
355,5339
355,6906
357,6471
357,4601
363,3214
367,6190
367,6047
368,479
369,5087
372,6470
372,6607
372,5771
372,4222
373,1474
374,6651
374,6262
374,5381
379,5664
380,938
387,7623
388,783
389,6826
390,3905
392,544
397,453
405,349
411,7424
411,5831
411,2378
411,4295
412,6314
412,7229
414,5962
414,2901
418,6138
418,6546
421,2886
426,5423
434,504
434,185
434,5010
436,7442
436,7573
437,231
439,434
442,2686
442,2174
452,7800
452,5615
452,3664
452,2276
454,5828
454,5191
454,516
454,7639
455,3038
457,1474
459,2152
461,2498
461,5002
461,344
463,2693
464,7687
473,3997
476,4922
477,1902
480,6799
481,5348
481,5399
481,6918
481,5925
481,4486
481,1328
483,2616
485,7094
486,5286
487,5508
490,5144
490,7752
490,46
492,4953
494,7569
494,7807
494,613
495,4028
495,4792
500,7436
501,6048
502,3342
504,7623
509,1873
510,4686
510,5979
519,7252
520,164
520,1720
522,527
523,726
523,7311
523,6911
524,5394
525,5652
527,1253
527,1778
527,4417
529,203
531,5671
537,6873
539,6961
539,6864
540,1014
541,5969
541,5136
543,2741
545,2510
546,4589
550,7674
551,7763
554,6333
555,6932
557,3628
557,5051
561,7316
562,4479
564,7775
564,7025
564,5383
564,6633
566,3414
566,5650
566,7280
567,7632
569,3508
572,7361
572,7516
576,2520
581,2454
582,5368
585,3025
585,7273
585,4601
588,3652
588,4170
588,2652
588,2628
589,7262
590,713
595,5224
600,7340
602,6500
604,4645
604,6221
608,6064
608,7672
608,2991
608,3495
608,255
608,7642
608,417
608,7318
609,7662
609,7781
609,6479
609,6001
609,2122
612,4083
616,2176
617,4207
617,6048
618,1218
619,7069
620,3990
622,5948
622,3214
625,7499
625,1631
625,4714
625,2248
626,6471
630,4738
631,6913
631,2627
631,7304
631,3016
631,2247
633,1724
634,3673
634,4148
636,5339
636,3355
636,6910
636,4796
636,6339
638,5970
639,1573
639,5234
640,7602
643,1898
644,7690
645,5963
649,6479
649,2187
649,4935
651,4312
654,693
654,2323
654,1834
654,4025
656,1551
656,4781
662,6232
663,3831
663,3214
663,5707
667,6888
668,3205
669,7791
669,7484
670,6441
671,4169
672,956
675,2313
675,7228
675,7297
675,7638
675,6210
675,7160
675,6447
675,6059
677,1274
677,1679
677,6673
677,1869
679,7166
680,7415
680,3134
680,3216
683,2725
683,688
686,3319
690,1026
690,5547
690,4312
691,7032
691,2566
693,7379
693,3537
701,1264
701,3006
701,3808
702,4483
703,7562
705,7207
707,2761
716,1771
717,7628
721,5108
722,6403
722,5092
724,3761
725,7175
728,4195
728,669
728,2187
731,7359
733,5474
733,2106
734,7508
735,3207
737,2171
738,238
740,7397
743,3663
743,6404
744,5387
744,7281
744,7487
745,2511
745,7490
745,2681
752,6401
753,3528
754,4079
755,7199
756,4264
756,5495
756,2051
757,6405
758,453
759,262
760,5559
760,458
764,3413
764,1723
764,5559
764,838
764,3879
767,7255
768,5414
768,7679
768,5784
773,7356
774,904
778,4491
779,90
779,213
781,5613
781,4074
786,782
788,7804
789,337
791,5097
791,639
792,2511
792,2685
798,930
805,6912
806,2349
813,3836
819,6512
819,6186
821,4793
823,358
823,3402
828,7115
828,2671
829,6174
832,4409
833,283
834,3689
836,5638
837,1673
837,7598
837,6332
837,7425
837,7657
843,7731
843,2697
844,6858
845,201
850,226
851,6679
852,6576
852,7786
853,5684
854,3537
854,208
854,108
854,404
855,5712
855,7398
855,3908
855,4854
855,2201
859,2601
859,7504
862,7801
862,5422
862,7006
867,4112
867,6282
874,1426
874,711
874,7257
874,7516
878,5963
881,4230
882,6858
883,7508
884,3437
885,2741
885,2946
886,3659
887,6833
888,6471
895,6258
895,4252
895,4180
896,115
898,68
898,98
905,3831
905,3214
907,7533
907,7804
913,6564
915,6701
916,6772
916,167
917,7223
917,7667
917,4382
917,1401
918,6334
918,3048
918,165
918,1583
919,2394
919,7762
919,1617
919,7191
920,5652
928,2174
929,3349
931,278
932,5376
932,7356
934,2872
936,5331
937,4944
938,479
939,1436
939,5947
939,1767
939,7743
940,6457
948,3326
948,976
948,5652
953,3520
953,6739
955,844
957,7448
958,7730
958,1322
960,2930
963,896
965,3979
968,1285
968,2155
969,4389
969,6424
973,5387
973,1988
973,1855
973,4110
973,681
973,6709
973,3108
977,4592
980,5160
982,4441
989,7628
990,1206
1000,3577
1003,281
1003,7638
1006,5869
1009,6975
1011,7696
1012,4287
1013,27
1015,1562
1019,584
1019,2410
1021,7264
1025,7261
1028,54
1028,1629
1028,621
1032,6537
1036,61
1038,7627
1038,2830
1040,5970
1043,5948
1045,5305
1049,3882
1055,6494
1058,5642
1059,6949
1059,1014
1060,7743
1065,2580
1067,353
1073,5414
1073,7679
1076,3351
1077,7639
1082,2359
1082,1255
1087,5882
1087,4347
1087,6911
1089,693
1089,3106
1089,2266
1091,290
1092,2327
1093,6138
1096,7717
1096,5607
1102,1340
1104,6787
1108,2575
1109,2276
1111,7628
1112,3166
1114,61
1115,157
1115,2669
1118,5340
1120,640
1121,1733
1127,6258
1127,5078
1127,6728
1127,608
1128,4864
1129,3540
1129,3434
1131,1509
1131,7804
1131,652
1135,5079
1135,3019
1139,7562
1139,1305
1142,4084
1142,7203
1142,7673
1143,4509
1143,7736
1143,4555
1145,5182
1147,3864
1148,2462
1161,333
1162,4941
1168,7245
1169,2359
1169,3369
1169,1801
1169,1599
1172,5133
1172,3761
1174,7281
1174,6347
1174,6175
1178,4266
1182,7308
1186,7510
1189,24
1196,4986
1196,489
1196,4780
1196,7053
1198,690
1202,2573
1202,1386
1202,7103
1209,2725
1211,3563
1211,1468
1212,1915
1213,7496
1216,5735
1219,2464
1223,2786
1223,554
1224,1246
1227,2924
1228,6701
1228,671
1234,3754
1234,4234
1236,7048
1237,4260
1239,5579
1241,27
1242,7580
1242,6334
1242,3048
1242,1583
1245,6672
1246,6249
1247,5899
1248,2489
1248,3175
1249,7447
1250,2686
1250,6801
1251,4981
1251,471
1251,4240
1251,1206
1251,3807
1251,5939
1252,4260
1252,4842
1253,3390
1255,7558
1256,5836
1256,938
1258,6667
1258,6284
1260,4552
1262,5298
1264,5742
1264,3051
1266,4132
1267,1610
1267,306
1272,2794
1272,5831
1275,3111
1276,388
1276,2502
1276,1009
1276,3530
1276,7769
1277,479
1277,1337
1279,4083
1281,2017
1282,2392
1283,3113
1287,2826
1287,4314
1287,6628
1287,2559
1287,6697
1287,2119
1288,4950
1289,4006
1290,1403
1290,4775
1290,1290
1291,6640
1292,5366
1293,61
1293,2450
1297,6512
1298,7807
1300,7534
1302,1466
1302,7139
1305,1050
1305,4439
1305,698
1310,2796
1310,1019
1314,4401
1316,1495
1316,5112
1316,7767
1318,6150
1320,5916
1320,6514
1320,6401
1320,716
1325,5970
1326,5798
1326,3056
1329,3223
1331,7717
1334,1796
1334,51
1336,5443
1336,4838
1336,6208
1339,7807
1344,5358
1346,3941
1346,5020
1346,10
1349,5960
1349,2922
1351,5899
1351,7562
1353,1024
1353,3020
1353,7673
1354,4131
1354,6076
1357,690
1357,1466
1357,3234
1357,1213
1360,3563
1361,7804
1362,4102
1362,438
1362,4173
1362,3304
1362,193
1362,1583
1362,6125
1364,7326
1364,5445
1364,2824
1365,3073
1365,1259
1368,6618
1369,3063
1371,4401
1374,3220
1374,1300
1374,1188
1374,1795
1384,2359
1384,4421
1384,4114
1385,1187
1387,1731
1388,3882
1388,5450
1392,1600
1395,2174
1397,7378
1401,6787
1401,7291
1403,6944
1404,106
1405,5737
1407,3611
1407,5449
1407,685
1407,1392
1407,1024
1409,4781
1409,3087
1413,787
1413,7670
1413,7798
1413,1912
1413,3865
1413,5330
1413,1110
1420,560
1424,5832
1424,1513
1425,5797
1426,3016
1429,6931
1431,7808
1432,2716
1434,4290
1438,6295
1438,3086
1439,5771
1440,3275
1442,1394
1445,5581
1448,4240
1451,4364
1452,7738
1453,4131
1454,3964
1457,1014
1458,3628
1458,5051
1459,647
1464,1976
1465,5719
1467,12
1467,3330
1468,6858
1474,3483
1474,2585
1475,2581
1476,3413
1476,5559
1478,6219
1478,6348
1478,7755
1478,6148
1480,7752
1481,4844
1486,6370
1486,5525
1486,6109
1486,5334
1486,6834
1488,2247
1488,3407
1490,3629
1492,6415
1492,4504
1493,4658
1493,3149
1493,2807
1493,7638
1493,4974
1493,1546
1493,66
1493,4235
1495,6394
1495,6929
1498,7808
1500,6814
1500,1435
1504,3140
1511,1839
1512,4364
1514,4131
1517,4608
1517,2789
1521,4358
1526,7626
1527,7671
1527,5861
1530,951
1531,3971
1533,4981
1533,4240
1533,3807
1533,5939
1533,3056
1533,3453
1534,369
1534,3796
1534,5883
1536,7332
1542,7674
1542,7048
1544,417
1544,6079
1544,5925
1544,1148
1545,7288
1548,444
1548,1745
1550,3540
1552,4981
1552,5939
1552,4240
1555,1848
1557,7574
1557,5228
1559,2323
1560,1411
1561,1905
1562,4295
1562,5979
1563,1160
1563,6148
1563,5108
1564,5061
1565,1559
1570,194
1572,395
1572,7554
1572,20
1572,1754
1572,1718
1572,582
1573,7135
1574,6640
1576,5969
1576,2981
1576,5136
1576,2953
1577,7131
1577,3963
1580,3036
1581,7209
1581,7067
1582,6496
1582,3712
1582,5348
1583,4013
1583,7205
1583,4385
1583,6946
1585,4774
1585,6064
1585,1746
1590,6659
1592,27
1592,3947
1593,6555
1594,3491
1596,3247
1598,7558
1601,6297
1601,6850
1601,7554
1601,6304
1601,4569
1604,2245
1604,5256
1606,2250
1608,3214
1613,3289
1614,2572
1616,6787
1617,5439
1617,7785
1617,7604
1617,4245
1617,7639
1617,6608
1619,1077
1620,7186
1622,711
1624,6974
1625,6025
1626,6286
1626,6517
1626,7540
1627,163
1628,7775
1628,4578
1630,5399
1630,6125
1630,7778
1630,6836
1632,4223
1632,3403
1632,5791
1632,4085
1632,4487
1633,2500
1633,3534
1634,4206
1638,6723
1640,307
1640,2009
1640,6186
1644,1840
1646,7554
1646,6850
1647,5709
1648,5156
1649,5083
1649,574
1650,1264
1650,895
1650,6098
1651,7534
1655,4939
1657,4763
1657,7497
1657,5352
1658,3744
1659,6734
1662,4182
1662,1835
1664,6288
1664,7573
1664,7442
1666,2342
1669,7534
1670,3416
1675,4902
1676,7737
1677,5719
1680,6949
1680,6574
1686,2213
1688,557
1688,2136
1691,6369
1693,1679
1693,6673
1693,1869
1693,1274
1693,464
1693,704
1694,2460
1696,3419
1698,2240
1698,3809
1700,2329
1701,6125
1701,3065
1705,1113
1705,3539
1706,3813
1708,6277
1708,3707
1708,1355
1708,26
1711,6174
1712,6167
1713,3474
1713,3342
1713,2579
1724,585
1724,2155
1724,1285
1728,995
1728,6988
1729,5708
1730,6913
1731,4897
1735,6738
1735,339
1739,1061
1741,6167
1742,4074
1747,5608
1748,5699
1748,5135
1748,2699
1750,4631
1756,152
1763,995
1763,6988
1764,516
1764,2313
1764,6738
1764,4013
1764,7521
1764,7638
1764,7639
1766,5297
1766,7790
1766,759
1766,4722
1766,3953
1766,6827
1767,3927
1767,7808
1769,1807
1770,3491
1775,4260
1775,4842
1775,6681
1776,5988
1776,7289
1777,4153
1777,2886
1780,4235
1781,3829
1782,6215
1782,7096
1782,2339
1783,1589
1783,1201
1784,4981
1784,5939
1784,3807
1784,4240
1785,937
1785,2588
1786,2578
1797,486
1797,239
1800,5467
1802,5342
1802,3228
1803,4766
1803,2995
1803,1482
1803,7632
1803,1807
1807,4929
1813,6956
1813,7240
1814,3647
1814,6764
1816,907
1819,7496
1825,1435
1825,2052
1825,4496
1828,1041
1829,2174
1831,7095
1832,7425
1832,7598
1832,7657
1832,6332
1835,4684
1836,1073
1836,1300
1836,2102
1836,1795
1836,3220
1836,1188
1838,4907
1838,6873
1838,3782
1838,1806
1838,6450
1840,3586
1840,587
1843,2834
1844,5439
1844,760
1844,4484
1844,2616
1847,5831
1847,7033
1850,1033
1850,6174
1850,3050
1851,2822
1852,7534
1853,5111
1854,3050
1854,7623
1855,6815
1855,2706
1855,5578
1855,5529
1856,5969
1856,6705
1859,5831
1859,4716
1862,907
1864,5004
1865,5775
1868,6191
1868,6086
1868,6203
1868,6101
1868,5707
1869,3542
1869,4574
1873,7795
1873,1644
1875,6708
1877,69
1877,7538
1880,4705
1881,5939
1883,6178
1884,279
1885,4783
1887,2488
1887,5276
1889,758
1889,306
1891,1929
1891,907
1892,779
1892,183
1893,3453
1894,7615
1894,6632
1894,7624
1895,7786
1898,15
1898,764
1898,4514
1898,3540
1898,504
1899,1939
1899,6982
1899,5312
1899,5683
1899,121
1901,5083
1903,2140
1903,5610
1906,7217
1906,4842
1907,1139
1911,6062
1911,753
1911,3716
1911,732
1911,700
1915,1292
1917,640
1917,7504
1917,3285
1919,3870
1921,2233
1929,6666
1931,5686
1931,7203
1932,6986
1932,367
1933,3324
1935,2100
1935,6939
1935,7756
1935,5785
1937,3540
1942,7496
1944,2128
1944,3677
1958,6690
1959,7288
1961,7324
1961,6914
1962,260
1966,4074
1972,1002
1973,6473
1974,1457
1976,5390
1976,2456
1976,6572
1976,7537
1976,5031
1977,2744
1977,118
1977,6868
1977,7642
1977,7537
1977,7437
1982,5294
1982,7263
1982,6462
1982,6087
1984,2136
1986,7281
1987,5244
1987,7235
1988,1436
1988,6223
1988,41
1995,5077
1996,969
1997,813
1997,4012
2001,5392
2001,6293
2001,7228
2001,685
2001,449
2001,6709
2001,7582
2001,5338
2002,6621
2004,3004
2007,256
2009,7801
2009,627
2009,5422
2014,6109
2015,7180
2016,6724
2016,5469
2016,7082
2022,7521
2022,1839
2022,281
2026,4054
2030,7717
2031,1845
2032,2139
2034,7345
2036,1756
2038,4476
2038,971
2042,6467
2044,3570
2044,40
2044,1507
2045,5948
2048,7752
2051,5331
2052,1822
2053,2710
2054,5705
2055,5182
2057,5297
2057,7790
2057,3290
2057,4722
2057,3953
2057,6827
2058,5244
2058,7235
2062,6869
2062,505
2063,6317
2069,6370
2069,5525
2069,6109
2069,5334
2069,6834
2070,7767
2072,4370
2077,3855
2077,6517
2077,2898
2077,3978
2077,7540
2079,5744
2083,6334
2085,5687
2086,5883
2087,3696
2088,4370
2089,6832
2089,6939
2089,5827
2090,2686
2092,5934
2092,3525
2095,5068
2095,5706
2096,4371
2096,7602
2096,7344
2097,3312
2099,5244
2101,6646
2103,7710
2108,1716
2109,1583
2109,3048
2110,4981
2110,4240
2110,3807
2110,5939
2110,3453
2111,6174
2111,3050
2112,387
2112,1767
2113,1476
2113,6360
2113,2270
2113,7414
2113,5025
2113,5292
2118,4973
2120,5405
2120,1746
2120,7638
2120,4072
2120,7537
2121,3488
2122,2078
2122,6846
2122,1127
2124,428
2124,466
2124,7743
2125,570
2128,7379
2131,5607
2131,4392
2131,6383
2132,383
2133,1500
2133,2391
2136,4783
2136,2957
2136,7064
2136,6939
2136,5189
2137,6910
2137,6836
2137,6572
2137,6635
2137,5778
2137,5031
2139,3625
2142,2365
2143,1010
2143,2561
2146,2193
2146,6858
2146,5200
2147,372
2149,2555
2150,4150
2152,5996
2153,5916
2154,3654
2155,7415
2156,5186
2157,4792
2162,155
2162,1728
2162,761
2163,6190
2167,1508
2168,5331
2170,6250
2171,7755
2171,3742
2172,5036
2172,3377
2174,6644
2175,4840
2177,3525
2177,1060
2177,2392
2177,2098
2185,2091
2185,6664
2187,2669
2189,585
2189,2155
2189,1285
2192,238
2196,6049
2196,6360
2199,6245
2199,4369
2199,3630
2199,5077
2199,3500
2200,1898
2202,7790
2202,5297
2202,4722
2202,6827
2204,5708
2207,4969
2207,5422
2207,6939
2207,999
2209,7562
2209,1305
2214,5669
2214,7700
2214,6094
2218,6483
2218,6464
2219,7658
2220,5946
2221,3474
2221,985
2222,6442
2224,183
2226,1885
2226,4782
2228,3050
2228,7623
2229,5652
2232,27
2240,6985
2241,7546
2241,5029
2241,1474
2245,3769
2246,1542
2246,1471
2248,6373
2248,6066
2248,7478
2249,766
2249,4114
2250,4972
2251,4661
2253,4534
2253,4525
2253,3556
2256,3093
2257,2830
2257,5883
2257,6221
2257,3441
2258,833
2259,2307
2259,4843
2259,2090
2261,6836
2263,7410
2263,5987
2263,3937
2266,4264
2266,4552
2266,5495
2266,2051
2267,6201
2267,6326
2268,5613
2269,7447
2269,1127
2271,2315
2272,6485
2274,4615
2274,6153
2275,4621
2275,6205
2278,6705
2282,2456
2282,2187
2282,2616
2282,6255
2282,7304
2282,1586
2282,6836
2282,3937
2284,418
2284,4074
2287,962
2291,238
2292,121
2292,6982
2292,5947
2292,1767
2296,317
2299,3760
2299,3807
2299,676
2303,7007
2305,243
2310,5785
2312,640
2312,7195
2312,6103
2312,3712
2315,7633
2315,1760
2319,100
2321,5832
2321,1513
2322,3967
2322,7737
2324,4784
2324,5960
2327,7717
2327,1046
2329,1766
2329,3283
2331,1133
2333,31
2337,1329
2340,4185
2340,5574
2342,2961
2342,2945
2343,6543
2343,1490
2345,4864
2348,4877
2353,6772
2353,6982
2353,167
2356,7291
2359,7220
2359,6131
2359,4102
2364,4364
2365,7404
2366,163
2368,2741
2371,6334
2371,4102
2374,3859
2377,6507
2377,5916
2377,7289
2377,5988
2377,6593
2377,7700
2377,7537
2382,3967
2382,7737
2387,6701
2388,1685
2390,1764
2393,6630
2395,1432
2396,6621
2397,3647
2397,1268
2397,125
2398,5652
2399,5944
2399,7296
2399,4781
2400,7710
2403,3178
2403,6237
2403,7333
2407,4842
2412,4606
2412,6145
2412,4385
2412,7268
2415,4934
2415,6462
2415,7679
2415,6087
2415,7640
2415,7263
2420,585
2420,2155
2420,1285
2422,6122
2422,6986
2423,7496
2424,6705
2425,5760
2426,484
2426,1052
2426,1377
2429,44
2430,7160
2431,4967
2440,6644
2441,1679
2441,6673
2441,1869
2441,1274
2441,464
2441,704
2445,5970
2445,3307
2445,7529
2446,2436
2446,6887
2446,4087
2450,4806
2450,7755
2450,6148
2450,4686
2451,7365
2453,5723
2453,4792
2453,2593
2459,36
2460,2184
2464,7447
2464,961
2464,1127
2467,1572
2467,5036
2467,302
2468,2054
2468,1219
2468,5327
2469,1610
2470,5806
2470,2471
2471,3134
2472,4723
2472,3157
2473,820
2475,6394
2476,5950
2476,1794
2477,5962
2477,6148
2477,4610
2477,7755
2477,3270
2479,2081
2481,5182
2484,3384
2484,7491
2484,4717
2485,3895
2487,446
2494,977
2496,4364
2498,378
2502,7526
2502,6264
2503,4102
2503,6131
2503,7288
2504,628
2505,7466
2506,4864
2506,6018
2509,7228
2509,7680
2509,4124
2509,5232
2509,7315
2509,4532
2510,1548
2510,1040
2510,1277
2510,6975
2515,3390
2517,7735
2518,2225
2518,6187
2520,2094
2524,3271
2524,4782
2529,7220
2529,7520
2529,1746
2529,6939
2529,5844
2533,7086
2534,4489
2535,6191
2535,6086
2535,6203
2535,6101
2535,5702
2535,5707
2536,7673
2540,5372
2540,5784
2540,6033
2541,1015
2543,6429
2543,3932
2543,6156
2545,3007
2546,4479
2547,6540
2548,5487
2548,5503
2548,4205
2549,352
2549,475
2549,5453
2549,2748
2549,1303
2549,801
2549,2915
2552,1879
2554,2546
2554,6621
2559,6675
2559,7229
2560,7479
2560,1973
2565,5521
2566,5829
2566,3826
2570,7795
2572,2868
2573,1610
2573,306
2574,6373
2575,2271
2576,3234
2576,2846
2577,7332
2584,727
2585,390
2587,1746
2587,4348
2589,5287
2589,6873
2589,6450
2589,3782
2592,5170
2592,4533
2594,5960
2596,5716
2597,4279
2597,2009
2597,3134
2598,7236
2600,3122
2600,2216
2604,393
2604,5663
2604,6126
2605,87
2606,3280
2606,7685
2608,7419
2608,5744
2608,132
2608,4231
2609,4664
2611,2452
2612,5969
2612,5136
2612,2953
2613,3627
2615,6288
2615,7442
2615,6687
2615,7573
2615,5953
2617,2716
2618,1796
2618,1471
2622,1920
2628,6552
2628,7192
2628,7520
2628,4511
2628,6754
2628,7064
2628,6447
2630,4370
2630,1633
2631,1087
2632,3360
2632,769
2633,7152
2633,2392
2634,5832
2638,787
2638,6186
2638,7457
2638,812
2638,3216
2639,7754
2640,5947
2640,1767
2645,5901
2645,6992
2648,1424
2648,1572
2648,6153
2648,6939
2648,7644
2648,5029
2649,5005
2649,7795
2650,1071
2650,6401
2650,5409
2651,972
2652,1241
2657,4622
2659,1076
2660,4
2661,6354
2662,4205
2668,5686
2668,7268
2669,6965
2669,6632
2669,7244
2669,6325
2669,7064
2669,7642
2670,7314
2670,2297
2672,2725
2672,4180
2672,2541
2674,7467
2675,7743
2675,4729
2675,1731
2677,6704
2681,6765
2682,1376
2683,6278
2683,6931
2683,5422
2683,6886
2683,5338
2684,5827
2688,5309
2688,7245
2688,2059
2688,3086
2690,6037
2692,1327
2693,4105
2696,4364
2704,2646
2705,3949
2706,5002
2708,5803
2709,2240
2709,3809
2709,3228
2709,4519
2711,4578
2711,2591
2711,6044
2712,2091
2712,5108
2713,5977
2715,3056
2719,91
2721,397
2724,1609
2724,7804
2724,7533
2726,7174
2726,7808
2728,2097
2730,7776
2732,3786
2734,3238
2735,1974
2738,2722
2740,349
2740,5083
2740,574
2741,3029
2743,2532
2746,7521
2746,984
2747,4199
2748,936
2748,2494
2749,4996
2749,2548
2749,1343
2749,3269
2751,5861
2751,7671
2751,25
2752,1073
2752,829
2752,1300
2752,7690
2752,1795
2752,3220
2752,1188
2753,4748
2754,1705
2760,3533
2760,5162
2761,5948
2763,1424
2763,2513
2763,2271
2763,3299
2763,4794
2763,4746
2763,6334
2764,585
2764,2155
2764,1285
2769,3284
2770,752
2770,1169
2770,5831
2770,7424
2770,4295
2771,308
2774,4666
2776,4390
2776,3703
2780,4536
2780,1024
2780,7673
2781,7480
2781,3528
2781,7364
2783,4364
2784,711
2786,7791
2786,7484
2788,5910
2794,2247
2794,7536
2794,7228
2794,7388
2795,5750
2797,1427
2798,3516
2800,7192
2800,6552
2800,3571
2801,1817
2803,3830
2803,3924
2804,4782
2805,6378
2806,4370
2808,5613
2808,5963
2809,5969
2809,3124
2809,6705
2809,5136
2810,872
2810,3893
2810,331
2811,7447
2811,961
2811,1127
2814,1653
2815,5832
2815,6176
2817,6090
2819,7534
2821,1435
2821,2979
2821,4496
2824,5963
2825,7800
2826,5053
2826,669
2826,2807
2826,4235
2828,7504
2828,6738
2828,2064
2828,4794
2828,6334
2829,7419
2831,6283
2834,3279
2834,6742
2834,7568
2834,3786
2834,6954
2840,7790
2841,1510
2845,4335
2848,5478
2851,6651
2852,3269
2852,4898
2852,1343
2852,1217
2857,3202
2858,3563
2858,1383
2858,1468
2859,6982
2859,6150
2860,120
2861,141
2864,1024
2864,6067
2864,7673
2865,7457
2866,661
2867,5495
2871,7730
2873,6787
2877,5969
2877,1138
2877,5136
2877,2953
2878,1302
2878,2419
2883,5784
2883,7640
2884,6496
2884,2219
2885,2686
2885,6801
2887,3236
2887,5408
2889,1418
2892,479
2893,711
2894,1757
2895,2435
2895,7807
2896,1633
2898,3531
2898,7786
2899,2359
2899,3369
2899,1599
2903,6286
2904,2946
2905,1786
2906,1187
2909,1372
2909,1014
2911,7807
2914,5443
2914,154
2914,5299
2917,6939
2918,6496
2919,2906
2920,2295
2921,4264
2921,4552
2921,5495
2921,2051
2922,2889
2922,5573
2922,7064
2922,4860
2922,5236
2923,6055
2924,5735
2925,5831
2927,2206
2928,2728
2928,4899
2930,1330
2930,5393
2930,716
2930,5916
2930,2616
2930,4426
2930,2689
2930,5236
2931,7792
2931,3572
2931,1876
2932,3668
2934,7775
2934,4578
2938,5269
2938,2232
2939,4534
2939,4525
2939,3556
2940,6232
2941,3831
2951,5231
2952,1909
2954,4402
2957,961
2957,3247
2960,7526
2960,6264
2961,5213
2962,7489
2963,1938
2963,6671
2964,1796
2964,6793
2964,7731
2964,23
2964,1969
2965,5709
2965,6261
2965,1715
2966,6063
2966,5036
2966,6515
2966,2271
2966,1050
2966,3449
2966,4975
2966,3277
2967,5560
2968,236
2969,4091
2969,7195
2969,640
2969,7711
2970,1167
2973,6953
2980,537
2980,2701
2981,607
2981,3679
2983,1049
2983,7339
2983,6593
2983,1568
2984,1731
2985,7651
2985,330
2986,1136
2988,3902
2988,6738
2989,585
2989,2155
2989,1285
2991,5439
2991,760
2992,2371
2992,6832
2992,6944
2994,7734
2995,6673
2996,5296
2996,1852
2997,7758
2998,7195
2998,3321
2999,7558
3000,7667
3000,7342
3002,991
3002,2608
3004,7157
3004,5393
3004,7638
3004,7579
3005,5832
3005,1513
3006,7750
3006,2423
3006,7786
3007,3084
3009,6507
3009,7275
3009,3424
3009,1566
3009,4968
3009,7580
3009,3838
3013,6240
3013,5977
3013,6089
3013,7244
3013,7415
3013,5374
3013,6398
3014,4212
3015,6704
3019,3074
3019,3453
3021,1570
3023,6046
3023,7428
3023,5837
3026,2343
3031,6834
3031,6370
3032,932
3032,2822
3034,3873
3037,1074
3041,4928
3041,591
3043,5497
3047,4978
3048,5858
3057,7519
3057,7498
3057,6530
3058,2493
3058,1822
3061,7658
3061,767
3061,117
3061,6946
3062,7520
3062,5390
3062,3893
3062,6079
3063,5485
3063,3441
3063,7041
3067,198
3067,2260
3072,5314
3072,6848
3073,6510
3076,585
3078,4800
3078,6496
3079,3482
3080,6644
3081,6373
3082,6873
3082,697
3082,6450
3083,7697
3085,638
3093,7562
3094,5832
3094,1513
3095,3342
3095,2579
3096,1102
3097,4929
3097,6792
3097,2009
3097,3446
3097,5374
3097,1839
3098,1522
3098,1961
3098,2439
3098,3365
3099,6932
3099,1879
3099,916
3101,7499
3101,4714
3103,1110
3104,3408
3106,183
3107,4187
3107,1052
3108,4546
3111,3175
3114,3647
3114,6893
3116,5390
3116,6402
3116,5392
3116,7785
3116,2144
3116,5515
3116,7642
3116,1756
3121,60
3121,4083
3121,4545
3122,6335
3125,5336
3127,3491
3130,2078
3130,7447
3130,961
3130,1127
3131,826
3131,5827
3132,3470
3133,1407
3133,1024
3133,3020
3133,7673
3136,3890
3137,1618
3138,2242
3140,7604
3140,4245
3140,7419
3140,5231
3140,7487
3142,6648
3142,6283
3142,601
3146,1786
3148,1639
3148,983
3148,5082
3149,6899
3149,2886
3149,7624
3149,4266
3149,4185
3149,5139
3150,4532
3153,6258
3153,4180
3156,5901
3157,361
3157,4864
3159,1625
3159,1593
3164,2451
3166,5294
3166,4934
3166,3074
3166,6462
3166,6087
3166,7640
3166,7263
3169,5521
3172,7533
3172,7804
3172,768
3173,1085
3174,4406
3175,4892
3176,6104
3176,7056
3176,5713
3176,4193
3178,6297
3178,6850
3178,1600
3178,7554
3178,4569
3179,7241
3179,6517
3180,1505
3181,2686
3181,924
3181,1368
3182,3622
3182,5893
3186,6219
3186,2864
3186,5794
3188,932
3188,1833
3189,1138
3191,4260
3191,4842
3192,5899
3193,635
3194,127
3197,589
3199,5445
3200,5396
3200,6382
3200,6939
3200,5280
3200,5897
3200,6227
3203,7489
3204,7534
3205,110
3206,4169
3208,3050
3208,7623
3208,414
3209,1305
3211,6264
3211,7526
3212,743
3215,890
3215,3144
3218,430
3218,4959
3222,4853
3222,193
3226,6960
3230,2725
3230,7424
3230,6998
3233,4791
3233,1746
3235,3566
3235,3698
3236,7571
3236,5449
3236,7356
3238,6834
3240,7763
3241,3299
3241,7478
3244,7499
3244,4714
3250,2378
3251,2052
3251,6022
3252,5947
3253,1524
3254,2430
3254,6764
3256,2878
3256,4842
3256,1345
3256,2617
3256,1437
3256,4260
3256,416
3257,1765
3257,7379
3259,5639
3260,2043
3260,2785
3260,1526
3261,6705
3262,255
3262,7402
3262,6635
3262,7414
3262,5785
3262,7017
3264,6547
3264,5231
3264,516
3264,5281
3269,7388
3269,5237
3269,7185
3269,7520
3269,3865
3269,6392
3269,7437
3270,5339
3270,5392
3270,5214
3270,1746
3270,5785
3270,7318
3271,1201
3273,2052
3273,6793
3273,5135
3273,5236
3281,5083
3282,6150
3282,5453
3286,7447
3286,961
3286,1127
3287,5915
3288,3882
3289,3665
3289,5082
3292,7786
3293,7775
3293,4578
3294,2778
3296,3827
3297,1376
3299,1305
3304,2786
3305,1275
3305,5901
3305,3365
3305,5327
3306,2785
3307,3840
3307,1947
3307,6579
3307,5374
3312,2878
3312,83
3312,4688
3315,2089
3318,401
3318,5050
3318,5061
3321,4597
3321,6910
3321,6564
3321,599
3321,4796
3321,6339
3322,6579
3322,7520
3322,7192
3322,6754
3322,7064
3322,6832
3322,6447
3325,2215
3325,1027
3326,6240
3327,4941
3327,5922
3327,4469
3327,5944
3327,2864
3329,6899
3333,2287
3335,3126
3339,2359
3339,3369
3339,1599
3342,6215
3342,7096
3342,7278
3342,7648
3343,3905
3343,1418
3343,5992
3345,2489
3345,3175
3347,7015
3347,15
3348,2030
3351,2833
3351,6035
3351,1796
3351,7157
3351,1283
3352,6704
3352,6863
3352,1327
3355,3073
3357,1697
3358,5832
3358,1513
3360,6982
3360,798
3360,7316
3361,3862
3362,2889
3363,7271
3363,3525
3366,4597
3366,6398
3366,5625
3366,7301
3366,1024
3366,2977
3367,5453
3367,2748
3367,1303
3367,801
3367,6150
3367,2915
3367,1719
3368,5911
3368,6509
3368,6147
3368,7565
3368,7055
3368,5691
3372,256
3374,6191
3374,6086
3374,6203
3374,6101
3374,5702
3374,5704
3374,5707
3379,7583
3380,147
3380,7458
3381,3232
3381,5756
3381,6242
3381,5256
3381,7615
3381,4774
3381,7244
3381,6398
3382,7743
3384,4521
3384,5476
3384,7599
3384,7276
3389,7571
3389,327
3393,7785
3393,4509
3393,7414
3393,5897
3393,7268
3395,7662
3395,4055
3395,5261
3395,7457
3396,5762
3399,163
3401,7554
3401,6297
3401,6850
3403,2512
3403,3247
3408,7560
3411,3050
3411,6174
3411,7623
3415,523
3415,6985
3415,5691
3415,6646
3418,1466
3421,5305
3422,7448
3424,7709
3426,5918
3429,6433
3431,5784
3431,5372
3432,7301
3432,6986
3433,332
3434,4780
3434,2025
3435,2612
3436,5330
3436,7064
3436,4343
3439,1043
3440,4207
3440,6048
3440,3510
3441,3348
3441,2528
3441,6335
3441,3458
3442,86
3442,24
3444,534
3444,907
3447,2512
3449,464
3449,74
3449,75
3451,2008
3453,932
3456,3271
3456,3330
3458,6289
3459,6899
3459,7270
3459,5139
3459,5236
3459,7624
3459,5844
3459,7351
3459,1025
3460,7752
3461,3474
3461,1052
3461,985
3463,7207
3465,4234
3466,1010
3466,2561
3470,3049
3471,6291
3471,438
3471,1698
3471,1359
3471,6709
3471,7580
3471,7318
3474,6814
3474,2521
3477,4131
3479,7049
3480,4516
3491,6221
3492,3846
3492,2701
3492,883
3492,4073
3492,1103
3492,3690
3495,5778
3495,4686
3497,3920
3501,1898
3502,2359
3502,3369
3502,5596
3504,2512
3506,6517
3508,1757
3511,3449
3512,6277
3512,3707
3512,3596
3513,1522
3513,5901
3513,3365
3513,5327
3517,5409
3519,3999
3519,4467
3519,4182
3519,2683
3519,7262
3524,214
3525,592
3525,6048
3525,274
3527,4260
3527,4842
3529,4480
3533,7571
3533,3216
3533,6255
3534,3843
3535,2321
3537,7284
3537,6126
3540,7644
3540,2889
3543,2443
3546,453
3546,2740
3546,4234
3546,284
3547,3954
3548,7489
3549,7795
3550,2348
3552,3566
3552,3698
3552,2942
3552,1916
3553,6065
3553,4828
3554,5943
3555,2813
3556,1527
3558,7411
3559,1496
3559,942
3559,4385
3559,5409
3560,3671
3560,6340
3560,607
3560,800
3573,5445
3573,4361
3573,3230
3573,2824
3574,4753
3574,4232
3574,3804
3575,4163
3580,5444
3584,5899
3585,5320
3586,5412
3587,1452
3588,1544
3592,585
3592,17
3594,2226
3595,5960
3595,481
3596,6241
3597,658
3598,3413
3598,5559
3598,4761
3599,4131
3605,7070
3605,7457
3605,5261
3609,6399
3609,6840
3609,5176
3609,2722
3613,7358
3614,3133
3614,5717
3617,7203
3618,826
3618,765
3619,3325
3619,3964
3619,2854
3622,230
3622,318
3624,4260
3624,5948
3624,4842
3626,4659
3626,5263
3626,5114
3626,6647
3628,256
3629,1466
3635,7562
3637,4603
3645,5948
3645,6787
3648,5731
3648,4196
3648,2697
3649,281
3649,7785
3649,4941
3649,3341
3649,1
3653,3582
3655,5909
3655,5662
3655,4793
3655,4349
3656,6984
3656,1831
3657,5712
3661,3864
3661,5006
3661,4704
3669,3801
3670,7443
3671,1244
3674,569
3674,5286
3675,3784
3675,4462
3678,6399
3678,7095
3678,5497
3678,6148
3678,3154
3678,7755
3678,6219
3679,7533
3679,7804
3679,7240
3681,4105
3682,7284
3682,193
3683,7284
3683,5693
3684,3551
3686,7795
3687,3326
3687,734
3688,4955
3688,6166
3688,6500
3688,1853
3689,7521
3689,953
3689,7624
3689,2886
3691,2785
3693,5515
3694,7802
3696,4392
3697,6482
3698,1659
3698,5901
3698,5327
3699,3774
3699,3761
3701,7700
3701,4872
3701,6094
3701,6484
3702,7359
3704,4199
3704,2344
3704,7793
3704,1110
3704,3053
3704,5139
3706,7717
3706,4472
3707,7152
3708,3152
3709,7049
3709,5737
3709,1720
3711,6981
3716,231
3721,7297
3721,7314
3723,6936
3725,7580
3725,7225
3725,1327
3726,6150
3726,4692
3726,2855
3726,5453
3730,7790
3730,88
3730,680
3732,5789
3732,65
3733,418
3733,1388
3738,3641
3741,6419
3742,253
3743,303
3745,484
3745,1377
3746,7800
3749,6398
3750,5669
3750,7071
3750,4911
3751,3476
3753,4731
3753,4500
3754,2898
3755,2452
3756,6934
3757,190
3757,3381
3760,7644
3761,5896
3761,7180
3761,7650
3763,5474
3763,2106
3763,5270
3764,124
3764,7671
3764,25
3770,5166
3772,6051
3775,2725
3775,7424
3775,5362
3777,5428
3777,4782
3778,5036
3779,3144
3779,2428
3785,4627
3786,5359
3786,7526
3786,6264
3786,5328
3786,7166
3788,5409
3798,3223
3799,5409
3799,7301
3799,4385
3799,4794
3799,1496
3799,6447
3801,5051
3803,7710
3806,6373
3808,2916
3810,7447
3810,961
3810,1127
3811,5970
3812,6241
3812,4575
3813,7049
3813,5300
3813,5737
3813,1720
3814,4379
3814,4802
3814,6516
3814,6827
3815,2512
3816,3223
3817,3039
3818,7226
3819,1633
3820,6166
3820,5687
3821,1435
3821,2979
3821,6244
3821,4496
3822,2512
3822,5331
3822,7757
3823,4797
3824,6464
3824,2661
3824,2891
3824,4503
3824,6483
3824,3735
3824,4583
3825,3223
3825,5772
3826,2623
3828,793
3828,4392
3828,7415
3829,3664
3829,6885
3830,4516
3831,3073
3831,5610
3834,3436
3834,792
3835,2343
3837,516
3839,7180
3839,7650
3839,7780
3840,1788
3840,7252
3842,6741
3847,3491
3849,5483
3851,5785
3853,5899
3854,7397
3855,44
3856,1056
3857,1330
3857,6964
3857,1374
3857,5390
3857,6593
3857,6339
3857,5236
3857,1674
3858,5294
3858,4934
3858,3074
3858,6462
3858,6087
3858,7640
3858,7263
3859,2418
3861,3810
3862,7807
3863,7545
3863,7681
3867,6484
3869,7752
3871,7554
3871,6850
3872,1462
3877,4840
3878,3073
3878,1259
3878,1201
3879,2686
3879,6801
3881,6240
3881,6679
3881,5061
3881,3092
3881,3158
3881,3111
3881,4699
3884,1314
3885,5960
3885,5041
3888,5960
3888,1650
3889,6966
3889,5422
3889,1756
3889,3272
3889,6887
3890,3037
3893,693
3893,3106
3893,2264
3893,2266
3895,5294
3895,4934
3895,3074
3895,6462
3895,629
3895,6087
3895,7640
3895,7263
3897,7180
3897,7650
3897,7780
3899,516
3899,5806
3900,6002
3901,700
3902,5270
3902,1786
3902,2106
3902,5474
3902,2167
3904,6093
3905,6982
3908,4518
3908,1078
3910,6904
3911,7332
3912,3643
3915,6932
3915,6530
3915,7519
3919,7049
3919,5737
3919,1720
3920,7780
3922,3840
3922,1868
3924,267
3924,3317
3924,4851
3926,2826
3926,4314
3926,6628
3926,2559
3926,6697
3926,3973
3931,4176
3931,7360
3932,7220
3937,5515
3938,6018
3938,6675
3939,7504
3939,6244
3939,4746
3939,7318
3939,1634
3940,6454
3940,5591
3940,4866
3941,999
3945,3223
3945,249
3946,5231
3946,7604
3947,2618
3947,4940
3947,2523
3951,6784
3951,7793
3951,2344
3951,6836
3953,6826
3953,7217
3955,167
3955,6772
3955,84
3957,4702
3958,338
3959,2512
3961,3478
3962,7358
3963,6289
3963,6771
3965,6705
3968,7534
3968,5414
3968,7640
3969,6174
3969,3050
3971,7788
3972,3399
3973,6750
3973,7786
3974,3589
3975,5431
3975,4804
3975,856
3976,7697
3976,7447
3976,961
3976,1127
3977,1163
3977,7049
3977,5737
3977,1720
3978,4074
3980,2682
3980,4033
3980,5717
3984,6150
3984,2915
3984,4396
3984,5453
3985,285
3987,2703
3988,5832
3988,1513
3989,3413
3989,5559
3989,887
3990,43
3991,6472
3995,6241
3995,3075
3995,4902
3998,5249
3998,5405
3998,2567
3998,5516
3998,267
3998,7071
3998,7437
3999,6166
3999,6500
3999,1853
4002,593
4004,4792
4004,3277
4006,7333
4007,2167
4008,7281
4008,7445
4008,7204
4008,6258
4009,1909
4009,5271
4009,129
4009,7651
4009,2872
4011,2512
4013,5947
4013,7123
4013,5241
4014,6373
4019,3941
4019,6241
4019,4902
4026,6739
4026,5336
4026,4967
4027,2739
4027,2486
4028,6527
4029,6438
4030,7667
4030,1401
4033,7558
4033,183
4034,6240
4034,3158
4034,6679
4034,5061
4036,7220
4036,4004
4036,7179
4037,6304
4037,6472
4039,3541
4040,3220
4040,1300
4040,1188
4040,1795
4041,1811
4048,4865
4048,3967
4048,7737
4049,7511
4049,7288
4049,6158
4052,5532
4053,6241
4054,4981
4054,4240
4054,1206
4054,3807
4054,5939
4054,3453
4057,5127
4057,7695
4058,1530
4058,7049
4058,5737
4058,1720
4059,5883
4061,3865
4061,5214
4065,5166
4066,6547
4066,1839
4066,7651
4066,5271
4068,3904
4068,1060
4068,2009
4069,3222
4071,7554
4071,2819
4071,6472
4071,6850
4072,5611
4072,1559
4074,7263
4074,6462
4074,7640
4076,7500
4078,6395
4082,4692
4082,5869
4082,2855
4083,3144
4085,2359
4085,4421
4086,2744
4086,7415
4086,7071
4086,6605
4086,7437
4087,3004
4093,6291
4093,7228
4093,5097
4093,7402
4093,3912
4093,6764
4093,4392
4094,7379
4095,1330
4095,5516
4095,6593
4095,6333
4095,6175
4096,5474
4096,5270
4097,7504
4098,1610
4098,306
4099,2683
4102,6540
4103,7802
4108,5958
4109,3754
4109,1088
4109,4234
4115,5947
4115,1767
4116,879
4117,2578
4118,1138
4119,5695
4119,2452
4121,3986
4121,1019
4122,4494
4123,5627
4124,7580
4124,7268
4124,767
4124,5348
4125,5339
4125,6650
4125,5516
4125,5249
4126,3223
4130,4248
4130,3394
4130,4206
4132,7802
4132,7619
4132,3527
4135,3370
4135,3713
4135,6873
4135,3782
4135,6450
4137,3498
4137,6496
4137,7711
4140,2803
4141,3336
4141,5189
4143,677
4143,218
4143,3396
4144,479
4146,277
4146,3782
4146,6873
4146,4907
4146,6450
4147,5083
4150,7791
4150,2209
4154,7699
4154,7571
4154,7268
4155,2149
4155,2230
4158,6304
4158,6472
4162,7047
4163,7167
4164,1135
4165,6906
4165,6792
4165,7510
4165,7680
4165,7564
4165,5019
4165,979
4165,7582
4166,4912
4167,2307
4167,4843
4167,1633
4167,2090
4168,7767
4169,7716
4171,1049
4171,5422
4171,3980
4171,7801
4172,3563
4172,1468
4173,5852
4173,6594
4176,3563
4176,7049
4176,5737
4177,44
4177,5784
4177,5372
4178,1071
4178,726
4179,5732
4179,7599
4179,7276
4179,5177
4182,2359
4182,4421
4184,6258
4184,5289
4184,7721
4184,1516
4185,1523
4185,7186
4186,6373
4186,7417
4187,3347
4187,1256
4187,1536
4187,6370
4190,5022
4190,3702
4191,6535
4193,1810
4194,253
4194,25
4196,4981
4196,4240
4196,1206
4196,3807
4196,5939
4196,3453
4201,256
4202,3171
4202,4242
4202,511
4208,6789
4208,5641
4208,6532
4208,1542
4208,7651
4209,3195
4211,7775
4211,2591
4211,4060
4211,6044
4214,7650
4214,7780
4218,6934
4218,7387
4222,4597
4222,5036
4222,7734
4222,2271
4222,6581
4222,3215
4222,3449
4227,6215
4227,7096
4227,3954
4227,2339
4228,1201
4229,6346
4229,7147
4230,2307
4230,1633
4230,4843
4231,2874
4235,7210
4235,6831
4235,7368
4236,4761
4236,628
4236,4940
4236,7458
4236,2618
4236,2523
4237,6865
4239,629
4242,964
4245,27
4245,7690
4246,332
4246,1581
4249,1138
4249,4688
4250,1122
4250,1594
4250,2135
4251,146
4252,6046
4252,3967
4252,7737
4252,5837
4253,7542
4253,873
4253,3328
4254,7543
4254,1684
4254,2319
4254,5362
4254,2725
4254,7424
4255,7580
4255,4381
4255,1327
4257,3326
4257,2260
4257,734
4259,5097
4260,622
4261,6788
4261,4894
4261,5880
4261,7471
4261,6046
4261,6951
4264,5869
4264,131
4264,6076
4264,2855
4264,4692
4264,6540
4265,4843
4268,7284
4270,871
4270,1256
4271,7655
4273,7417
4274,6910
4274,5627
4274,7204
4274,5336
4274,4087
4276,6360
4277,4981
4277,7358
4281,7542
4281,3328
4281,1659
4282,7710
4283,6304
4283,2819
4283,6472
4285,4483
4288,1556
4289,3342
4289,2579
4290,6454
4292,7054
4292,7221
4292,7703
4292,468
4296,5798
4296,7428
4303,5493
4305,6705
4311,556
4311,355
4312,716
4314,6403
4314,5092
4316,6793
4316,505
4316,5236
4316,5336
4318,2698
4318,7123
4318,5772
4318,6545
4318,5241
4319,3768
4319,1705
4320,3056
4324,7220
4324,6899
4324,1043
4326,3491
4327,2725
4327,1598
4329,1201
4332,989
4333,4657
4336,6805
4337,3491
4338,1692
4339,4299
4339,4300
4339,7205
4339,4999
4345,5839
4347,5444
4349,2447
4351,90
4351,6811
4352,7333
4354,4761
4354,628
4354,4940
4354,7458
4354,2618
4354,2523
4355,7542
4356,4494
4356,5625
4356,5374
4356,7301
4356,1104
4356,7582
4356,2977
4357,6858
4358,6879
4358,7752
4359,215
4361,4179
4362,807
4364,7598
4364,7657
4365,690
4365,1466
4365,4193
4366,7788
4366,3508
4366,1527
4368,494
4371,1485
4371,3803
4371,5863
4373,6667
4373,4299
4373,7070
4373,4018
4373,6945
4373,7642
4373,7017
4373,2593
4381,3904
4381,6166
4381,7386
4382,1651
4383,393
4383,6944
4383,7268
4384,4597
4384,517
4384,3520
4384,2794
4384,5882
4384,4347
4384,4806
4386,7179
4386,7270
4387,3912
4389,1441
4390,6200
4392,1482
4393,2496
4393,7480
4393,7192
4393,7520
4393,7415
4393,6650
4393,7434
4394,154
4394,5299
4394,3802
4395,5352
4395,6291
4395,6579
4395,255
4396,5775
4396,3904
4396,5934
4397,3526
4397,5152
4399,6884
4399,7378
4400,744
4403,6603
4403,6705
4404,7661
4404,7350
4405,7046
4405,414
4409,1077
4411,2971
4411,4120
4413,3198
4413,6985
4413,7743
4414,6193
4415,7785
4415,7116
4415,4318
4415,7297
4415,23
4415,2969
4416,5869
4416,131
4416,6076
4416,2855
4416,4692
4416,6540
4417,5652
4418,4928
4418,7050
4419,6345
4419,5593
4419,5013
4419,5221
4419,6169
4419,6446
4419,7213
4420,7296
4420,7386
4421,7506
4422,3941
4422,6241
4422,4902
4425,6964
4425,3611
4425,6693
4427,332
4428,5945
4428,32
4428,1754
4430,5089
4430,7598
4430,6332
4430,7425
4430,7657
4432,7615
4432,6514
4435,1460
4436,720
4436,7358
4436,6930
4438,690
4438,1466
4440,3920
4443,7491
4443,4717
4444,5234
4444,5313
4444,3833
4447,2168
4449,332
4450,5365
4450,6934
4450,7387
4454,1351
4455,7545
4455,6025
4455,5158
4455,7737
4455,5940
4460,3050
4460,7807
4460,7623
4464,4939
4464,7543
4464,2626
4465,3698
4465,3566
4465,2942
4465,1916
4465,1668
4466,453
4468,7542
4468,3328
4468,1659
4469,7081
4469,2922
4476,2849
4477,5167
4479,883
4479,3846
4479,3690
4479,4073
4482,6934
4482,7387
4483,6876
4486,6190
4487,793
4487,1306
4487,5140
4489,6787
4492,7752
4493,1169
4493,4295
4499,6233
4499,1474
4499,3865
4499,6593
4499,1189
4501,5466
4503,7730
4503,1322
4503,4738
4504,1285
4504,2155
4505,2716
4508,1583
4508,7793
4508,1110
4509,3144
4511,1186
4511,4362
4513,4558
4514,5947
4514,2307
4514,4843
4515,6373
4515,3409
4519,253
4520,1138
4520,4688
4521,6528
4521,2288
4521,7476
4522,1014
4524,2073
4525,5114
4525,3129
4527,4659
4527,5263
4527,5114
4527,6647
4528,6437
4528,6884
4528,6656
4528,5835
4529,1522
4529,2003
4529,1350
4529,5327
4529,2439
4529,5901
4529,3365
4530,6153
4530,1684
4530,2436
4535,6964
4535,6906
4535,6738
4535,7680
4535,6605
4535,6608
4535,7592
4537,5781
4539,6609
4540,4864
4542,4467
4542,4182
4542,7262
4542,3999
4543,4131
4544,352
4544,3954
4545,3172
4549,1796
4549,6398
4550,5229
4551,6166
4551,4537
4551,6500
4552,1077
4553,4706
4553,3580
4553,3862
4554,2878
4554,83
4558,5899
4558,7562
4558,1305
4560,6154
4563,6868
4563,6594
4565,7220
4565,7270
4565,6869
4565,7205
4565,6219
4565,4087
4567,7807
4570,6701
4570,5361
4572,1071
4572,2616
4572,5409
4572,7480
4572,2344
4572,6447
4573,2695
4575,3527
4577,1576
4577,5821
4577,2034
4577,949
4581,6527
4581,6888
4581,6521
4582,2350
4583,7703
4583,3144
4586,6304
4586,6472
4587,5342
4587,6608
4587,3273
4588,1050
4588,2271
4588,375
4591,6858
4592,7519
4592,6530
4592,5824
4593,7236
4594,4521
4594,7599
4594,7276
4594,5177
4595,952
4596,226
4596,6154
4597,1154
4597,3508
4598,6899
4598,6964
4598,7301
4598,6532
4598,4185
4598,2344
4599,793
4599,7673
4600,7542
4600,3328
4602,263
4602,6787
4603,6241
4606,7802
4608,7748
4608,6404
4608,6500
4608,203
4609,6966
4609,6066
4609,999
4609,6739
4609,1049
4610,3799
4610,2922
4611,5901
4611,3365
4611,5327
4612,5431
4612,5135
4612,4804
4613,6630
4613,5333
4613,5493
4613,6876
4614,7700
4614,6482
4614,6911
4616,4206
4617,5669
4617,7604
4620,219
4620,455
4622,7097
4622,5060
4623,7049
4623,5737
4623,1720
4625,1398
4629,2973
4630,5487
4630,7690
4630,27
4631,7302
4634,551
4635,3360
4635,769
4636,5445
4636,4361
4636,395
4636,838
4636,865
4636,427
4636,2824
4637,1071
4637,6899
4637,6964
4637,6792
4637,6145
4637,6479
4637,7301
4637,6398
4641,7270
4643,1978
4644,7209
4644,638
4645,7791
4645,5407
4645,1012
4645,7484
4645,1671
4646,7542
4646,3328
4646,1659
4648,4045
4648,7592
4649,7633
4650,2076
4651,5217
4656,6064
4656,6291
4656,6679
4656,5922
4656,6477
4656,5897
4656,6125
4656,6447
4657,7800
4658,6603
4659,4918
4660,480
4661,4183
4662,5671
4662,6656
4662,5835
4662,4603
4663,3840
4663,6579
4663,7748
4663,372
4663,3446
4663,66
4663,4973
4663,3501
4665,6868
4665,3904
4665,2009
4665,6944
4666,6399
4666,6148
4666,4672
4666,7755
4666,6219
4667,1809
4667,5231
4667,6841
4667,5170
4669,5333
4673,5365
4673,6934
4673,7387
4675,4761
4675,628
4675,4940
4675,7458
4675,6076
4675,2618
4675,2523
4675,4131
4678,253
4678,1534
4679,2789
4682,690
4682,1466
4683,2657
4683,1432
4686,6876
4686,7258
4688,1847
4688,475
4688,5453
4688,2748
4688,1303
4688,801
4688,6150
4688,2915
4690,3662
4691,2498
4691,5002
4692,6286
4693,3073
4694,5899
4694,7562
4694,1305
4695,1132
4695,6037
4696,6431
4699,7296
4700,5546
4700,5357
4700,5611
4700,6176
4702,6579
4702,6650
4702,6944
4702,7564
4703,6860
4704,27
4704,3073
4705,6233
4705,7777
4705,7721
4705,4999
4705,4791
4705,7070
4705,6605
4705,7437
4706,1495
4706,5112
4706,7767
4707,7757
4708,3974
4709,4401
4709,2307
4709,1633
4709,4843
4710,3326
4710,5652
4710,734
4712,4045
4712,6404
4712,6608
4712,5641
4712,4385
4712,7417
4712,5330
4712,7651
4715,4621
4718,4432
4718,2686
4719,6630
4719,5333
4719,5493
4719,6876
4720,4874
4720,6944
4720,7756
4721,6304
4721,2819
4721,6472
4725,4871
4725,5344
4725,4548
4725,7467
4725,2956
4726,5318
4728,1361
4728,6282
4728,7565
4729,1902
4729,7386
4729,2136
4733,3144
4735,1522
4735,2003
4735,5327
4735,2439
4735,5901
4735,3365
4736,7496
4736,7048
4736,1481
4736,2577
4740,4420
4742,7258
4743,5261
4743,5806
4743,3011
4744,4969
4744,5883
4744,6350
4745,6934
4745,7387
4746,3888
4747,3994
4747,6632
4747,5778
4747,6479
4747,5521
4747,7071
4750,4761
4750,628
4750,4940
4750,7458
4750,2618
4750,2523
4751,2039
4751,2977
4751,3810
4751,5271
4754,6191
4754,6086
4754,6203
4754,6101
4754,5702
4754,5704
4754,5707
4756,7800
4757,1371
4758,2201
4762,6297
4762,6850
4762,1600
4762,7554
4762,7048
4762,1481
4762,4569
4763,7580
4763,5987
4763,2540
4763,1327
4765,5669
4765,5883
4765,7736
4765,5577
4767,7542
4767,873
4767,3328
4767,1135
4767,1659
4768,6240
4768,793
4768,5061
4768,3158
4768,459
4768,4699
4769,5182
4769,3048
4770,3472
4772,4364
4773,727
4775,163
4776,350
4776,7204
4776,6166
4776,6219
4776,6500
4778,2905
4778,7521
4778,7356
4778,2517
4780,5869
4780,6076
4780,2855
4780,4692
4780,6540
4782,4110
4782,7157
4782,1988
4782,2436
4783,5339
4783,6906
4783,6910
4783,4935
4783,3005
4783,6479
4783,3009
4786,7748
4786,5214
4788,4874
4788,3010
4791,4203
4793,5932
4794,1517
4796,4117
4798,3907
4799,764
4799,4514
4800,332
4801,6437
4801,6884
4801,7050
4802,7210
4802,6831
4802,7368
4806,5387
4806,1988
4806,4245
4806,1855
4806,4110
4806,681
4806,7487
4806,7490
4807,7424
4807,7731
4807,5831
4807,4295
4808,7469
4808,2289
4808,3378
4809,5669
4809,6419
4809,6094
4809,7700
4809,2247
4810,7176
4810,3247
4811,418
4811,1388
4811,356
4814,1330
4814,1071
4814,5409
4814,2689
4814,4235
4817,4364
4818,7745
4818,2349
4818,6933
4818,4295
4819,7792
4820,7458
4820,3879
4823,3794
4825,2916
4825,7534
4825,3955
4826,3378
4826,6564
4826,5214
4826,6153
4826,6768
4826,6887
4827,5036
4827,5449
4827,6515
4827,6581
4827,7356
4827,1359
4827,7642
4827,7318
4830,7568
4830,6954
4830,6742
4833,5067
4836,7434
4836,5863
4838,551
4840,380
4841,5068
4841,6787
4842,6703
4842,2452
4844,6451
4844,7619
4844,7802
4844,4226
4844,6715
4847,5573
4847,6166
4847,7417
4848,4257
4848,3262
4849,7661
4849,7350
4854,2849
4857,4753
4857,7781
4858,3270
4858,3407
4859,4103
4859,7757
4860,6988
4861,3304
4861,2692
4862,1071
4862,793
4862,5261
4862,5409
4862,4392
4863,5299
4864,584
4864,2452
4864,2410
4864,641
4864,2024
4866,3532
4869,4362
4871,4692
4871,5869
4871,6540
4871,6076
4873,7095
4873,7731
4873,3922
4874,7404
4876,4407
4878,7179
4878,7351
4879,6911
4879,1902
4879,4939
4879,726
4879,7311
4880,640
4880,6496
4880,3378
4880,1463
4881,4025
4882,2307
4882,4105
4882,219
4882,4843
4882,1633
4883,346
4883,6265
4883,1272
4885,5112
4885,7767
4886,7745
4890,1010
4890,7135
4890,2605
4890,2561
4892,1071
4892,2977
4892,7301
4892,4385
4892,7658
4893,5354
4893,6902
4896,1049
4896,787
4896,999
4898,6031
4899,2496
4899,1049
4899,7801
4899,5422
4899,7200
4899,3980
4902,5365
4902,6934
4902,7387
4903,1315
4905,5947
4905,7258
4906,727
4906,5593
4907,3542
4907,166
4909,7780
4914,2496
4914,4441
4914,7225
4914,5352
4914,1821
4914,7580
4914,1327
4918,6265
4919,7582
4919,6965
4919,7564
4920,3370
4920,3782
4920,3713
4920,6873
4920,4907
4920,6450
4922,790
4922,4295
4923,7703
4923,5083
4928,6148
4928,3148
4928,4672
4928,3154
4928,7755
4928,6219
4928,1547
4929,6341
4930,2516
4931,7748
4931,7402
4932,5034
4932,6064
4932,7672
4932,7510
4932,6868
4932,6579
4932,6944
4933,7047
4933,7097
4935,1033
4935,1671
4935,5079
4935,3019
4935,2690
4936,961
4936,3247
4937,1761
4938,2028
4939,2537
4939,6517
4939,347
4942,7097
4943,2578
4944,6630
4944,5333
4944,5493
4944,6876
4945,7661
4945,7350
4946,1902
4946,7311
4946,1836
4946,7762
4948,6402
4948,2362
4948,7225
4949,958
4949,5561
4949,879
4952,7762
4952,2922
4953,6630
4953,6876
4957,118
4957,6965
4957,7564
4958,1052
4959,231
4962,3963
4962,7397
4962,6195
4962,2813
4964,6415
4965,4534
4965,3556
4965,4824
4965,4525
4965,601
4965,463
4966,5294
4966,4934
4966,3074
4966,6462
4966,629
4966,6087
4966,7640
4966,7263
4967,7529
4967,7726
4968,3282
4968,7402
4968,2578
4972,746
4978,4537
4978,3419
4978,1853
4978,4626
4978,6166
4978,4189
4978,6500
4979,7800
4979,6371
4981,4516
4983,3285
4983,640
4983,5325
4983,7762
4983,1142
4983,2542
4984,7651
4984,5271
4985,5464
4985,7031
4986,3073
4986,1201
4987,886
4987,5450
4988,3413
4988,4761
4988,4940
4988,5559
4988,7458
4989,6471
4990,7233
4990,6431
4990,7167
4991,7095
4991,528
4991,7304
4992,4761
4992,628
4992,4940
4992,7458
4992,2618
4992,2523
4994,6701
4995,7095
4995,6401
4995,4935
4995,6479
4995,1834
4996,5111
4996,2588
4997,1902
4997,7311
4997,3338
4998,4153
4998,4626
4999,44
5000,2813
5001,6289
5001,287
5001,2806
5001,6771
5001,272
5002,6841
5002,6347
5002,4874
5005,1731
5006,5191
5006,6404
5006,7417
5008,7097
5012,6651
5012,6262
5012,5381
5012,3614
5013,206
5013,6982
5013,3262
5013,2966
5013,167
5016,5684
5016,2019
5016,6223
5016,7404
5017,7780
5017,4207
5017,763
5017,6048
5017,7650
5020,4045
5020,7604
5020,2616
5020,7521
5020,5231
5020,4235
5023,2970
5024,6334
5024,4792
5024,5348
5027,6841
5027,7667
5027,6906
5027,6856
5027,7342
5027,7762
5028,5258
5028,7048
5029,2136
5029,7793
5029,1792
5029,7304
5029,942
5029,5139
5031,5191
5033,3352
5034,7097
5035,5682
5037,6605
5039,316
5040,4550
5041,278
5041,1899
5043,5903
5044,4300
5044,5342
5044,7228
5044,1905
5044,6605
5044,5281
5044,2247
5044,3649
5045,7674
5046,2716
5048,3378
5048,1818
5048,3148
5048,7748
5048,7521
5048,2689
5048,5029
5050,7715
5050,7692
5051,4874
5051,640
5051,5577
5051,1401
5051,2436
5052,2701
5053,7584
5053,3340
5053,6763
5054,2496
5054,3370
5054,6477
5054,6873
5054,6450
5056,7355
5056,5083
5056,574
5056,4857
5058,6304
5058,2819
5058,6472
5059,1157
5059,7236
5061,6540
5061,7355
5063,6982
5063,7355
5065,5365
5065,6934
5065,7387
5066,7355
5068,6972
5068,7185
5068,1049
5068,2197
5068,7762
5069,7355
5071,7542
5071,6540
5071,6076
5071,7258
5075,7715
5075,7692
5075,7190
5078,6576
5078,5573
5078,7417
5078,7152
5078,5794
5079,6215
5079,7096
5079,5069
5082,7258
5083,850
5086,6630
5086,5333
5086,5493
5086,6876
5090,2328
5090,7469
5090,7414
5090,7356
5090,1839
5090,1
5091,7558
5092,6062
5093,7258
5095,5348
5095,6360
5095,5162
5095,1390
5095,7351
5095,5988
5096,7258
5097,1068
5099,7764
5100,6824
5101,4045
5101,7510
5101,5573
5101,5516
5101,2371
5101,7071
5101,3980
5102,7687
5102,7776
5102,7764
5103,7014
5104,7776
5104,3527
5104,7687
5104,7355
5104,7764
5105,1778
5106,6667
5106,7786
5106,5261
5106,5723
5106,1359
5106,7070
5106,4392
5106,2593
5107,1153
5107,793
5107,7510
5107,7680
5107,7244
5107,7356
5107,7070
5107,7582
5108,7764
5108,7776
5108,253
5109,1529
5109,5348
5110,7599
5110,7276
5110,7355
5110,5177
5110,4521
5111,3195
5113,6964
5113,4312
5113,3378
5113,7185
5113,7680
5113,6419
5113,6079
5113,936
5114,7355
5114,7795
5115,6945
5116,5899
5117,2578
